-- phpMyAdmin SQL Dump
-- version 4.9.1
-- https://www.phpmyadmin.net/
--
-- Host: 127.0.0.1
-- Tempo de geração: 02-Fev-2023 às 15:36
-- Versão do servidor: 10.4.8-MariaDB
-- versão do PHP: 7.3.11

SET SQL_MODE = "NO_AUTO_VALUE_ON_ZERO";
SET AUTOCOMMIT = 0;
START TRANSACTION;
SET time_zone = "+00:00";


/*!40101 SET @OLD_CHARACTER_SET_CLIENT=@@CHARACTER_SET_CLIENT */;
/*!40101 SET @OLD_CHARACTER_SET_RESULTS=@@CHARACTER_SET_RESULTS */;
/*!40101 SET @OLD_COLLATION_CONNECTION=@@COLLATION_CONNECTION */;
/*!40101 SET NAMES utf8mb4 */;

--
-- Banco de dados: `bd_nba`
--

-- --------------------------------------------------------

--
-- Estrutura da tabela `games`
--

CREATE TABLE `games` (
  `game_id` int(11) NOT NULL,
  `game_date_est` date DEFAULT NULL,
  `game_status_text` varchar(5) DEFAULT NULL,
  `home_team_id` int(11) DEFAULT NULL,
  `visitor_team_id` int(11) DEFAULT NULL,
  `season` int(11) DEFAULT NULL,
  `pts_home` int(11) DEFAULT NULL,
  `fg_pct_home` decimal(11,0) DEFAULT NULL,
  `ft_pct_home` decimal(11,0) DEFAULT NULL,
  `fg3_pct_home` decimal(11,0) DEFAULT NULL,
  `ast_home` int(11) DEFAULT NULL,
  `reb_home` int(11) DEFAULT NULL,
  `pts_away` int(11) DEFAULT NULL,
  `fg_pct_away` decimal(11,0) DEFAULT NULL,
  `ft_pct_away` decimal(11,0) DEFAULT NULL,
  `fg3_pct_away` decimal(11,0) DEFAULT NULL,
  `ast_away` int(11) DEFAULT NULL,
  `reb_away` int(11) DEFAULT NULL,
  `home_team_wins` int(11) DEFAULT NULL
) ENGINE=InnoDB DEFAULT CHARSET=utf8mb4;

--
-- Extraindo dados da tabela `games`
--

INSERT INTO `games` (`game_id`, `game_date_est`, `game_status_text`, `home_team_id`, `visitor_team_id`, `season`, `pts_home`, `fg_pct_home`, `ft_pct_home`, `fg3_pct_home`, `ast_home`, `reb_home`, `pts_away`, `fg_pct_away`, `ft_pct_away`, `fg3_pct_away`, `ast_away`, `reb_away`, `home_team_wins`) VALUES
(21300275, '2014-04-08', 'Final', 1610612750, 1610612759, 2013, 110, '0', '1', '0', 23, 52, 91, '0', '1', '0', 19, 37, 1),
(21300677, '2014-04-08', 'Final', 1610612737, 1610612765, 2013, 95, '0', '1', '0', 26, 48, 102, '0', '1', '0', 14, 53, 0),
(21300917, '2014-03-07', 'Final', 1610612741, 1610612763, 2013, 77, '0', '1', '0', 16, 38, 85, '0', '1', '1', 19, 45, 0),
(21300918, '2014-03-07', 'Final', 1610612766, 1610612739, 2013, 101, '0', '1', '0', 26, 37, 92, '0', '1', '0', 16, 41, 1),
(21300919, '2014-03-07', 'Final', 1610612761, 1610612758, 2013, 99, '0', '1', '0', 21, 37, 87, '0', '1', '0', 14, 39, 1),
(21300920, '2014-03-07', 'Final', 1610612738, 1610612751, 2013, 91, '0', '1', '0', 20, 51, 84, '0', '1', '0', 14, 28, 1),
(21300928, '2014-03-08', 'Final', 1610612739, 1610612752, 2013, 97, '0', '1', '0', 21, 37, 107, '0', '1', '0', 26, 49, 0),
(21300929, '2014-03-08', 'Final', 1610612755, 1610612762, 2013, 92, '0', '1', '0', 22, 33, 104, '0', '1', '0', 25, 42, 0),
(21300930, '2014-03-08', 'Final', 1610612763, 1610612766, 2013, 111, '1', '1', '1', 23, 51, 89, '0', '1', '0', 18, 40, 1),
(21300931, '2014-03-08', 'Final', 1610612749, 1610612764, 2013, 107, '0', '1', '0', 14, 42, 114, '1', '1', '1', 25, 35, 0),
(21300932, '2014-03-08', 'Final', 1610612759, 1610612753, 2013, 121, '1', '1', '0', 26, 44, 112, '0', '1', '0', 24, 45, 1),
(21300933, '2014-03-08', 'Final', 1610612746, 1610612737, 2013, 109, '1', '1', '0', 26, 35, 108, '1', '1', '0', 29, 29, 1),
(21300934, '2014-03-09', 'Final', 1610612741, 1610612748, 2013, 95, '0', '1', '0', 25, 47, 88, '0', '1', '0', 20, 42, 1),
(21300935, '2014-03-09', 'Final', 1610612747, 1610612760, 2013, 114, '0', '1', '0', 31, 36, 110, '0', '1', '0', 26, 59, 1),
(21300936, '2014-03-09', 'Final', 1610612740, 1610612743, 2013, 111, '0', '1', '0', 21, 48, 107, '0', '1', '0', 28, 45, 1),
(21300937, '2014-03-09', 'Final', 1610612738, 1610612765, 2013, 118, '0', '1', '0', 38, 39, 111, '0', '1', '0', 17, 54, 1),
(21300938, '2014-03-09', 'Final', 1610612751, 1610612758, 2013, 104, '1', '1', '0', 25, 27, 89, '0', '1', '0', 11, 53, 1),
(21300939, '2014-03-09', 'Final', 1610612745, 1610612757, 2013, 118, '0', '1', '0', 13, 48, 113, '0', '1', '0', 24, 56, 1),
(21300940, '2014-03-09', 'Final', 1610612750, 1610612761, 2013, 104, '0', '1', '0', 25, 38, 111, '0', '1', '1', 22, 48, 0),
(21300941, '2014-03-09', 'Final', 1610612742, 1610612754, 2013, 105, '0', '1', '0', 23, 42, 94, '0', '1', '0', 14, 41, 1),
(21300942, '2014-03-09', 'Final', 1610612744, 1610612756, 2013, 113, '1', '1', '0', 27, 35, 107, '0', '1', '0', 21, 41, 1),
(21300943, '2014-03-10', 'Final', 1610612766, 1610612743, 2013, 105, '0', '1', '0', 21, 42, 98, '0', '1', '0', 16, 43, 1),
(21300944, '2014-03-10', 'Final', 1610612751, 1610612761, 2013, 101, '0', '1', '1', 15, 30, 97, '0', '1', '0', 19, 37, 1),
(21300945, '2014-03-10', 'Final', 1610612748, 1610612764, 2013, 99, '1', '1', '0', 26, 33, 90, '0', '1', '0', 24, 50, 1),
(21300946, '2014-03-10', 'Final', 1610612752, 1610612755, 2013, 123, '1', '1', '0', 20, 35, 110, '1', '1', '0', 26, 42, 1),
(21300947, '2014-03-10', 'Final', 1610612749, 1610612753, 2013, 105, '0', '1', '0', 25, 42, 98, '0', '1', '0', 23, 43, 1),
(21300948, '2014-03-10', 'Final', 1610612762, 1610612737, 2013, 110, '0', '1', '0', 19, 45, 112, '0', '1', '0', 30, 34, 0),
(21300949, '2014-03-10', 'Final', 1610612746, 1610612756, 2013, 112, '1', '1', '0', 25, 42, 105, '0', '1', '0', 22, 36, 1),
(21300950, '2014-03-11', 'Final', 1610612754, 1610612738, 2013, 94, '1', '1', '0', 22, 43, 83, '0', '1', '0', 16, 41, 1),
(21300951, '2014-03-11', 'Final', 1610612765, 1610612758, 2013, 99, '0', '1', '0', 26, 47, 89, '0', '1', '0', 18, 50, 1),
(21300952, '2014-03-11', 'Final', 1610612741, 1610612759, 2013, 96, '0', '1', '0', 22, 39, 104, '1', '1', '1', 25, 38, 0),
(21300953, '2014-03-11', 'Final', 1610612763, 1610612757, 2013, 109, '1', '1', '1', 27, 41, 99, '0', '1', '0', 18, 40, 1),
(21300954, '2014-03-11', 'Final', 1610612750, 1610612749, 2013, 112, '0', '1', '0', 25, 34, 101, '1', '1', '0', 29, 39, 1),
(21300955, '2014-03-11', 'Final', 1610612760, 1610612745, 2013, 106, '0', '1', '0', 18, 49, 98, '0', '1', '0', 18, 45, 1),
(21300956, '2014-03-11', 'Final', 1610612744, 1610612742, 2013, 108, '1', '1', '0', 26, 46, 85, '0', '1', '0', 18, 40, 1),
(21300957, '2014-03-12', 'Final', 1610612748, 1610612751, 2013, 95, '0', '1', '0', 18, 33, 96, '0', '1', '0', 19, 37, 0),
(21300958, '2014-03-12', 'Final', 1610612753, 1610612743, 2013, 112, '0', '1', '0', 23, 38, 120, '1', '1', '0', 30, 52, 0),
(21300959, '2014-03-12', 'Final', 1610612755, 1610612758, 2013, 98, '0', '1', '0', 20, 38, 115, '0', '1', '0', 21, 48, 0),
(21300960, '2014-03-12', 'Final', 1610612761, 1610612765, 2013, 101, '0', '1', '0', 19, 54, 87, '0', '0', '0', 15, 39, 1),
(21300961, '2014-03-12', 'Final', 1610612764, 1610612766, 2013, 85, '0', '1', '0', 16, 37, 98, '0', '1', '0', 13, 44, 0),
(21300962, '2014-03-12', 'Final', 1610612738, 1610612752, 2013, 92, '0', '1', '0', 15, 38, 116, '1', '1', '1', 20, 47, 0),
(21300963, '2014-03-12', 'Final', 1610612740, 1610612763, 2013, 88, '0', '1', '0', 16, 39, 90, '0', '1', '0', 19, 42, 0),
(21300964, '2014-03-12', 'Final', 1610612762, 1610612742, 2013, 101, '0', '1', '0', 23, 40, 108, '1', '1', '1', 26, 39, 0),
(21300965, '2014-03-12', 'Final', 1610612759, 1610612757, 2013, 103, '0', '1', '0', 21, 55, 90, '0', '1', '0', 13, 48, 1),
(21300966, '2014-03-12', 'Final', 1610612756, 1610612739, 2013, 101, '0', '1', '0', 20, 36, 110, '0', '1', '1', 20, 51, 0),
(21300967, '2014-03-12', 'Final', 1610612746, 1610612744, 2013, 111, '0', '1', '0', 23, 49, 98, '0', '1', '0', 27, 36, 1),
(21300968, '2014-03-13', 'Final', 1610612741, 1610612745, 2013, 111, '1', '1', '1', 35, 39, 87, '0', '1', '0', 16, 49, 1),
(21300969, '2014-03-13', 'Final', 1610612737, 1610612749, 2013, 102, '0', '1', '0', 23, 41, 97, '0', '1', '0', 24, 43, 1),
(21300970, '2014-03-13', 'Final', 1610612760, 1610612747, 2013, 131, '1', '1', '0', 24, 60, 102, '0', '1', '0', 23, 37, 1),
(21300971, '2014-03-14', 'Final', 1610612766, 1610612750, 2013, 105, '0', '1', '0', 28, 54, 93, '0', '1', '0', 23, 35, 1),
(21300972, '2014-03-14', 'Final', 1610612753, 1610612764, 2013, 101, '0', '1', '0', 26, 46, 105, '0', '1', '0', 24, 52, 0),
(21300973, '2014-03-14', 'Final', 1610612755, 1610612754, 2013, 94, '0', '1', '0', 25, 34, 101, '1', '1', '0', 27, 43, 0),
(21300974, '2014-03-14', 'Final', 1610612761, 1610612763, 2013, 99, '1', '1', '1', 23, 36, 86, '0', '1', '0', 16, 35, 1),
(21300975, '2014-03-14', 'Final', 1610612738, 1610612756, 2013, 80, '0', '1', '0', 17, 56, 87, '0', '1', '0', 14, 51, 0),
(21300976, '2014-03-14', 'Final', 1610612748, 1610612743, 2013, 107, '1', '1', '0', 23, 35, 111, '0', '1', '0', 26, 41, 0),
(21300977, '2014-03-14', 'Final', 1610612740, 1610612757, 2013, 103, '0', '1', '0', 22, 44, 111, '0', '1', '0', 23, 37, 0),
(21300978, '2014-03-14', 'Final', 1610612759, 1610612747, 2013, 119, '0', '1', '0', 36, 64, 85, '0', '1', '0', 23, 37, 1),
(21300979, '2014-03-14', 'Final', 1610612762, 1610612746, 2013, 87, '0', '1', '1', 18, 39, 96, '0', '1', '0', 20, 32, 0),
(21300980, '2014-03-14', 'Final', 1610612744, 1610612739, 2013, 94, '0', '1', '0', 23, 42, 103, '0', '1', '0', 19, 41, 0),
(21300981, '2014-03-15', 'Final', 1610612752, 1610612749, 2013, 115, '1', '1', '0', 14, 41, 94, '0', '1', '0', 17, 32, 1),
(21300982, '2014-03-15', 'Final', 1610612764, 1610612751, 2013, 101, '0', '1', '0', 21, 39, 94, '0', '1', '1', 20, 35, 1),
(21300983, '2014-03-15', 'Final', 1610612737, 1610612743, 2013, 97, '0', '1', '0', 25, 38, 92, '0', '1', '0', 27, 54, 1),
(21300984, '2014-03-15', 'Final', 1610612765, 1610612754, 2013, 104, '0', '1', '0', 24, 44, 112, '0', '1', '0', 24, 62, 0),
(21300985, '2014-03-15', 'Final', 1610612755, 1610612763, 2013, 77, '0', '0', '0', 16, 42, 103, '1', '1', '0', 27, 41, 0),
(21300986, '2014-03-15', 'Final', 1610612741, 1610612758, 2013, 94, '0', '1', '0', 21, 40, 87, '0', '1', '0', 12, 55, 1),
(21300987, '2014-03-16', 'Final', 1610612749, 1610612766, 2013, 92, '0', '1', '0', 24, 37, 101, '1', '1', '0', 26, 39, 0),
(21300988, '2014-03-16', 'Final', 1610612761, 1610612756, 2013, 113, '0', '1', '0', 27, 26, 121, '1', '1', '0', 17, 45, 0),
(21300989, '2014-03-16', 'Final', 1610612748, 1610612745, 2013, 113, '1', '1', '0', 21, 31, 104, '0', '1', '0', 18, 34, 1),
(21300990, '2014-03-16', 'Final', 1610612740, 1610612738, 2013, 121, '1', '1', '0', 25, 44, 120, '0', '1', '0', 33, 49, 1),
(21300991, '2014-03-16', 'Final', 1610612750, 1610612758, 2013, 104, '0', '1', '0', 23, 35, 102, '0', '1', '0', 17, 48, 1),
(21300992, '2014-03-16', 'Final', 1610612760, 1610612742, 2013, 86, '0', '1', '0', 17, 33, 109, '1', '1', '1', 26, 42, 0),
(21300993, '2014-03-16', 'Final', 1610612759, 1610612762, 2013, 122, '1', '1', '1', 31, 40, 104, '0', '1', '0', 19, 39, 1),
(21300994, '2014-03-16', 'Final', 1610612757, 1610612744, 2013, 112, '0', '1', '0', 25, 48, 113, '0', '1', '0', 17, 41, 0),
(21300995, '2014-03-16', 'Final', 1610612746, 1610612739, 2013, 102, '0', '1', '0', 32, 41, 80, '0', '1', '0', 19, 48, 1),
(21300996, '2014-03-17', 'Final', 1610612766, 1610612737, 2013, 83, '0', '1', '0', 22, 42, 97, '0', '1', '0', 27, 51, 0),
(21300997, '2014-03-17', 'Final', 1610612754, 1610612755, 2013, 99, '0', '1', '0', 13, 52, 90, '0', '1', '0', 21, 45, 1),
(21300998, '2014-03-17', 'Final', 1610612751, 1610612756, 2013, 108, '1', '1', '0', 23, 36, 95, '0', '1', '0', 18, 40, 1),
(21300999, '2014-03-17', 'Final', 1610612741, 1610612760, 2013, 85, '0', '1', '0', 21, 46, 97, '0', '1', '1', 20, 46, 0),
(21301000, '2014-03-17', 'Final', 1610612745, 1610612762, 2013, 124, '1', '1', '1', 31, 46, 86, '0', '1', '0', 21, 34, 1),
(21301001, '2014-03-17', 'Final', 1610612742, 1610612738, 2013, 94, '0', '1', '0', 20, 36, 89, '0', '1', '0', 20, 57, 1),
(21301002, '2014-03-17', 'Final', 1610612743, 1610612746, 2013, 110, '0', '1', '0', 22, 55, 100, '0', '1', '0', 22, 43, 1),
(21301003, '2014-03-18', 'Final', 1610612739, 1610612748, 2013, 96, '1', '1', '0', 27, 41, 100, '0', '1', '0', 22, 36, 0),
(21301004, '2014-03-18', 'Final', 1610612737, 1610612761, 2013, 118, '0', '1', '0', 24, 40, 113, '0', '1', '0', 21, 50, 1),
(21301005, '2014-03-18', 'Final', 1610612757, 1610612749, 2013, 120, '0', '1', '0', 25, 47, 115, '0', '1', '0', 28, 53, 1),
(21301006, '2014-03-18', 'Final', 1610612758, 1610612764, 2013, 117, '0', '1', '0', 18, 57, 111, '0', '1', '0', 28, 41, 1),
(21301007, '2014-03-18', 'Final', 1610612744, 1610612753, 2013, 103, '0', '1', '0', 21, 44, 89, '0', '1', '0', 22, 40, 1),
(21301008, '2014-03-19', 'Final', 1610612755, 1610612741, 2013, 94, '0', '0', '0', 22, 38, 102, '0', '1', '1', 22, 52, 0),
(21301009, '2014-03-19', 'Final', 1610612738, 1610612748, 2013, 101, '1', '1', '0', 29, 36, 96, '0', '1', '0', 29, 37, 1),
(21301010, '2014-03-19', 'Final', 1610612751, 1610612766, 2013, 104, '0', '1', '0', 19, 39, 99, '0', '1', '0', 27, 51, 1),
(21301011, '2014-03-19', 'Final', 1610612763, 1610612762, 2013, 96, '0', '1', '0', 21, 46, 86, '0', '1', '0', 20, 39, 1),
(21301012, '2014-03-19', 'Final', 1610612740, 1610612761, 2013, 100, '1', '1', '0', 16, 34, 107, '0', '1', '0', 20, 48, 0),
(21301013, '2014-03-19', 'Final', 1610612752, 1610612754, 2013, 92, '0', '1', '0', 15, 45, 86, '0', '1', '0', 12, 40, 1),
(21301014, '2014-03-19', 'Final', 1610612742, 1610612750, 2013, 122, '0', '1', '0', 26, 51, 123, '0', '1', '0', 25, 46, 0),
(21301015, '2014-03-19', 'Final', 1610612743, 1610612765, 2013, 118, '1', '1', '0', 27, 46, 109, '0', '1', '0', 22, 43, 1),
(21301016, '2014-03-19', 'Final', 1610612756, 1610612753, 2013, 109, '1', '1', '0', 22, 43, 93, '0', '1', '0', 18, 43, 1),
(21301017, '2014-03-19', 'Final', 1610612747, 1610612759, 2013, 109, '0', '1', '0', 19, 46, 125, '1', '1', '0', 34, 52, 0),
(21301018, '2014-03-20', 'Final', 1610612739, 1610612760, 2013, 95, '0', '1', '0', 27, 36, 102, '0', '1', '0', 21, 53, 0),
(21301019, '2014-03-20', 'Final', 1610612745, 1610612750, 2013, 129, '1', '1', '0', 36, 44, 106, '0', '1', '0', 28, 40, 1),
(21301020, '2014-03-20', 'Final', 1610612757, 1610612764, 2013, 116, '1', '1', '0', 32, 43, 103, '0', '1', '0', 25, 43, 1),
(21301021, '2014-03-20', 'Final', 1610612744, 1610612749, 2013, 115, '1', '1', '0', 26, 42, 110, '0', '1', '0', 23, 36, 1),
(21301022, '2014-03-21', 'Final', 1610612754, 1610612741, 2013, 91, '0', '1', '0', 27, 51, 79, '0', '1', '0', 17, 36, 1),
(21301023, '2014-03-21', 'Final', 1610612755, 1610612752, 2013, 92, '0', '1', '0', 20, 53, 93, '0', '1', '0', 29, 47, 0),
(21301024, '2014-03-21', 'Final', 1610612761, 1610612760, 2013, 118, '0', '1', '0', 17, 57, 119, '0', '1', '0', 18, 47, 0),
(21301025, '2014-03-21', 'Final', 1610612737, 1610612740, 2013, 105, '0', '1', '0', 22, 34, 111, '1', '1', '0', 20, 40, 0),
(21301026, '2014-03-21', 'Final', 1610612751, 1610612738, 2013, 114, '1', '1', '1', 30, 39, 98, '0', '1', '0', 20, 37, 1),
(21301027, '2014-03-21', 'Final', 1610612748, 1610612763, 2013, 91, '0', '1', '0', 20, 34, 86, '0', '1', '0', 17, 43, 1),
(21301028, '2014-03-21', 'Final', 1610612742, 1610612743, 2013, 122, '1', '1', '1', 28, 48, 106, '0', '1', '0', 24, 35, 1),
(21301029, '2014-03-21', 'Final', 1610612756, 1610612765, 2013, 98, '0', '1', '0', 17, 39, 92, '0', '0', '0', 22, 53, 1),
(21301030, '2014-03-21', 'Final', 1610612758, 1610612759, 2013, 79, '0', '1', '0', 17, 48, 99, '0', '1', '0', 18, 52, 0),
(21301031, '2014-03-21', 'Final', 1610612747, 1610612764, 2013, 107, '0', '1', '0', 32, 44, 117, '0', '1', '0', 21, 44, 0),
(21301032, '2014-03-22', 'Final', 1610612766, 1610612757, 2013, 124, '1', '1', '0', 28, 50, 94, '0', '1', '0', 17, 36, 1),
(21301033, '2014-03-22', 'Final', 1610612739, 1610612745, 2013, 111, '1', '1', '0', 32, 49, 118, '0', '1', '0', 31, 31, 0),
(21301034, '2014-03-22', 'Final', 1610612741, 1610612755, 2013, 91, '0', '1', '0', 23, 44, 81, '0', '1', '0', 11, 48, 1),
(21301035, '2014-03-22', 'Final', 1610612763, 1610612754, 2013, 82, '0', '1', '0', 14, 47, 71, '0', '1', '0', 14, 35, 1),
(21301036, '2014-03-22', 'Final', 1610612740, 1610612748, 2013, 105, '1', '1', '0', 23, 38, 95, '1', '1', '0', 27, 33, 1),
(21301037, '2014-03-22', 'Final', 1610612762, 1610612753, 2013, 89, '0', '1', '0', 17, 39, 88, '0', '1', '0', 20, 45, 1),
(21301038, '2014-03-22', 'Final', 1610612744, 1610612759, 2013, 90, '0', '1', '0', 21, 54, 99, '0', '1', '0', 24, 40, 0),
(21301039, '2014-03-22', 'Final', 1610612746, 1610612765, 2013, 112, '1', '1', '0', 31, 40, 103, '0', '1', '0', 29, 46, 1),
(21301040, '2014-03-23', 'Final', 1610612761, 1610612737, 2013, 96, '0', '1', '0', 17, 45, 86, '0', '1', '0', 17, 38, 1),
(21301041, '2014-03-23', 'Final', 1610612750, 1610612756, 2013, 120, '0', '1', '0', 25, 38, 127, '1', '1', '0', 16, 42, 0),
(21301042, '2014-03-23', 'Final', 1610612743, 1610612764, 2013, 105, '0', '1', '0', 26, 38, 102, '0', '1', '0', 20, 46, 1),
(21301043, '2014-03-23', 'Final', 1610612758, 1610612749, 2013, 124, '1', '1', '0', 19, 44, 107, '0', '1', '0', 25, 40, 1),
(21301044, '2014-03-23', 'Final', 1610612742, 1610612751, 2013, 104, '0', '1', '0', 21, 52, 107, '0', '1', '0', 17, 47, 0),
(21301045, '2014-03-23', 'Final', 1610612752, 1610612739, 2013, 100, '0', '1', '0', 21, 34, 106, '1', '1', '1', 17, 33, 0),
(21301046, '2014-03-23', 'Final', 1610612747, 1610612753, 2013, 103, '0', '1', '0', 20, 34, 94, '0', '1', '0', 26, 46, 1),
(21301047, '2014-03-24', 'Final', 1610612766, 1610612745, 2013, 89, '0', '1', '0', 12, 38, 100, '0', '1', '0', 22, 42, 0),
(21301048, '2014-03-24', 'Final', 1610612737, 1610612756, 2013, 95, '0', '1', '0', 18, 32, 102, '1', '1', '1', 21, 39, 0),
(21301049, '2014-03-24', 'Final', 1610612748, 1610612757, 2013, 93, '0', '1', '0', 16, 48, 91, '0', '1', '0', 18, 44, 1),
(21301050, '2014-03-24', 'Final', 1610612741, 1610612754, 2013, 89, '0', '1', '0', 22, 46, 77, '0', '1', '0', 11, 42, 1),
(21301051, '2014-03-24', 'Final', 1610612763, 1610612750, 2013, 109, '1', '1', '1', 25, 54, 92, '0', '1', '0', 19, 42, 1),
(21301052, '2014-03-24', 'Final', 1610612740, 1610612751, 2013, 109, '0', '1', '0', 19, 53, 104, '0', '1', '0', 16, 46, 1),
(21301053, '2014-03-24', 'Final', 1610612760, 1610612743, 2013, 117, '1', '1', '1', 32, 40, 96, '0', '1', '0', 20, 42, 1),
(21301054, '2014-03-24', 'Final', 1610612759, 1610612755, 2013, 113, '1', '1', '0', 31, 47, 91, '0', '0', '0', 22, 37, 1),
(21301055, '2014-03-24', 'Final', 1610612762, 1610612765, 2013, 94, '0', '1', '0', 16, 33, 114, '1', '1', '1', 23, 53, 0),
(21301056, '2014-03-24', 'Final', 1610612746, 1610612749, 2013, 106, '0', '1', '0', 29, 40, 98, '0', '1', '0', 27, 38, 1),
(21301057, '2014-03-25', 'Final', 1610612739, 1610612761, 2013, 102, '1', '1', '0', 27, 49, 100, '0', '1', '0', 30, 38, 1),
(21301058, '2014-03-25', 'Final', 1610612753, 1610612757, 2013, 95, '0', '1', '0', 19, 50, 85, '0', '1', '0', 17, 50, 1),
(21301059, '2014-03-25', 'Final', 1610612742, 1610612760, 2013, 128, '1', '1', '0', 27, 48, 119, '0', '1', '0', 27, 38, 1),
(21301060, '2014-03-25', 'Final', 1610612747, 1610612752, 2013, 127, '1', '1', '1', 32, 38, 96, '0', '1', '0', 23, 32, 1),
(21301061, '2014-03-26', 'Final', 1610612766, 1610612751, 2013, 116, '1', '1', '0', 27, 49, 111, '0', '1', '0', 29, 32, 1),
(21301062, '2014-03-26', 'Final', 1610612764, 1610612756, 2013, 93, '0', '1', '0', 21, 35, 99, '0', '1', '1', 22, 39, 0),
(21301063, '2014-03-26', 'Final', 1610612738, 1610612761, 2013, 90, '0', '1', '0', 23, 36, 99, '0', '1', '0', 17, 48, 0),
(21301064, '2014-03-26', 'Final', 1610612765, 1610612739, 2013, 96, '0', '1', '0', 27, 48, 97, '0', '1', '0', 18, 45, 0),
(21301065, '2014-03-26', 'Final', 1610612750, 1610612737, 2013, 107, '1', '1', '0', 31, 45, 83, '0', '1', '0', 21, 40, 1),
(21301066, '2014-03-26', 'Final', 1610612740, 1610612746, 2013, 98, '0', '1', '0', 24, 53, 96, '0', '1', '0', 25, 40, 1),
(21301067, '2014-03-26', 'Final', 1610612754, 1610612748, 2013, 84, '0', '1', '1', 18, 37, 83, '0', '1', '0', 13, 37, 1),
(21301068, '2014-03-26', 'Final', 1610612759, 1610612743, 2013, 108, '0', '1', '0', 30, 43, 103, '0', '1', '0', 22, 43, 1),
(21301069, '2014-03-26', 'Final', 1610612758, 1610612752, 2013, 99, '0', '1', '0', 19, 32, 107, '1', '1', '1', 25, 34, 0),
(21301070, '2014-03-26', 'Final', 1610612762, 1610612763, 2013, 87, '0', '1', '0', 22, 35, 91, '0', '1', '0', 22, 41, 0),
(21301071, '2014-03-27', 'Final', 1610612737, 1610612757, 2013, 85, '0', '1', '0', 17, 39, 100, '0', '1', '0', 24, 47, 0),
(21301072, '2014-03-27', 'Final', 1610612745, 1610612755, 2013, 120, '0', '1', '0', 27, 57, 98, '0', '1', '0', 23, 39, 1),
(21301073, '2014-03-27', 'Final', 1610612749, 1610612747, 2013, 108, '1', '1', '1', 15, 33, 105, '0', '1', '0', 23, 38, 1),
(21301074, '2014-03-27', 'Final', 1610612742, 1610612746, 2013, 103, '0', '1', '1', 21, 43, 109, '0', '1', '0', 22, 41, 0),
(21301075, '2014-03-28', 'Final', 1610612753, 1610612766, 2013, 110, '0', '1', '0', 17, 57, 105, '0', '1', '0', 24, 36, 1),
(21301076, '2014-03-28', 'Final', 1610612761, 1610612738, 2013, 105, '0', '1', '0', 23, 36, 103, '1', '1', '0', 22, 34, 1),
(21301077, '2014-03-28', 'Final', 1610612764, 1610612754, 2013, 91, '0', '1', '0', 20, 43, 78, '0', '1', '0', 13, 48, 1),
(21301078, '2014-03-28', 'Final', 1610612751, 1610612739, 2013, 108, '1', '1', '0', 24, 41, 97, '0', '1', '0', 25, 35, 1),
(21301079, '2014-03-28', 'Final', 1610612765, 1610612748, 2013, 78, '0', '1', '0', 20, 36, 110, '1', '1', '0', 31, 47, 0),
(21301080, '2014-03-28', 'Final', 1610612741, 1610612757, 2013, 74, '0', '1', '0', 23, 46, 91, '0', '1', '0', 19, 47, 0),
(21301081, '2014-03-28', 'Final', 1610612750, 1610612747, 2013, 143, '1', '1', '0', 33, 49, 107, '0', '1', '0', 22, 26, 1),
(21301082, '2014-03-28', 'Final', 1610612740, 1610612762, 2013, 102, '1', '1', '0', 26, 37, 95, '0', '1', '0', 26, 31, 1),
(21301083, '2014-03-28', 'Final', 1610612760, 1610612758, 2013, 94, '0', '1', '0', 26, 38, 81, '0', '1', '1', 17, 49, 1),
(21301084, '2014-03-28', 'Final', 1610612743, 1610612759, 2013, 102, '0', '1', '0', 15, 41, 133, '1', '1', '1', 37, 51, 0),
(21301085, '2014-03-28', 'Final', 1610612756, 1610612752, 2013, 112, '0', '1', '0', 18, 56, 88, '0', '1', '0', 14, 37, 1),
(21301086, '2014-03-28', 'Final', 1610612744, 1610612763, 2013, 100, '0', '1', '0', 22, 43, 93, '1', '1', '0', 24, 33, 1),
(21301087, '2014-03-29', 'Final', 1610612755, 1610612765, 2013, 123, '1', '1', '1', 29, 46, 98, '0', '1', '0', 20, 44, 1),
(21301088, '2014-03-29', 'Final', 1610612745, 1610612746, 2013, 107, '0', '1', '0', 14, 49, 118, '0', '1', '0', 26, 43, 0),
(21301089, '2014-03-29', 'Final', 1610612764, 1610612737, 2013, 101, '0', '1', '0', 17, 44, 97, '0', '1', '0', 20, 40, 1),
(21301090, '2014-03-29', 'Final', 1610612742, 1610612758, 2013, 103, '0', '1', '0', 28, 35, 100, '1', '1', '0', 17, 47, 1),
(21301091, '2014-03-29', 'Final', 1610612749, 1610612748, 2013, 67, '0', '1', '0', 15, 40, 88, '0', '1', '0', 18, 43, 0),
(21301092, '2014-03-29', 'Final', 1610612759, 1610612740, 2013, 96, '0', '1', '0', 24, 46, 80, '0', '1', '0', 16, 41, 1),
(21301093, '2014-03-30', 'Final', 1610612760, 1610612762, 2013, 116, '1', '1', '1', 26, 42, 96, '0', '1', '0', 23, 40, 1),
(21301094, '2014-03-30', 'Final', 1610612739, 1610612754, 2013, 90, '0', '1', '0', 20, 45, 76, '0', '1', '0', 21, 41, 1),
(21301095, '2014-03-30', 'Final', 1610612751, 1610612750, 2013, 114, '1', '1', '0', 21, 43, 99, '0', '1', '0', 24, 42, 1),
(21301096, '2014-03-30', 'Final', 1610612753, 1610612761, 2013, 93, '1', '1', '0', 24, 33, 98, '0', '1', '0', 13, 30, 0),
(21301097, '2014-03-30', 'Final', 1610612738, 1610612741, 2013, 102, '0', '1', '0', 23, 39, 107, '1', '1', '1', 24, 31, 0),
(21301098, '2014-03-30', 'Final', 1610612744, 1610612752, 2013, 84, '0', '1', '0', 14, 46, 89, '0', '1', '0', 15, 40, 0),
(21301099, '2014-03-30', 'Final', 1610612757, 1610612763, 2013, 105, '1', '1', '0', 23, 39, 98, '0', '1', '0', 28, 41, 1),
(21301100, '2014-03-30', 'Final', 1610612747, 1610612756, 2013, 115, '1', '1', '0', 29, 42, 99, '0', '1', '0', 20, 48, 1),
(21301101, '2014-03-31', 'Final', 1610612766, 1610612764, 2013, 100, '0', '1', '0', 17, 48, 94, '0', '1', '1', 26, 37, 1),
(21301102, '2014-03-31', 'Final', 1610612754, 1610612759, 2013, 77, '0', '1', '0', 14, 34, 103, '0', '1', '0', 18, 40, 0),
(21301103, '2014-03-31', 'Final', 1610612737, 1610612755, 2013, 103, '0', '1', '0', 25, 49, 95, '0', '1', '0', 25, 40, 1),
(21301104, '2014-03-31', 'Final', 1610612765, 1610612749, 2013, 116, '0', '1', '0', 28, 50, 111, '0', '1', '0', 28, 50, 1),
(21301105, '2014-03-31', 'Final', 1610612748, 1610612761, 2013, 93, '1', '1', '0', 19, 36, 83, '1', '1', '0', 17, 30, 1),
(21301106, '2014-03-31', 'Final', 1610612741, 1610612738, 2013, 94, '0', '1', '0', 28, 40, 80, '0', '1', '0', 17, 37, 1),
(21301107, '2014-03-31', 'Final', 1610612750, 1610612746, 2013, 104, '0', '1', '0', 30, 42, 114, '0', '1', '0', 23, 49, 0),
(21301108, '2014-03-31', 'Final', 1610612740, 1610612758, 2013, 97, '0', '1', '0', 22, 30, 102, '0', '1', '0', 20, 47, 0),
(21301109, '2014-03-31', 'Final', 1610612743, 1610612763, 2013, 92, '0', '1', '0', 20, 43, 94, '0', '1', '1', 17, 43, 0),
(21301110, '2014-03-31', 'Final', 1610612762, 1610612752, 2013, 83, '0', '1', '0', 15, 50, 92, '0', '1', '0', 18, 38, 0),
(21301111, '2014-04-01', 'Final', 1610612751, 1610612745, 2013, 105, '1', '1', '0', 23, 42, 96, '0', '1', '0', 20, 44, 1),
(21301112, '2014-04-01', 'Final', 1610612742, 1610612744, 2013, 120, '0', '1', '0', 27, 43, 122, '1', '1', '0', 33, 44, 0),
(21301113, '2014-04-01', 'Final', 1610612747, 1610612757, 2013, 112, '0', '1', '0', 31, 45, 124, '0', '1', '0', 32, 50, 0),
(21301114, '2014-04-02', 'Final', 1610612754, 1610612765, 2013, 101, '0', '1', '0', 24, 47, 94, '0', '1', '0', 16, 47, 1),
(21301115, '2014-04-02', 'Final', 1610612752, 1610612751, 2013, 110, '1', '1', '0', 21, 41, 81, '0', '1', '0', 11, 23, 1),
(21301116, '2014-04-02', 'Final', 1610612753, 1610612739, 2013, 98, '0', '1', '0', 21, 34, 119, '1', '1', '1', 28, 37, 0),
(21301117, '2014-04-02', 'Final', 1610612755, 1610612766, 2013, 93, '0', '1', '0', 21, 32, 123, '1', '1', '1', 32, 47, 0),
(21301118, '2014-04-02', 'Final', 1610612761, 1610612745, 2013, 107, '0', '1', '0', 20, 36, 103, '0', '1', '0', 19, 47, 1),
(21301119, '2014-04-02', 'Final', 1610612764, 1610612738, 2013, 118, '1', '1', '1', 29, 41, 92, '0', '1', '0', 20, 29, 1),
(21301120, '2014-04-02', 'Final', 1610612737, 1610612741, 2013, 92, '0', '1', '0', 24, 38, 105, '1', '1', '0', 27, 36, 0),
(21301121, '2014-04-02', 'Final', 1610612748, 1610612749, 2013, 96, '1', '1', '0', 22, 35, 77, '0', '1', '0', 18, 42, 1),
(21301122, '2014-04-02', 'Final', 1610612750, 1610612763, 2013, 102, '1', '1', '0', 31, 46, 88, '0', '1', '0', 24, 38, 1),
(21301123, '2014-04-02', 'Final', 1610612759, 1610612744, 2013, 111, '1', '1', '0', 29, 45, 90, '0', '1', '0', 21, 33, 1),
(21301124, '2014-04-02', 'Final', 1610612743, 1610612740, 2013, 137, '1', '1', '1', 33, 40, 107, '0', '1', '0', 21, 42, 1),
(21301125, '2014-04-02', 'Final', 1610612756, 1610612746, 2013, 108, '0', '1', '0', 17, 38, 112, '0', '1', '0', 18, 36, 0),
(21301126, '2014-04-02', 'Final', 1610612758, 1610612747, 2013, 107, '0', '1', '0', 16, 47, 102, '0', '1', '0', 26, 52, 1),
(21301127, '2014-04-03', 'Final', 1610612760, 1610612759, 2013, 106, '0', '1', '0', 18, 39, 94, '0', '1', '0', 18, 42, 1),
(21301128, '2014-04-03', 'Final', 1610612746, 1610612742, 2013, 107, '0', '1', '0', 26, 41, 113, '1', '1', '0', 24, 46, 0),
(21301129, '2014-04-04', 'Final', 1610612763, 1610612743, 2013, 100, '0', '1', '0', 18, 38, 92, '0', '1', '0', 16, 46, 1),
(21301130, '2014-04-04', 'Final', 1610612766, 1610612753, 2013, 91, '0', '1', '0', 20, 46, 80, '0', '1', '0', 15, 43, 1),
(21301131, '2014-04-04', 'Final', 1610612761, 1610612754, 2013, 102, '0', '1', '0', 23, 42, 94, '0', '1', '1', 19, 39, 1),
(21301132, '2014-04-04', 'Final', 1610612737, 1610612739, 2013, 117, '1', '1', '0', 35, 38, 98, '0', '1', '0', 16, 34, 1),
(21301133, '2014-04-04', 'Final', 1610612738, 1610612755, 2013, 102, '0', '1', '0', 23, 49, 111, '1', '1', '0', 21, 34, 0),
(21301134, '2014-04-04', 'Final', 1610612751, 1610612765, 2013, 116, '1', '1', '0', 28, 26, 104, '0', '1', '0', 23, 46, 1),
(21301135, '2014-04-04', 'Final', 1610612748, 1610612750, 2013, 121, '0', '1', '0', 20, 52, 122, '0', '1', '0', 27, 46, 0),
(21301136, '2014-04-04', 'Final', 1610612752, 1610612764, 2013, 89, '0', '1', '0', 23, 34, 90, '0', '1', '0', 18, 41, 0),
(21301137, '2014-04-04', 'Final', 1610612741, 1610612749, 2013, 102, '0', '1', '0', 24, 44, 90, '0', '1', '0', 17, 38, 1),
(21301138, '2014-04-04', 'Final', 1610612762, 1610612740, 2013, 100, '1', '1', '0', 22, 34, 96, '0', '1', '0', 19, 36, 1),
(21301139, '2014-04-04', 'Final', 1610612745, 1610612760, 2013, 111, '0', '1', '0', 21, 45, 107, '0', '1', '0', 24, 45, 1),
(21301140, '2014-04-04', 'Final', 1610612757, 1610612756, 2013, 93, '0', '1', '0', 20, 48, 109, '0', '1', '0', 17, 59, 0),
(21301141, '2014-04-04', 'Final', 1610612744, 1610612758, 2013, 102, '0', '1', '0', 25, 57, 69, '0', '1', '0', 12, 44, 1),
(21301142, '2014-04-04', 'Final', 1610612747, 1610612742, 2013, 95, '0', '1', '0', 26, 38, 107, '0', '1', '0', 28, 52, 0),
(21301143, '2014-04-05', 'Final', 1610612753, 1610612750, 2013, 100, '1', '1', '1', 29, 40, 92, '0', '1', '0', 26, 30, 1),
(21301144, '2014-04-05', 'Final', 1610612764, 1610612741, 2013, 78, '0', '1', '0', 16, 40, 96, '0', '1', '0', 24, 45, 0),
(21301145, '2014-04-05', 'Final', 1610612739, 1610612766, 2013, 94, '0', '1', '0', 22, 51, 96, '0', '1', '0', 23, 58, 0),
(21301146, '2014-04-05', 'Final', 1610612765, 1610612738, 2013, 115, '0', '1', '0', 18, 43, 111, '0', '1', '0', 25, 37, 1),
(21301147, '2014-04-05', 'Final', 1610612755, 1610612751, 2013, 101, '0', '1', '0', 27, 40, 105, '1', '1', '0', 29, 41, 0),
(21301148, '2014-04-05', 'Final', 1610612749, 1610612761, 2013, 98, '0', '1', '0', 28, 37, 102, '0', '1', '0', 20, 39, 0),
(21301149, '2014-04-06', 'Final', 1610612748, 1610612752, 2013, 102, '1', '1', '0', 22, 35, 91, '0', '1', '0', 18, 38, 1),
(21301150, '2014-04-06', 'Final', 1610612746, 1610612747, 2013, 120, '1', '1', '1', 28, 52, 97, '0', '1', '0', 26, 38, 1),
(21301151, '2014-04-06', 'Final', 1610612758, 1610612742, 2013, 91, '0', '1', '0', 21, 40, 93, '0', '1', '0', 23, 45, 0),
(21301152, '2014-04-06', 'Final', 1610612754, 1610612737, 2013, 88, '0', '1', '0', 18, 35, 107, '1', '1', '0', 22, 40, 0),
(21301153, '2014-04-06', 'Final', 1610612745, 1610612743, 2013, 130, '0', '1', '0', 24, 50, 125, '0', '1', '0', 28, 54, 1),
(21301154, '2014-04-06', 'Final', 1610612759, 1610612763, 2013, 112, '1', '1', '0', 27, 40, 92, '0', '1', '0', 22, 37, 1),
(21301155, '2014-04-06', 'Final', 1610612744, 1610612762, 2013, 130, '1', '1', '1', 34, 45, 102, '0', '1', '0', 27, 37, 1),
(21301156, '2014-04-06', 'Final', 1610612756, 1610612760, 2013, 122, '1', '1', '0', 17, 36, 115, '0', '1', '0', 17, 38, 1),
(21301157, '2014-04-06', 'Final', 1610612757, 1610612740, 2013, 100, '0', '1', '0', 20, 50, 94, '0', '1', '0', 21, 38, 1),
(21301158, '2014-04-08', 'Final', 1610612748, 1610612751, 2013, 87, '0', '1', '0', 17, 34, 88, '1', '1', '0', 13, 35, 0),
(21301159, '2014-04-08', 'Final', 1610612762, 1610612742, 2013, 83, '0', '1', '0', 16, 47, 95, '1', '1', '0', 24, 36, 0),
(21301160, '2014-04-08', 'Final', 1610612758, 1610612760, 2013, 92, '0', '1', '0', 13, 44, 107, '0', '1', '1', 23, 39, 0),
(21301161, '2014-04-08', 'Final', 1610612747, 1610612745, 2013, 130, '0', '1', '0', 38, 33, 145, '1', '1', '0', 33, 58, 0),
(21301162, '2014-04-09', 'Final', 1610612739, 1610612765, 2013, 122, '1', '1', '0', 41, 47, 100, '0', '1', '0', 19, 46, 1),
(21301163, '2014-04-09', 'Final', 1610612753, 1610612751, 2013, 115, '1', '1', '0', 26, 41, 111, '0', '1', '0', 22, 41, 1),
(21301164, '2014-04-09', 'Final', 1610612761, 1610612755, 2013, 125, '1', '1', '0', 25, 35, 114, '1', '1', '0', 20, 36, 1),
(21301165, '2014-04-09', 'Final', 1610612764, 1610612766, 2013, 88, '0', '1', '0', 23, 45, 94, '0', '1', '0', 23, 48, 0),
(21301166, '2014-04-09', 'Final', 1610612737, 1610612738, 2013, 105, '1', '1', '0', 30, 43, 97, '0', '1', '0', 25, 39, 1),
(21301167, '2014-04-09', 'Final', 1610612763, 1610612748, 2013, 107, '1', '1', '0', 23, 41, 102, '1', '1', '1', 24, 27, 1),
(21301168, '2014-04-09', 'Final', 1610612749, 1610612754, 2013, 102, '0', '1', '0', 21, 48, 104, '0', '1', '0', 26, 41, 0),
(21301169, '2014-04-09', 'Final', 1610612750, 1610612741, 2013, 87, '0', '1', '0', 16, 40, 102, '1', '1', '1', 29, 37, 0),
(21301170, '2014-04-09', 'Final', 1610612740, 1610612756, 2013, 88, '0', '1', '0', 25, 42, 94, '0', '1', '0', 23, 38, 0),
(21301171, '2014-04-09', 'Final', 1610612743, 1610612745, 2013, 123, '0', '1', '0', 31, 44, 116, '0', '1', '0', 28, 47, 1),
(21301172, '2014-04-09', 'Final', 1610612757, 1610612758, 2013, 100, '1', '1', '0', 26, 43, 99, '0', '1', '0', 19, 45, 1),
(21301173, '2014-04-09', 'Final', 1610612746, 1610612760, 2013, 101, '0', '1', '0', 23, 52, 107, '0', '1', '0', 18, 44, 0),
(21301174, '2014-04-10', 'Final', 1610612742, 1610612759, 2013, 100, '0', '1', '0', 16, 42, 109, '0', '1', '0', 22, 48, 0),
(21301175, '2014-04-10', 'Final', 1610612744, 1610612743, 2013, 99, '0', '1', '0', 19, 38, 100, '0', '1', '0', 23, 63, 0),
(21301176, '2014-04-11', 'Final', 1610612753, 1610612764, 2013, 86, '0', '1', '0', 21, 42, 96, '0', '1', '0', 24, 44, 0),
(21301177, '2014-04-11', 'Final', 1610612761, 1610612752, 2013, 100, '0', '1', '0', 16, 42, 108, '0', '1', '0', 16, 39, 0),
(21301178, '2014-04-11', 'Final', 1610612738, 1610612766, 2013, 106, '1', '1', '0', 22, 37, 103, '1', '1', '0', 33, 34, 1),
(21301179, '2014-04-11', 'Final', 1610612751, 1610612737, 2013, 88, '0', '1', '0', 22, 38, 93, '0', '1', '0', 17, 44, 0),
(21301180, '2014-04-11', 'Final', 1610612748, 1610612754, 2013, 98, '0', '1', '0', 14, 40, 86, '0', '1', '1', 20, 31, 1),
(21301181, '2014-04-11', 'Final', 1610612741, 1610612765, 2013, 106, '0', '1', '0', 27, 39, 98, '0', '1', '0', 12, 45, 1),
(21301182, '2014-04-11', 'Final', 1610612763, 1610612755, 2013, 117, '1', '1', '0', 28, 49, 95, '0', '1', '0', 16, 36, 1),
(21301183, '2014-04-11', 'Final', 1610612750, 1610612745, 2013, 112, '0', '1', '0', 22, 50, 110, '0', '1', '0', 22, 52, 1),
(21301184, '2014-04-11', 'Final', 1610612760, 1610612740, 2013, 116, '1', '1', '0', 28, 47, 94, '0', '1', '1', 24, 35, 1),
(21301185, '2014-04-11', 'Final', 1610612749, 1610612739, 2013, 119, '1', '1', '0', 20, 41, 116, '0', '1', '0', 18, 40, 1),
(21301186, '2014-04-11', 'Final', 1610612759, 1610612756, 2013, 112, '0', '1', '0', 24, 42, 104, '0', '1', '0', 18, 48, 1),
(21301187, '2014-04-11', 'Final', 1610612762, 1610612757, 2013, 99, '0', '1', '0', 26, 47, 111, '0', '1', '1', 23, 41, 0),
(21301188, '2014-04-11', 'Final', 1610612747, 1610612744, 2013, 95, '0', '1', '0', 23, 42, 112, '0', '1', '1', 27, 57, 0),
(21301189, '2014-04-12', 'Final', 1610612746, 1610612758, 2013, 117, '1', '1', '0', 31, 43, 101, '0', '1', '0', 21, 38, 1),
(21301190, '2014-04-12', 'Final', 1610612766, 1610612755, 2013, 111, '1', '1', '0', 23, 41, 105, '0', '1', '0', 18, 40, 1),
(21301191, '2014-04-12', 'Final', 1610612764, 1610612749, 2013, 104, '0', '1', '0', 25, 36, 91, '0', '1', '1', 20, 42, 1),
(21301192, '2014-04-12', 'Final', 1610612737, 1610612748, 2013, 98, '0', '1', '0', 24, 38, 85, '0', '0', '0', 18, 44, 1),
(21301193, '2014-04-12', 'Final', 1610612739, 1610612738, 2013, 99, '0', '1', '0', 22, 49, 111, '0', '1', '0', 27, 47, 0),
(21301194, '2014-04-12', 'Final', 1610612745, 1610612740, 2013, 111, '0', '1', '0', 23, 36, 104, '0', '1', '0', 20, 39, 1),
(21301195, '2014-04-12', 'Final', 1610612742, 1610612756, 2013, 101, '0', '1', '0', 21, 42, 98, '0', '1', '0', 14, 41, 1),
(21301196, '2014-04-12', 'Final', 1610612743, 1610612762, 2013, 101, '0', '1', '0', 23, 52, 94, '0', '1', '0', 20, 39, 1),
(21301197, '2014-04-13', 'Final', 1610612752, 1610612741, 2013, 100, '0', '1', '0', 16, 36, 89, '0', '1', '0', 23, 45, 1),
(21301198, '2014-04-13', 'Final', 1610612765, 1610612761, 2013, 107, '0', '1', '0', 25, 55, 116, '0', '1', '0', 22, 40, 0),
(21301199, '2014-04-13', 'Final', 1610612751, 1610612753, 2013, 97, '0', '1', '0', 23, 43, 88, '0', '1', '0', 22, 31, 1),
(21301200, '2014-04-13', 'Final', 1610612754, 1610612760, 2013, 102, '1', '1', '0', 23, 46, 97, '0', '1', '0', 21, 32, 1),
(21301201, '2014-04-13', 'Final', 1610612757, 1610612744, 2013, 119, '1', '1', '0', 26, 46, 117, '0', '1', '0', 22, 38, 1),
(21301202, '2014-04-13', 'Final', 1610612758, 1610612750, 2013, 106, '1', '1', '0', 25, 47, 103, '0', '1', '0', 26, 41, 1),
(21301203, '2014-04-13', 'Final', 1610612747, 1610612763, 2013, 90, '0', '1', '0', 29, 32, 102, '0', '1', '1', 29, 52, 0),
(21301204, '2014-04-14', 'Final', 1610612755, 1610612738, 2013, 113, '1', '1', '0', 25, 42, 108, '0', '1', '0', 26, 40, 1),
(21301205, '2014-04-14', 'Final', 1610612761, 1610612749, 2013, 110, '0', '1', '0', 25, 46, 100, '1', '1', '1', 21, 32, 1),
(21301206, '2014-04-14', 'Final', 1610612764, 1610612748, 2013, 114, '1', '1', '0', 36, 42, 93, '0', '1', '0', 23, 31, 1),
(21301207, '2014-04-14', 'Final', 1610612737, 1610612766, 2013, 93, '0', '1', '0', 27, 39, 95, '0', '1', '0', 27, 48, 0),
(21301208, '2014-04-14', 'Final', 1610612741, 1610612753, 2013, 108, '1', '1', '0', 27, 36, 95, '1', '1', '0', 26, 32, 1),
(21301209, '2014-04-14', 'Final', 1610612745, 1610612759, 2013, 104, '0', '1', '0', 18, 50, 98, '0', '1', '0', 24, 43, 1),
(21301210, '2014-04-14', 'Final', 1610612740, 1610612760, 2013, 101, '0', '1', '0', 19, 39, 89, '0', '1', '0', 21, 43, 1),
(21301211, '2014-04-14', 'Final', 1610612762, 1610612747, 2013, 104, '1', '1', '0', 25, 37, 119, '1', '1', '0', 31, 36, 0),
(21301212, '2014-04-14', 'Final', 1610612756, 1610612763, 2013, 91, '0', '1', '0', 15, 30, 97, '1', '1', '0', 20, 42, 0),
(21301213, '2014-04-14', 'Final', 1610612744, 1610612750, 2013, 130, '0', '1', '0', 31, 51, 120, '1', '1', '1', 37, 43, 1),
(21301214, '2014-04-15', 'Final', 1610612751, 1610612752, 2013, 98, '0', '1', '0', 25, 38, 109, '0', '1', '1', 15, 36, 0),
(21301215, '2014-04-15', 'Final', 1610612746, 1610612743, 2013, 117, '1', '1', '0', 29, 41, 105, '0', '1', '0', 20, 43, 1),
(21301216, '2014-04-16', 'Final', 1610612763, 1610612742, 2013, 106, '0', '1', '0', 25, 48, 105, '0', '1', '0', 22, 39, 1),
(21301217, '2014-04-16', 'Final', 1610612749, 1610612737, 2013, 103, '1', '1', '0', 25, 43, 111, '1', '1', '0', 29, 30, 0),
(21301218, '2014-04-16', 'Final', 1610612750, 1610612762, 2013, 130, '0', '1', '0', 24, 45, 136, '0', '1', '0', 30, 60, 0),
(21301219, '2014-04-16', 'Final', 1610612740, 1610612745, 2013, 105, '1', '1', '1', 24, 42, 100, '0', '1', '0', 23, 41, 1),
(21301220, '2014-04-16', 'Final', 1610612760, 1610612765, 2013, 112, '0', '1', '0', 23, 49, 111, '1', '1', '0', 20, 41, 1),
(21301221, '2014-04-16', 'Final', 1610612759, 1610612747, 2013, 100, '0', '1', '0', 25, 49, 113, '0', '1', '0', 29, 50, 0),
(21301222, '2014-04-16', 'Final', 1610612738, 1610612764, 2013, 102, '0', '1', '0', 24, 37, 118, '1', '1', '0', 26, 36, 0),
(21301223, '2014-04-16', 'Final', 1610612766, 1610612741, 2013, 91, '0', '1', '0', 23, 53, 86, '0', '1', '0', 21, 44, 1),
(21301224, '2014-04-16', 'Final', 1610612739, 1610612751, 2013, 114, '1', '1', '0', 32, 51, 85, '0', '1', '0', 21, 36, 1),
(21301225, '2014-04-16', 'Final', 1610612748, 1610612755, 2013, 87, '0', '1', '0', 16, 34, 100, '1', '1', '0', 24, 35, 0),
(21301226, '2014-04-16', 'Final', 1610612752, 1610612761, 2013, 95, '0', '1', '0', 13, 36, 92, '0', '1', '0', 20, 48, 1),
(21301227, '2014-04-16', 'Final', 1610612753, 1610612754, 2013, 86, '0', '1', '0', 14, 40, 101, '0', '1', '0', 26, 52, 0),
(21301228, '2014-04-16', 'Final', 1610612757, 1610612746, 2013, 110, '0', '1', '0', 29, 65, 104, '0', '1', '0', 20, 42, 1),
(21301229, '2014-04-16', 'Final', 1610612758, 1610612756, 2013, 99, '0', '1', '0', 19, 54, 104, '0', '1', '0', 16, 40, 0),
(21301230, '2014-04-16', 'Final', 1610612743, 1610612744, 2013, 112, '0', '1', '0', 23, 42, 116, '0', '1', '0', 27, 45, 0),
(21900299, '2019-12-03', 'Final', 1610612739, 1610612765, 2019, 94, '0', '1', '0', 16, 40, 127, '1', '1', '1', 33, 46, 0),
(21900300, '2019-12-03', 'Final', 1610612764, 1610612753, 2019, 120, '1', '1', '0', 22, 38, 127, '1', '1', '0', 26, 48, 0),
(21900301, '2019-12-03', 'Final', 1610612761, 1610612748, 2019, 110, '0', '1', '0', 25, 48, 121, '0', '1', '0', 29, 55, 0),
(21900302, '2019-12-03', 'Final', 1610612740, 1610612742, 2019, 97, '0', '1', '0', 20, 47, 118, '0', '1', '0', 22, 51, 0),
(21900303, '2019-12-03', 'Final', 1610612759, 1610612745, 2019, 135, '0', '1', '0', 35, 56, 133, '0', '1', '0', 22, 60, 1),
(21900304, '2019-12-03', 'Final', 1610612743, 1610612747, 2019, 96, '0', '1', '0', 26, 35, 105, '0', '1', '0', 24, 56, 0),
(21900305, '2019-12-03', 'Final', 1610612746, 1610612757, 2019, 117, '0', '1', '1', 25, 49, 97, '0', '1', '0', 20, 49, 1),
(21900306, '2019-12-04', 'Final', 1610612766, 1610612744, 2019, 106, '0', '1', '0', 30, 44, 91, '0', '1', '0', 18, 37, 1),
(21900307, '2019-12-04', 'Final', 1610612765, 1610612749, 2019, 103, '0', '1', '0', 25, 40, 127, '0', '1', '0', 25, 55, 0),
(21900308, '2019-12-04', 'Final', 1610612753, 1610612756, 2019, 128, '1', '1', '1', 27, 45, 114, '0', '1', '0', 36, 29, 1),
(21900309, '2019-12-04', 'Final', 1610612737, 1610612751, 2019, 118, '1', '1', '0', 24, 35, 130, '0', '1', '0', 26, 53, 0),
(21900310, '2019-12-04', 'Final', 1610612738, 1610612748, 2019, 112, '0', '1', '0', 21, 46, 93, '0', '1', '0', 20, 40, 1),
(21900311, '2019-12-04', 'Final', 1610612741, 1610612763, 2019, 106, '0', '1', '0', 22, 50, 99, '0', '1', '0', 24, 46, 1),
(21900312, '2019-12-04', 'Final', 1610612760, 1610612754, 2019, 100, '0', '1', '0', 25, 37, 107, '0', '1', '0', 19, 39, 0),
(21900313, '2019-12-04', 'Final', 1610612742, 1610612750, 2019, 121, '1', '1', '0', 24, 45, 114, '0', '1', '0', 23, 44, 1),
(21900314, '2019-12-04', 'Final', 1610612762, 1610612747, 2019, 96, '0', '1', '0', 20, 40, 121, '1', '1', '0', 27, 46, 0),
(21900315, '2019-12-04', 'Final', 1610612757, 1610612758, 2019, 127, '1', '1', '1', 28, 43, 116, '0', '1', '0', 26, 44, 1),
(21900316, '2019-12-05', 'Final', 1610612764, 1610612755, 2019, 119, '0', '1', '0', 25, 41, 113, '1', '1', '0', 25, 44, 1),
(21900317, '2019-12-05', 'Final', 1610612752, 1610612743, 2019, 92, '0', '1', '0', 23, 33, 129, '1', '1', '1', 38, 48, 0),
(21900318, '2019-12-05', 'Final', 1610612761, 1610612745, 2019, 109, '0', '1', '0', 27, 45, 119, '0', '1', '0', 29, 54, 0),
(21900319, '2019-12-05', 'Final', 1610612740, 1610612756, 2019, 132, '1', '1', '0', 27, 40, 139, '0', '1', '0', 30, 51, 0),
(21900320, '2019-12-06', 'Final', 1610612766, 1610612751, 2019, 104, '0', '1', '0', 23, 34, 111, '0', '1', '0', 35, 49, 0),
(21900321, '2019-12-06', 'Final', 1610612739, 1610612753, 2019, 87, '0', '1', '0', 22, 45, 93, '0', '1', '0', 19, 43, 0),
(21900322, '2019-12-06', 'Final', 1610612765, 1610612754, 2019, 108, '0', '1', '0', 21, 51, 101, '0', '1', '0', 24, 33, 1),
(21900323, '2019-12-06', 'Final', 1610612738, 1610612743, 2019, 108, '1', '1', '0', 21, 37, 95, '0', '1', '0', 18, 41, 1),
(21900324, '2019-12-06', 'Final', 1610612748, 1610612764, 2019, 112, '0', '1', '0', 28, 50, 103, '0', '1', '0', 29, 39, 1),
(21900325, '2019-12-06', 'Final', 1610612741, 1610612744, 2019, 98, '0', '1', '0', 21, 37, 100, '1', '1', '0', 24, 39, 0),
(21900326, '2019-12-06', 'Final', 1610612760, 1610612750, 2019, 139, '1', '1', '0', 19, 39, 127, '1', '1', '0', 25, 36, 1),
(21900327, '2019-12-06', 'Final', 1610612749, 1610612746, 2019, 119, '0', '1', '0', 29, 53, 91, '0', '1', '0', 18, 48, 1),
(21900328, '2019-12-06', 'Final', 1610612759, 1610612758, 2019, 105, '0', '1', '0', 25, 52, 104, '0', '1', '0', 19, 52, 1),
(21900329, '2019-12-06', 'Final', 1610612757, 1610612747, 2019, 113, '0', '1', '0', 20, 34, 136, '1', '1', '0', 26, 45, 0),
(21900330, '2019-12-07', 'Final', 1610612742, 1610612740, 2019, 130, '1', '1', '0', 25, 55, 84, '0', '1', '0', 17, 34, 1),
(21900331, '2019-12-07', 'Final', 1610612752, 1610612754, 2019, 103, '0', '1', '0', 24, 52, 104, '0', '1', '0', 26, 42, 0),
(21900332, '2019-12-07', 'Final', 1610612755, 1610612739, 2019, 141, '1', '1', '0', 43, 51, 94, '0', '1', '0', 20, 35, 1),
(21900333, '2019-12-07', 'Final', 1610612745, 1610612756, 2019, 115, '0', '1', '0', 21, 51, 109, '0', '1', '0', 29, 51, 1),
(21900334, '2019-12-07', 'Final', 1610612762, 1610612763, 2019, 126, '1', '1', '1', 32, 41, 112, '1', '1', '0', 23, 28, 1),
(21900335, '2019-12-08', 'Final', 1610612751, 1610612743, 2019, 105, '0', '1', '0', 25, 48, 102, '0', '1', '0', 25, 37, 1),
(21900336, '2019-12-08', 'Final', 1610612766, 1610612737, 2019, 107, '0', '1', '0', 22, 44, 122, '0', '1', '0', 28, 48, 0),
(21900337, '2019-12-08', 'Final', 1610612748, 1610612741, 2019, 110, '0', '1', '0', 20, 43, 105, '0', '1', '0', 20, 39, 1),
(21900338, '2019-12-08', 'Final', 1610612755, 1610612761, 2019, 110, '1', '1', '0', 31, 40, 104, '0', '1', '0', 21, 42, 1),
(21900339, '2019-12-08', 'Final', 1610612764, 1610612746, 2019, 119, '0', '1', '0', 28, 38, 135, '1', '1', '0', 27, 45, 0),
(21900340, '2019-12-08', 'Final', 1610612742, 1610612758, 2019, 106, '0', '1', '0', 24, 40, 110, '1', '1', '0', 24, 35, 0),
(21900341, '2019-12-08', 'Final', 1610612757, 1610612760, 2019, 96, '0', '1', '0', 16, 51, 108, '0', '1', '0', 12, 54, 0),
(21900342, '2019-12-08', 'Final', 1610612747, 1610612750, 2019, 142, '1', '1', '0', 32, 41, 125, '1', '1', '0', 27, 31, 1),
(21900343, '2019-12-09', 'Final', 1610612754, 1610612746, 2019, 99, '0', '1', '0', 16, 55, 110, '0', '1', '0', 19, 57, 0),
(21900344, '2019-12-09', 'Final', 1610612738, 1610612739, 2019, 110, '1', '1', '1', 22, 39, 88, '0', '0', '0', 18, 45, 1),
(21900345, '2019-12-09', 'Final', 1610612741, 1610612761, 2019, 92, '0', '1', '0', 30, 45, 93, '0', '1', '0', 19, 54, 0),
(21900346, '2019-12-09', 'Final', 1610612745, 1610612758, 2019, 118, '0', '1', '0', 25, 51, 119, '0', '1', '0', 24, 37, 0),
(21900347, '2019-12-09', 'Final', 1610612749, 1610612753, 2019, 110, '0', '1', '0', 30, 54, 101, '0', '1', '0', 24, 44, 1),
(21900348, '2019-12-09', 'Final', 1610612740, 1610612765, 2019, 103, '0', '1', '0', 24, 45, 105, '0', '1', '0', 15, 46, 0),
(21900349, '2019-12-09', 'Final', 1610612756, 1610612750, 2019, 125, '0', '1', '0', 31, 42, 109, '0', '1', '0', 14, 45, 1),
(21900350, '2019-12-09', 'Final', 1610612762, 1610612760, 2019, 90, '0', '1', '0', 19, 48, 104, '0', '1', '0', 21, 46, 0),
(21900351, '2019-12-09', 'Final', 1610612744, 1610612763, 2019, 102, '0', '1', '0', 23, 46, 110, '1', '1', '0', 29, 42, 0),
(21900352, '2019-12-10', 'Final', 1610612766, 1610612764, 2019, 114, '0', '1', '0', 22, 48, 107, '0', '1', '0', 27, 45, 1),
(21900353, '2019-12-10', 'Final', 1610612755, 1610612743, 2019, 97, '0', '1', '0', 24, 49, 92, '0', '1', '0', 29, 38, 1),
(21900354, '2019-12-10', 'Final', 1610612748, 1610612737, 2019, 135, '1', '1', '0', 35, 53, 121, '0', '1', '0', 30, 37, 1),
(21900355, '2019-12-10', 'Final', 1610612757, 1610612752, 2019, 115, '0', '1', '0', 20, 58, 87, '0', '1', '0', 16, 47, 1),
(21900356, '2019-12-11', 'Final', 1610612739, 1610612745, 2019, 110, '1', '1', '0', 29, 36, 116, '0', '1', '0', 18, 36, 0),
(21900357, '2019-12-11', 'Final', 1610612754, 1610612738, 2019, 122, '0', '1', '0', 27, 36, 117, '0', '1', '0', 25, 44, 1),
(21900358, '2019-12-11', 'Final', 1610612753, 1610612747, 2019, 87, '0', '1', '0', 20, 41, 96, '0', '1', '0', 20, 49, 0),
(21900359, '2019-12-11', 'Final', 1610612761, 1610612746, 2019, 92, '0', '1', '0', 21, 47, 112, '0', '1', '0', 29, 50, 0),
(21900360, '2019-12-11', 'Final', 1610612751, 1610612766, 2019, 108, '0', '1', '0', 20, 52, 113, '0', '1', '0', 20, 47, 0),
(21900361, '2019-12-11', 'Final', 1610612741, 1610612737, 2019, 136, '1', '1', '0', 32, 42, 102, '0', '1', '0', 26, 41, 1),
(21900362, '2019-12-11', 'Final', 1610612750, 1610612762, 2019, 116, '0', '1', '0', 18, 42, 127, '1', '1', '0', 23, 45, 0),
(21900363, '2019-12-11', 'Final', 1610612756, 1610612763, 2019, 108, '0', '1', '0', 29, 44, 115, '0', '1', '0', 23, 55, 0),
(21900364, '2019-12-11', 'Final', 1610612749, 1610612740, 2019, 127, '1', '1', '0', 27, 43, 112, '0', '1', '0', 29, 42, 1),
(21900365, '2019-12-11', 'Final', 1610612758, 1610612760, 2019, 94, '0', '1', '0', 12, 41, 93, '0', '1', '0', 24, 43, 1),
(21900366, '2019-12-11', 'Final', 1610612744, 1610612752, 2019, 122, '0', '1', '0', 27, 46, 124, '0', '1', '0', 25, 58, 0),
(21900367, '2019-12-12', 'Final', 1610612738, 1610612755, 2019, 109, '0', '1', '0', 24, 33, 115, '1', '1', '1', 27, 45, 0),
(21900368, '2019-12-12', 'Final', 1610612759, 1610612739, 2019, 109, '0', '1', '0', 19, 36, 117, '0', '1', '0', 22, 50, 0),
(21900369, '2019-12-12', 'Final', 1610612765, 1610612742, 2019, 111, '0', '1', '0', 23, 34, 122, '1', '1', '0', 25, 52, 0),
(21900370, '2019-12-12', 'Final', 1610612743, 1610612757, 2019, 114, '0', '1', '1', 25, 48, 99, '0', '1', '0', 22, 35, 1),
(21900371, '2019-12-13', 'Final', 1610612753, 1610612745, 2019, 107, '0', '1', '0', 24, 37, 130, '1', '1', '1', 21, 42, 0),
(21900372, '2019-12-13', 'Final', 1610612755, 1610612740, 2019, 116, '0', '1', '0', 24, 47, 109, '0', '1', '0', 24, 45, 1),
(21900373, '2019-12-13', 'Final', 1610612737, 1610612754, 2019, 100, '0', '1', '0', 24, 50, 110, '1', '1', '0', 28, 46, 0),
(21900374, '2019-12-13', 'Final', 1610612748, 1610612747, 2019, 110, '0', '1', '0', 24, 34, 113, '0', '1', '0', 26, 50, 0),
(21900375, '2019-12-13', 'Final', 1610612741, 1610612766, 2019, 73, '0', '1', '0', 20, 45, 83, '0', '1', '0', 21, 60, 0),
(21900376, '2019-12-13', 'Final', 1610612763, 1610612749, 2019, 114, '0', '1', '0', 27, 45, 127, '1', '1', '0', 22, 55, 0),
(21900377, '2019-12-13', 'Final', 1610612750, 1610612746, 2019, 117, '0', '1', '0', 17, 39, 124, '0', '1', '0', 16, 45, 0),
(21900378, '2019-12-13', 'Final', 1610612758, 1610612752, 2019, 101, '0', '1', '0', 19, 41, 103, '0', '1', '0', 24, 48, 0),
(21900379, '2019-12-13', 'Final', 1610612762, 1610612744, 2019, 114, '0', '1', '0', 22, 43, 106, '0', '1', '0', 19, 48, 1),
(21900380, '2019-12-14', 'Final', 1610612756, 1610612759, 2019, 119, '0', '1', '0', 29, 59, 121, '0', '1', '0', 23, 62, 0),
(21900381, '2019-12-14', 'Final', 1610612761, 1610612751, 2019, 110, '0', '1', '0', 21, 51, 102, '0', '1', '0', 24, 59, 1),
(21900382, '2019-12-14', 'Final', 1610612741, 1610612746, 2019, 109, '0', '1', '0', 21, 50, 106, '0', '1', '0', 20, 40, 1),
(21900383, '2019-12-14', 'Final', 1610612763, 1610612764, 2019, 128, '1', '1', '0', 32, 46, 111, '0', '1', '0', 22, 34, 1),
(21900384, '2019-12-14', 'Final', 1610612742, 1610612748, 2019, 118, '0', '1', '0', 30, 48, 122, '0', '1', '0', 27, 49, 0),
(21900385, '2019-12-14', 'Final', 1610612749, 1610612739, 2019, 125, '1', '1', '0', 26, 41, 108, '0', '1', '0', 27, 45, 1),
(21900386, '2019-12-14', 'Final', 1610612745, 1610612765, 2019, 107, '0', '1', '0', 18, 46, 115, '0', '1', '0', 27, 55, 0),
(21900387, '2019-12-14', 'Final', 1610612743, 1610612760, 2019, 110, '1', '1', '0', 30, 44, 102, '0', '1', '0', 22, 37, 1),
(21900388, '2019-12-15', 'Final', 1610612740, 1610612753, 2019, 119, '1', '1', '0', 34, 40, 130, '1', '1', '1', 32, 39, 0),
(21900389, '2019-12-15', 'Final', 1610612754, 1610612766, 2019, 107, '0', '1', '0', 30, 51, 85, '0', '1', '0', 18, 56, 1),
(21900390, '2019-12-15', 'Final', 1610612737, 1610612747, 2019, 96, '0', '1', '0', 18, 42, 101, '0', '1', '0', 21, 56, 0),
(21900391, '2019-12-15', 'Final', 1610612751, 1610612755, 2019, 109, '0', '1', '0', 22, 51, 89, '0', '1', '0', 19, 38, 1),
(21900392, '2019-12-15', 'Final', 1610612743, 1610612752, 2019, 111, '0', '1', '0', 27, 48, 105, '0', '1', '0', 20, 47, 1),
(21900393, '2019-12-15', 'Final', 1610612744, 1610612758, 2019, 79, '0', '1', '0', 24, 25, 100, '1', '1', '0', 27, 38, 0),
(21900394, '2019-12-16', 'Final', 1610612765, 1610612764, 2019, 119, '0', '1', '0', 29, 36, 133, '1', '1', '1', 31, 35, 0),
(21900395, '2019-12-16', 'Final', 1610612761, 1610612739, 2019, 133, '1', '1', '1', 31, 41, 113, '0', '1', '0', 30, 39, 1),
(21900396, '2019-12-16', 'Final', 1610612745, 1610612759, 2019, 109, '0', '1', '0', 20, 58, 107, '0', '1', '0', 23, 53, 1),
(21900397, '2019-12-16', 'Final', 1610612763, 1610612748, 2019, 118, '0', '1', '0', 28, 45, 111, '0', '1', '0', 22, 35, 1),
(21900398, '2019-12-16', 'Final', 1610612749, 1610612742, 2019, 116, '0', '1', '0', 29, 52, 120, '0', '1', '0', 27, 52, 0);
INSERT INTO `games` (`game_id`, `game_date_est`, `game_status_text`, `home_team_id`, `visitor_team_id`, `season`, `pts_home`, `fg_pct_home`, `ft_pct_home`, `fg3_pct_home`, `ast_home`, `reb_home`, `pts_away`, `fg_pct_away`, `ft_pct_away`, `fg3_pct_away`, `ast_away`, `reb_away`, `home_team_wins`) VALUES
(21900399, '2019-12-16', 'Final', 1610612760, 1610612741, 2019, 109, '1', '1', '0', 21, 42, 106, '0', '1', '0', 27, 31, 1),
(21900400, '2019-12-16', 'Final', 1610612756, 1610612757, 2019, 110, '0', '1', '0', 31, 44, 111, '0', '1', '0', 21, 41, 0),
(21900401, '2019-12-17', 'Final', 1610612766, 1610612758, 2019, 110, '0', '1', '0', 26, 51, 102, '0', '1', '0', 23, 33, 1),
(21900402, '2019-12-17', 'Final', 1610612754, 1610612747, 2019, 105, '0', '1', '0', 22, 43, 102, '0', '0', '0', 28, 42, 1),
(21900403, '2019-12-17', 'Final', 1610612752, 1610612737, 2019, 143, '1', '1', '0', 30, 55, 120, '0', '1', '0', 20, 36, 1),
(21900404, '2019-12-17', 'Final', 1610612740, 1610612751, 2019, 101, '0', '1', '0', 20, 58, 108, '0', '1', '0', 25, 54, 0),
(21900405, '2019-12-17', 'Final', 1610612762, 1610612753, 2019, 109, '0', '1', '0', 27, 58, 102, '0', '1', '0', 21, 41, 1),
(21900406, '2019-12-17', 'Final', 1610612746, 1610612756, 2019, 120, '1', '1', '0', 23, 44, 99, '0', '1', '0', 30, 50, 1),
(21900407, '2019-12-18', 'Final', 1610612739, 1610612766, 2019, 100, '1', '1', '0', 25, 48, 98, '0', '1', '0', 25, 35, 1),
(21900408, '2019-12-18', 'Final', 1610612765, 1610612761, 2019, 99, '0', '1', '0', 19, 48, 112, '0', '1', '0', 27, 47, 0),
(21900409, '2019-12-18', 'Final', 1610612764, 1610612741, 2019, 109, '0', '1', '0', 21, 55, 110, '0', '1', '0', 25, 53, 0),
(21900410, '2019-12-18', 'Final', 1610612755, 1610612748, 2019, 104, '0', '1', '0', 24, 41, 108, '0', '1', '0', 26, 47, 0),
(21900411, '2019-12-18', 'Final', 1610612750, 1610612740, 2019, 99, '0', '1', '0', 20, 43, 107, '0', '1', '0', 23, 55, 0),
(21900412, '2019-12-18', 'Final', 1610612760, 1610612763, 2019, 126, '1', '1', '0', 25, 35, 122, '1', '1', '0', 27, 47, 1),
(21900413, '2019-12-18', 'Final', 1610612742, 1610612738, 2019, 103, '0', '1', '0', 23, 42, 109, '0', '1', '0', 13, 54, 0),
(21900414, '2019-12-18', 'Final', 1610612743, 1610612753, 2019, 113, '0', '1', '0', 28, 52, 104, '0', '1', '0', 25, 35, 1),
(21900415, '2019-12-18', 'Final', 1610612757, 1610612744, 2019, 122, '0', '1', '0', 19, 57, 112, '0', '1', '0', 24, 50, 1),
(21900416, '2019-12-19', 'Final', 1610612737, 1610612762, 2019, 106, '0', '1', '0', 24, 40, 111, '0', '1', '0', 18, 53, 0),
(21900417, '2019-12-19', 'Final', 1610612749, 1610612747, 2019, 111, '0', '1', '0', 22, 40, 104, '0', '1', '0', 24, 38, 1),
(21900418, '2019-12-19', 'Final', 1610612759, 1610612751, 2019, 118, '0', '1', '0', 26, 47, 105, '0', '1', '0', 16, 47, 1),
(21900419, '2019-12-19', 'Final', 1610612746, 1610612745, 2019, 117, '1', '1', '0', 23, 38, 122, '1', '1', '0', 23, 43, 0),
(21900420, '2019-12-20', 'Final', 1610612739, 1610612763, 2019, 114, '0', '1', '0', 26, 60, 107, '0', '1', '0', 31, 46, 1),
(21900421, '2019-12-20', 'Final', 1610612754, 1610612758, 2019, 119, '1', '1', '0', 34, 39, 105, '0', '1', '0', 25, 41, 1),
(21900422, '2019-12-20', 'Final', 1610612738, 1610612765, 2019, 114, '1', '1', '0', 24, 51, 93, '0', '1', '0', 21, 36, 1),
(21900423, '2019-12-20', 'Final', 1610612761, 1610612764, 2019, 122, '0', '1', '0', 26, 42, 118, '0', '1', '0', 24, 39, 1),
(21900424, '2019-12-20', 'Final', 1610612748, 1610612752, 2019, 129, '1', '1', '0', 34, 51, 114, '0', '1', '0', 23, 41, 1),
(21900425, '2019-12-20', 'Final', 1610612755, 1610612742, 2019, 98, '0', '1', '0', 25, 46, 117, '1', '1', '0', 23, 49, 0),
(21900426, '2019-12-20', 'Final', 1610612760, 1610612756, 2019, 126, '1', '1', '0', 23, 41, 108, '0', '1', '0', 26, 37, 1),
(21900427, '2019-12-20', 'Final', 1610612743, 1610612750, 2019, 109, '0', '1', '0', 27, 44, 100, '0', '1', '0', 20, 46, 1),
(21900428, '2019-12-20', 'Final', 1610612757, 1610612753, 2019, 118, '1', '1', '0', 16, 54, 103, '0', '1', '0', 21, 48, 1),
(21900429, '2019-12-20', 'Final', 1610612744, 1610612740, 2019, 106, '0', '1', '0', 25, 47, 102, '0', '1', '0', 23, 48, 1),
(21900430, '2019-12-21', 'Final', 1610612766, 1610612762, 2019, 107, '0', '1', '0', 20, 36, 114, '1', '1', '1', 27, 42, 0),
(21900431, '2019-12-21', 'Final', 1610612751, 1610612737, 2019, 122, '0', '1', '0', 23, 61, 112, '0', '1', '0', 17, 52, 1),
(21900432, '2019-12-21', 'Final', 1610612765, 1610612741, 2019, 107, '0', '1', '0', 30, 29, 119, '1', '1', '1', 21, 46, 0),
(21900433, '2019-12-21', 'Final', 1610612755, 1610612764, 2019, 125, '1', '1', '0', 28, 53, 108, '0', '1', '0', 18, 38, 1),
(21900434, '2019-12-21', 'Final', 1610612752, 1610612749, 2019, 102, '0', '1', '0', 23, 47, 123, '0', '1', '0', 26, 52, 0),
(21900435, '2019-12-21', 'Final', 1610612763, 1610612758, 2019, 119, '0', '1', '0', 32, 44, 115, '0', '1', '0', 22, 51, 1),
(21900436, '2019-12-21', 'Final', 1610612759, 1610612746, 2019, 109, '1', '1', '0', 24, 36, 134, '1', '1', '0', 32, 43, 0),
(21900437, '2019-12-21', 'Final', 1610612756, 1610612745, 2019, 125, '1', '1', '0', 26, 41, 139, '1', '1', '0', 23, 37, 0),
(21900438, '2019-12-21', 'Final', 1610612757, 1610612750, 2019, 113, '0', '1', '0', 19, 45, 106, '0', '1', '0', 16, 39, 1),
(21900439, '2019-12-22', 'Final', 1610612761, 1610612742, 2019, 110, '0', '1', '0', 21, 51, 107, '0', '1', '0', 27, 53, 1),
(21900440, '2019-12-22', 'Final', 1610612738, 1610612766, 2019, 119, '1', '1', '0', 25, 57, 93, '0', '1', '0', 26, 27, 1),
(21900441, '2019-12-22', 'Final', 1610612749, 1610612754, 2019, 117, '0', '1', '0', 31, 61, 89, '0', '1', '0', 27, 48, 1),
(21900442, '2019-12-22', 'Final', 1610612760, 1610612746, 2019, 118, '0', '1', '0', 24, 49, 112, '0', '1', '0', 22, 42, 1),
(21900443, '2019-12-22', 'Final', 1610612747, 1610612743, 2019, 104, '0', '1', '0', 18, 45, 128, '0', '1', '0', 31, 44, 0),
(21900444, '2019-12-23', 'Final', 1610612739, 1610612737, 2019, 121, '1', '1', '0', 19, 43, 118, '0', '1', '0', 23, 37, 1),
(21900445, '2019-12-23', 'Final', 1610612765, 1610612755, 2019, 109, '1', '1', '0', 27, 30, 125, '1', '1', '0', 33, 48, 0),
(21900446, '2019-12-23', 'Final', 1610612754, 1610612761, 2019, 120, '0', '1', '0', 34, 45, 115, '0', '1', '0', 30, 50, 1),
(21900447, '2019-12-23', 'Final', 1610612752, 1610612764, 2019, 115, '0', '1', '0', 29, 44, 121, '0', '1', '0', 27, 48, 0),
(21900448, '2019-12-23', 'Final', 1610612753, 1610612741, 2019, 103, '0', '1', '0', 23, 46, 95, '0', '1', '0', 20, 47, 1),
(21900449, '2019-12-23', 'Final', 1610612748, 1610612762, 2019, 107, '0', '1', '0', 16, 56, 104, '0', '1', '0', 17, 45, 1),
(21900450, '2019-12-23', 'Final', 1610612763, 1610612759, 2019, 115, '0', '1', '0', 28, 35, 145, '1', '1', '1', 36, 46, 0),
(21900451, '2019-12-23', 'Final', 1610612756, 1610612743, 2019, 111, '0', '1', '0', 29, 38, 113, '1', '1', '1', 31, 39, 0),
(21900452, '2019-12-23', 'Final', 1610612757, 1610612740, 2019, 94, '0', '1', '0', 17, 48, 102, '0', '1', '0', 23, 55, 0),
(21900453, '2019-12-23', 'Final', 1610612758, 1610612745, 2019, 104, '0', '1', '0', 20, 49, 113, '0', '1', '0', 18, 39, 0),
(21900454, '2019-12-23', 'Final', 1610612744, 1610612750, 2019, 113, '0', '1', '0', 27, 55, 104, '0', '1', '0', 16, 40, 1),
(21900455, '2019-12-25', 'Final', 1610612761, 1610612738, 2019, 102, '0', '1', '0', 17, 34, 118, '1', '1', '0', 26, 45, 0),
(21900456, '2019-12-25', 'Final', 1610612755, 1610612749, 2019, 121, '0', '1', '0', 29, 49, 109, '0', '1', '0', 23, 47, 1),
(21900457, '2019-12-25', 'Final', 1610612744, 1610612745, 2019, 116, '0', '1', '0', 27, 54, 104, '0', '1', '0', 19, 49, 1),
(21900458, '2019-12-25', 'Final', 1610612747, 1610612746, 2019, 106, '0', '1', '0', 24, 42, 111, '0', '1', '0', 24, 50, 0),
(21900459, '2019-12-25', 'Final', 1610612743, 1610612740, 2019, 100, '0', '1', '0', 24, 40, 112, '0', '1', '0', 23, 52, 0),
(21900460, '2019-12-26', 'Final', 1610612765, 1610612764, 2019, 132, '1', '1', '0', 32, 48, 102, '0', '1', '0', 18, 44, 1),
(21900461, '2019-12-26', 'Final', 1610612751, 1610612752, 2019, 82, '0', '1', '0', 17, 50, 94, '0', '1', '0', 16, 60, 0),
(21900462, '2019-12-26', 'Final', 1610612760, 1610612763, 2019, 97, '0', '1', '0', 23, 34, 110, '1', '1', '0', 26, 50, 0),
(21900463, '2019-12-26', 'Final', 1610612742, 1610612759, 2019, 102, '0', '1', '0', 22, 52, 98, '0', '1', '0', 18, 45, 1),
(21900464, '2019-12-26', 'Final', 1610612758, 1610612750, 2019, 104, '0', '1', '0', 20, 67, 105, '0', '1', '0', 23, 65, 0),
(21900465, '2019-12-26', 'Final', 1610612762, 1610612757, 2019, 121, '1', '1', '0', 22, 41, 115, '0', '1', '0', 14, 43, 1),
(21900466, '2019-12-27', 'Final', 1610612738, 1610612739, 2019, 129, '1', '1', '0', 28, 43, 117, '1', '1', '0', 22, 38, 1),
(21900467, '2019-12-27', 'Final', 1610612766, 1610612760, 2019, 102, '0', '1', '0', 26, 54, 104, '0', '1', '0', 19, 49, 0),
(21900468, '2019-12-27', 'Final', 1610612753, 1610612755, 2019, 98, '0', '1', '0', 26, 48, 97, '0', '1', '0', 23, 45, 1),
(21900469, '2019-12-27', 'Final', 1610612737, 1610612749, 2019, 86, '0', '1', '0', 20, 46, 112, '1', '1', '0', 29, 56, 0),
(21900470, '2019-12-27', 'Final', 1610612748, 1610612754, 2019, 113, '0', '1', '0', 29, 56, 112, '0', '1', '0', 27, 34, 1),
(21900471, '2019-12-27', 'Final', 1610612744, 1610612756, 2019, 105, '0', '1', '0', 22, 41, 96, '0', '1', '0', 22, 49, 1),
(21900472, '2019-12-28', 'Final', 1610612743, 1610612763, 2019, 119, '0', '1', '0', 28, 43, 110, '0', '1', '0', 32, 45, 1),
(21900473, '2019-12-28', 'Final', 1610612738, 1610612761, 2019, 97, '0', '1', '0', 18, 31, 113, '1', '1', '0', 27, 53, 0),
(21900474, '2019-12-28', 'Final', 1610612740, 1610612754, 2019, 120, '0', '1', '0', 25, 49, 98, '0', '1', '0', 17, 46, 1),
(21900475, '2019-12-28', 'Final', 1610612748, 1610612755, 2019, 117, '0', '1', '0', 26, 43, 116, '0', '1', '0', 24, 47, 1),
(21900476, '2019-12-28', 'Final', 1610612764, 1610612752, 2019, 100, '0', '1', '0', 16, 49, 107, '0', '1', '0', 25, 56, 0),
(21900477, '2019-12-28', 'Final', 1610612741, 1610612737, 2019, 116, '0', '1', '0', 22, 51, 81, '0', '1', '0', 24, 39, 1),
(21900478, '2019-12-28', 'Final', 1610612745, 1610612751, 2019, 108, '0', '0', '0', 16, 54, 98, '0', '1', '0', 24, 47, 1),
(21900479, '2019-12-28', 'Final', 1610612750, 1610612739, 2019, 88, '0', '1', '0', 17, 39, 94, '0', '1', '0', 13, 61, 0),
(21900480, '2019-12-28', 'Final', 1610612749, 1610612753, 2019, 111, '1', '1', '0', 30, 57, 100, '0', '1', '0', 21, 35, 1),
(21900481, '2019-12-28', 'Final', 1610612759, 1610612765, 2019, 136, '1', '1', '1', 30, 51, 109, '0', '1', '0', 20, 40, 1),
(21900482, '2019-12-28', 'Final', 1610612744, 1610612742, 2019, 121, '0', '1', '0', 28, 42, 141, '1', '1', '0', 35, 46, 0),
(21900483, '2019-12-28', 'Final', 1610612758, 1610612756, 2019, 110, '0', '1', '0', 19, 36, 112, '1', '1', '0', 30, 41, 0),
(21900484, '2019-12-28', 'Final', 1610612757, 1610612747, 2019, 120, '0', '1', '0', 18, 39, 128, '1', '1', '0', 32, 44, 0),
(21900485, '2019-12-28', 'Final', 1610612746, 1610612762, 2019, 107, '0', '1', '0', 22, 46, 120, '1', '1', '0', 25, 47, 0),
(21900486, '2019-12-29', 'Final', 1610612761, 1610612760, 2019, 97, '0', '1', '0', 21, 42, 98, '0', '1', '0', 15, 43, 0),
(21900487, '2019-12-29', 'Final', 1610612763, 1610612766, 2019, 117, '0', '1', '0', 30, 50, 104, '0', '1', '0', 23, 42, 1),
(21900488, '2019-12-29', 'Final', 1610612740, 1610612745, 2019, 127, '0', '1', '0', 32, 47, 112, '1', '1', '0', 29, 41, 1),
(21900489, '2019-12-29', 'Final', 1610612743, 1610612758, 2019, 120, '1', '1', '0', 23, 37, 115, '1', '1', '0', 32, 35, 1),
(21900490, '2019-12-29', 'Final', 1610612747, 1610612742, 2019, 108, '0', '1', '0', 28, 39, 95, '0', '1', '0', 17, 45, 1),
(21900491, '2019-12-30', 'Final', 1610612753, 1610612737, 2019, 93, '0', '1', '0', 22, 40, 101, '0', '1', '0', 21, 52, 0),
(21900492, '2019-12-30', 'Final', 1610612764, 1610612748, 2019, 123, '1', '1', '0', 26, 40, 105, '0', '1', '0', 18, 44, 1),
(21900493, '2019-12-30', 'Final', 1610612741, 1610612749, 2019, 102, '0', '1', '0', 26, 43, 123, '1', '1', '0', 29, 59, 0),
(21900494, '2019-12-30', 'Final', 1610612750, 1610612751, 2019, 122, '0', '1', '0', 20, 60, 115, '0', '1', '0', 22, 58, 1),
(21900495, '2019-12-30', 'Final', 1610612762, 1610612765, 2019, 104, '0', '1', '0', 20, 46, 81, '0', '1', '0', 14, 43, 1),
(21900496, '2019-12-30', 'Final', 1610612757, 1610612756, 2019, 116, '0', '1', '0', 24, 42, 122, '0', '1', '1', 29, 44, 0),
(21900497, '2019-12-31', 'Final', 1610612766, 1610612738, 2019, 92, '0', '1', '0', 25, 41, 109, '0', '1', '0', 25, 54, 0),
(21900498, '2019-12-31', 'Final', 1610612754, 1610612755, 2019, 115, '0', '1', '0', 35, 38, 97, '0', '1', '0', 24, 47, 1),
(21900499, '2019-12-31', 'Final', 1610612758, 1610612746, 2019, 87, '0', '1', '0', 20, 41, 105, '0', '1', '0', 21, 51, 0),
(21900500, '2019-12-31', 'Final', 1610612761, 1610612739, 2019, 117, '0', '1', '0', 29, 45, 97, '0', '1', '0', 21, 41, 1),
(21900501, '2019-12-31', 'Final', 1610612745, 1610612743, 2019, 130, '1', '1', '0', 20, 43, 104, '0', '1', '0', 25, 39, 1),
(21900502, '2019-12-31', 'Final', 1610612759, 1610612744, 2019, 117, '0', '1', '0', 30, 53, 113, '0', '1', '0', 31, 44, 1),
(21900503, '2019-12-31', 'Final', 1610612760, 1610612742, 2019, 106, '0', '1', '0', 18, 56, 101, '0', '1', '0', 19, 49, 1),
(21900504, '2020-01-01', 'Final', 1610612764, 1610612753, 2019, 101, '0', '1', '0', 18, 46, 122, '0', '1', '0', 25, 52, 0),
(21900505, '2020-01-01', 'Final', 1610612752, 1610612757, 2019, 117, '0', '1', '0', 29, 55, 93, '0', '1', '0', 17, 47, 1),
(21900506, '2020-01-01', 'Final', 1610612749, 1610612750, 2019, 106, '0', '1', '0', 24, 60, 104, '0', '1', '0', 18, 48, 1),
(21900507, '2020-01-01', 'Final', 1610612747, 1610612756, 2019, 117, '0', '1', '0', 25, 45, 107, '0', '1', '0', 32, 47, 1),
(21900508, '2020-01-02', 'Final', 1610612739, 1610612766, 2019, 106, '1', '1', '0', 26, 42, 109, '0', '1', '0', 25, 39, 0),
(21900509, '2020-01-02', 'Final', 1610612754, 1610612743, 2019, 116, '1', '1', '0', 32, 34, 124, '1', '1', '0', 27, 47, 0),
(21900510, '2020-01-02', 'Final', 1610612748, 1610612761, 2019, 84, '0', '1', '0', 23, 50, 76, '0', '1', '0', 20, 48, 1),
(21900511, '2020-01-02', 'Final', 1610612741, 1610612762, 2019, 98, '0', '1', '0', 22, 45, 102, '0', '1', '0', 24, 42, 0),
(21900512, '2020-01-02', 'Final', 1610612750, 1610612744, 2019, 99, '0', '1', '0', 22, 52, 84, '0', '1', '0', 20, 43, 1),
(21900513, '2020-01-02', 'Final', 1610612742, 1610612751, 2019, 123, '1', '1', '0', 22, 46, 111, '0', '1', '0', 29, 44, 1),
(21900514, '2020-01-02', 'Final', 1610612759, 1610612760, 2019, 103, '0', '1', '0', 22, 45, 109, '0', '1', '0', 19, 43, 0),
(21900515, '2020-01-02', 'Final', 1610612758, 1610612763, 2019, 128, '0', '1', '0', 26, 41, 123, '0', '1', '0', 31, 42, 1),
(21900516, '2020-01-02', 'Final', 1610612746, 1610612765, 2019, 126, '1', '1', '0', 29, 51, 112, '0', '1', '0', 20, 45, 1),
(21900517, '2020-01-03', 'Final', 1610612738, 1610612737, 2019, 109, '0', '1', '0', 23, 54, 106, '0', '1', '0', 26, 42, 1),
(21900518, '2020-01-03', 'Final', 1610612753, 1610612748, 2019, 105, '0', '1', '0', 25, 44, 85, '0', '1', '0', 16, 49, 1),
(21900519, '2020-01-03', 'Final', 1610612764, 1610612757, 2019, 103, '0', '1', '0', 19, 41, 122, '1', '1', '0', 16, 41, 0),
(21900520, '2020-01-03', 'Final', 1610612745, 1610612755, 2019, 118, '0', '1', '0', 22, 46, 108, '0', '1', '0', 32, 44, 1),
(21900521, '2020-01-03', 'Final', 1610612756, 1610612752, 2019, 120, '0', '1', '0', 28, 48, 112, '0', '1', '0', 19, 52, 1),
(21900522, '2020-01-03', 'Final', 1610612747, 1610612740, 2019, 123, '1', '1', '0', 29, 47, 113, '0', '1', '0', 24, 40, 1),
(21900523, '2020-01-04', 'Final', 1610612746, 1610612763, 2019, 114, '0', '1', '0', 20, 49, 140, '1', '1', '0', 36, 54, 0),
(21900524, '2020-01-04', 'Final', 1610612751, 1610612761, 2019, 102, '0', '1', '0', 24, 38, 121, '0', '1', '0', 21, 43, 0),
(21900525, '2020-01-04', 'Final', 1610612753, 1610612762, 2019, 96, '0', '1', '0', 21, 46, 109, '0', '1', '0', 22, 51, 0),
(21900526, '2020-01-04', 'Final', 1610612737, 1610612754, 2019, 116, '1', '1', '0', 22, 40, 111, '0', '1', '0', 24, 39, 1),
(21900527, '2020-01-04', 'Final', 1610612739, 1610612760, 2019, 106, '0', '1', '0', 19, 42, 121, '0', '1', '0', 24, 52, 0),
(21900528, '2020-01-04', 'Final', 1610612764, 1610612743, 2019, 128, '1', '1', '0', 20, 49, 114, '0', '1', '0', 18, 33, 1),
(21900529, '2020-01-04', 'Final', 1610612741, 1610612738, 2019, 104, '0', '1', '0', 23, 37, 111, '1', '1', '0', 22, 44, 0),
(21900530, '2020-01-04', 'Final', 1610612742, 1610612766, 2019, 120, '0', '1', '0', 28, 41, 123, '0', '1', '0', 27, 53, 0),
(21900531, '2020-01-04', 'Final', 1610612749, 1610612759, 2019, 127, '0', '1', '0', 23, 49, 118, '0', '1', '0', 20, 50, 1),
(21900532, '2020-01-04', 'Final', 1610612744, 1610612765, 2019, 104, '0', '1', '1', 26, 42, 111, '1', '1', '0', 24, 46, 0),
(21900533, '2020-01-04', 'Final', 1610612758, 1610612740, 2019, 115, '0', '1', '1', 20, 51, 117, '0', '1', '0', 28, 44, 0),
(21900534, '2020-01-05', 'Final', 1610612746, 1610612752, 2019, 135, '1', '1', '1', 25, 42, 132, '1', '1', '1', 22, 37, 1),
(21900535, '2020-01-05', 'Final', 1610612748, 1610612757, 2019, 122, '1', '1', '0', 34, 47, 111, '0', '1', '0', 21, 40, 1),
(21900536, '2020-01-05', 'Final', 1610612739, 1610612750, 2019, 103, '0', '1', '0', 15, 44, 118, '0', '1', '0', 32, 43, 0),
(21900537, '2020-01-05', 'Final', 1610612756, 1610612763, 2019, 114, '0', '1', '0', 25, 46, 121, '1', '1', '0', 31, 42, 0),
(21900538, '2020-01-05', 'Final', 1610612747, 1610612765, 2019, 106, '0', '1', '0', 23, 50, 99, '0', '1', '0', 21, 43, 1),
(21900539, '2020-01-06', 'Final', 1610612766, 1610612754, 2019, 104, '0', '1', '0', 21, 38, 115, '1', '1', '0', 31, 43, 0),
(21900540, '2020-01-06', 'Final', 1610612753, 1610612751, 2019, 101, '0', '1', '0', 21, 60, 89, '0', '1', '0', 20, 46, 1),
(21900541, '2020-01-06', 'Final', 1610612755, 1610612760, 2019, 120, '1', '1', '1', 31, 42, 113, '0', '1', '0', 17, 47, 1),
(21900542, '2020-01-06', 'Final', 1610612764, 1610612738, 2019, 99, '0', '1', '0', 18, 47, 94, '0', '1', '0', 17, 55, 1),
(21900543, '2020-01-06', 'Final', 1610612737, 1610612743, 2019, 115, '0', '1', '0', 24, 34, 123, '1', '1', '0', 27, 41, 0),
(21900544, '2020-01-06', 'Final', 1610612740, 1610612762, 2019, 126, '0', '1', '0', 23, 48, 128, '1', '1', '0', 19, 43, 0),
(21900545, '2020-01-06', 'Final', 1610612742, 1610612741, 2019, 118, '1', '1', '0', 25, 43, 110, '0', '1', '0', 25, 45, 1),
(21900546, '2020-01-06', 'Final', 1610612759, 1610612749, 2019, 126, '1', '1', '1', 23, 54, 104, '0', '1', '0', 24, 38, 1),
(21900547, '2020-01-06', 'Final', 1610612758, 1610612744, 2019, 111, '0', '1', '1', 27, 43, 98, '0', '1', '0', 19, 44, 1),
(21900548, '2020-01-07', 'Final', 1610612739, 1610612765, 2019, 113, '0', '1', '0', 29, 46, 115, '0', '1', '0', 26, 40, 0),
(21900549, '2020-01-07', 'Final', 1610612761, 1610612757, 2019, 99, '0', '1', '0', 21, 57, 101, '0', '1', '0', 23, 45, 0),
(21900550, '2020-01-07', 'Final', 1610612751, 1610612760, 2019, 103, '0', '1', '0', 19, 52, 111, '0', '1', '0', 19, 51, 0),
(21900551, '2020-01-07', 'Final', 1610612763, 1610612750, 2019, 119, '1', '1', '0', 22, 44, 112, '0', '1', '0', 23, 40, 1),
(21900552, '2020-01-07', 'Final', 1610612756, 1610612758, 2019, 103, '0', '1', '0', 24, 41, 114, '0', '1', '0', 18, 41, 0),
(21900553, '2020-01-07', 'Final', 1610612747, 1610612752, 2019, 117, '1', '1', '0', 27, 48, 87, '0', '1', '0', 15, 47, 1),
(21900554, '2020-01-08', 'Final', 1610612738, 1610612759, 2019, 114, '0', '1', '0', 26, 39, 129, '1', '1', '0', 28, 49, 0),
(21900555, '2020-01-08', 'Final', 1610612766, 1610612761, 2019, 110, '0', '1', '0', 30, 50, 112, '0', '1', '0', 34, 46, 0),
(21900556, '2020-01-08', 'Final', 1610612754, 1610612748, 2019, 108, '0', '1', '0', 25, 37, 122, '1', '1', '0', 28, 41, 0),
(21900557, '2020-01-08', 'Final', 1610612753, 1610612764, 2019, 123, '0', '1', '0', 24, 51, 89, '0', '1', '0', 24, 40, 1),
(21900558, '2020-01-08', 'Final', 1610612737, 1610612745, 2019, 115, '0', '1', '0', 20, 54, 122, '0', '1', '0', 22, 59, 0),
(21900559, '2020-01-08', 'Final', 1610612742, 1610612743, 2019, 106, '1', '1', '0', 27, 38, 107, '0', '1', '0', 27, 38, 0),
(21900560, '2020-01-08', 'Final', 1610612740, 1610612741, 2019, 123, '0', '1', '0', 31, 50, 108, '0', '1', '0', 22, 39, 1),
(21900561, '2020-01-08', 'Final', 1610612762, 1610612752, 2019, 128, '1', '1', '0', 29, 50, 104, '0', '1', '0', 18, 41, 1),
(21900562, '2020-01-08', 'Final', 1610612744, 1610612749, 2019, 98, '0', '1', '0', 29, 52, 107, '0', '1', '0', 22, 47, 0),
(21900563, '2020-01-09', 'Final', 1610612765, 1610612739, 2019, 112, '0', '1', '0', 20, 46, 115, '1', '1', '0', 24, 39, 0),
(21900564, '2020-01-09', 'Final', 1610612755, 1610612738, 2019, 109, '0', '1', '0', 24, 48, 98, '0', '1', '0', 17, 38, 1),
(21900565, '2020-01-09', 'Final', 1610612750, 1610612757, 2019, 116, '0', '1', '0', 25, 56, 102, '0', '1', '0', 14, 41, 1),
(21900566, '2020-01-09', 'Final', 1610612760, 1610612745, 2019, 113, '0', '1', '0', 22, 52, 92, '0', '1', '0', 16, 39, 1),
(21900567, '2020-01-10', 'Final', 1610612764, 1610612737, 2019, 111, '0', '1', '0', 26, 57, 101, '0', '1', '0', 19, 56, 1),
(21900568, '2020-01-10', 'Final', 1610612751, 1610612748, 2019, 117, '0', '1', '0', 31, 51, 113, '1', '1', '0', 26, 40, 1),
(21900569, '2020-01-10', 'Final', 1610612752, 1610612740, 2019, 111, '0', '1', '0', 26, 46, 123, '1', '1', '0', 35, 43, 0),
(21900570, '2020-01-10', 'Final', 1610612741, 1610612754, 2019, 105, '0', '1', '0', 16, 36, 116, '1', '1', '0', 31, 46, 0),
(21900571, '2020-01-10', 'Final', 1610612763, 1610612759, 2019, 134, '1', '1', '0', 39, 49, 121, '0', '1', '0', 29, 37, 1),
(21900572, '2020-01-10', 'Final', 1610612742, 1610612747, 2019, 114, '0', '1', '0', 19, 47, 129, '1', '1', '0', 18, 49, 0),
(21900573, '2020-01-10', 'Final', 1610612756, 1610612753, 2019, 98, '0', '1', '0', 19, 44, 94, '0', '1', '0', 15, 49, 1),
(21900574, '2020-01-10', 'Final', 1610612762, 1610612766, 2019, 109, '1', '1', '0', 28, 40, 92, '0', '1', '0', 20, 37, 1),
(21900575, '2020-01-10', 'Final', 1610612758, 1610612749, 2019, 106, '0', '1', '0', 26, 45, 127, '0', '1', '0', 29, 52, 0),
(21900576, '2020-01-10', 'Final', 1610612746, 1610612744, 2019, 109, '0', '1', '0', 27, 54, 100, '0', '1', '0', 28, 46, 1),
(21900577, '2020-01-11', 'Final', 1610612745, 1610612750, 2019, 139, '1', '1', '0', 29, 58, 109, '0', '1', '0', 28, 44, 1),
(21900578, '2020-01-11', 'Final', 1610612738, 1610612740, 2019, 140, '1', '1', '0', 29, 53, 105, '0', '1', '0', 29, 43, 1),
(21900579, '2020-01-11', 'Final', 1610612765, 1610612741, 2019, 99, '0', '1', '0', 22, 42, 108, '1', '1', '0', 24, 38, 0),
(21900580, '2020-01-11', 'Final', 1610612760, 1610612747, 2019, 110, '0', '1', '0', 23, 37, 125, '1', '1', '0', 21, 54, 0),
(21900581, '2020-01-11', 'Final', 1610612742, 1610612755, 2019, 109, '1', '1', '0', 22, 54, 91, '0', '1', '0', 22, 43, 1),
(21900582, '2020-01-11', 'Final', 1610612743, 1610612739, 2019, 103, '0', '1', '0', 23, 42, 111, '0', '1', '0', 22, 55, 0),
(21900583, '2020-01-11', 'Final', 1610612757, 1610612749, 2019, 101, '0', '1', '0', 17, 48, 122, '0', '1', '0', 21, 60, 0),
(21900584, '2020-01-12', 'Final', 1610612752, 1610612748, 2019, 124, '1', '1', '0', 24, 39, 121, '1', '1', '0', 24, 39, 1),
(21900585, '2020-01-12', 'Final', 1610612764, 1610612762, 2019, 116, '1', '1', '0', 28, 37, 127, '1', '1', '0', 24, 44, 0),
(21900586, '2020-01-12', 'Final', 1610612751, 1610612737, 2019, 108, '1', '1', '0', 25, 62, 86, '0', '1', '0', 23, 33, 1),
(21900587, '2020-01-12', 'Final', 1610612761, 1610612759, 2019, 104, '0', '1', '0', 30, 45, 105, '0', '1', '0', 24, 51, 0),
(21900588, '2020-01-12', 'Final', 1610612763, 1610612744, 2019, 122, '0', '1', '0', 33, 60, 102, '0', '1', '1', 23, 47, 1),
(21900589, '2020-01-12', 'Final', 1610612743, 1610612746, 2019, 114, '0', '1', '0', 24, 44, 104, '0', '1', '0', 21, 42, 1),
(21900590, '2020-01-12', 'Final', 1610612756, 1610612766, 2019, 100, '1', '1', '0', 22, 51, 92, '0', '1', '0', 25, 37, 1),
(21900591, '2020-01-13', 'Final', 1610612765, 1610612740, 2019, 110, '0', '1', '0', 27, 43, 117, '0', '1', '0', 23, 61, 0),
(21900592, '2020-01-13', 'Final', 1610612754, 1610612755, 2019, 101, '0', '1', '0', 24, 50, 95, '0', '1', '0', 17, 52, 1),
(21900593, '2020-01-13', 'Final', 1610612738, 1610612741, 2019, 113, '0', '1', '0', 28, 43, 101, '0', '1', '0', 16, 38, 1),
(21900594, '2020-01-13', 'Final', 1610612750, 1610612760, 2019, 104, '0', '1', '0', 23, 37, 117, '1', '1', '0', 25, 51, 0),
(21900595, '2020-01-13', 'Final', 1610612757, 1610612766, 2019, 115, '1', '1', '0', 26, 47, 112, '0', '1', '0', 24, 42, 1),
(21900596, '2020-01-13', 'Final', 1610612758, 1610612753, 2019, 112, '1', '1', '0', 25, 44, 114, '0', '1', '0', 17, 46, 0),
(21900597, '2020-01-13', 'Final', 1610612747, 1610612739, 2019, 128, '1', '1', '0', 33, 45, 99, '0', '1', '0', 21, 40, 1),
(21900598, '2020-01-14', 'Final', 1610612737, 1610612756, 2019, 123, '0', '1', '0', 25, 46, 110, '0', '1', '0', 20, 40, 1),
(21900599, '2020-01-14', 'Final', 1610612751, 1610612762, 2019, 107, '1', '1', '0', 22, 43, 118, '1', '1', '0', 19, 41, 0),
(21900600, '2020-01-14', 'Final', 1610612763, 1610612745, 2019, 121, '1', '1', '0', 29, 42, 110, '0', '1', '0', 18, 41, 1),
(21900601, '2020-01-14', 'Final', 1610612749, 1610612752, 2019, 128, '0', '1', '0', 27, 59, 102, '0', '1', '0', 26, 49, 1),
(21900602, '2020-01-14', 'Final', 1610612744, 1610612742, 2019, 97, '0', '1', '0', 27, 36, 124, '1', '1', '0', 23, 53, 0),
(21900603, '2020-01-14', 'Final', 1610612746, 1610612739, 2019, 128, '1', '1', '0', 29, 53, 103, '0', '1', '0', 25, 40, 1),
(21900604, '2020-01-15', 'Final', 1610612738, 1610612765, 2019, 103, '0', '1', '0', 21, 44, 116, '1', '1', '0', 30, 34, 0),
(21900605, '2020-01-15', 'Final', 1610612755, 1610612751, 2019, 117, '1', '1', '0', 25, 49, 106, '0', '1', '0', 20, 44, 1),
(21900606, '2020-01-15', 'Final', 1610612748, 1610612759, 2019, 106, '0', '1', '0', 26, 49, 100, '0', '1', '0', 22, 41, 1),
(21900607, '2020-01-15', 'Final', 1610612741, 1610612764, 2019, 115, '1', '1', '0', 26, 41, 106, '0', '1', '0', 25, 38, 1),
(21900608, '2020-01-15', 'Final', 1610612750, 1610612754, 2019, 99, '0', '1', '0', 26, 45, 104, '1', '1', '0', 27, 45, 0),
(21900609, '2020-01-15', 'Final', 1610612760, 1610612761, 2019, 121, '1', '1', '0', 32, 31, 130, '1', '1', '1', 33, 36, 0),
(21900610, '2020-01-15', 'Final', 1610612743, 1610612766, 2019, 100, '0', '1', '0', 28, 40, 86, '0', '1', '0', 28, 42, 1),
(21900611, '2020-01-15', 'Final', 1610612745, 1610612757, 2019, 107, '0', '1', '0', 24, 50, 117, '0', '1', '0', 22, 58, 0),
(21900612, '2020-01-15', 'Final', 1610612758, 1610612742, 2019, 123, '1', '1', '0', 28, 42, 127, '1', '1', '0', 24, 47, 0),
(21900613, '2020-01-15', 'Final', 1610612747, 1610612753, 2019, 118, '0', '1', '0', 34, 48, 119, '0', '1', '0', 22, 48, 0),
(21900614, '2020-01-16', 'Final', 1610612752, 1610612756, 2019, 98, '0', '1', '0', 21, 40, 121, '1', '1', '0', 31, 53, 0),
(21900615, '2020-01-16', 'Final', 1610612749, 1610612738, 2019, 128, '0', '1', '1', 21, 50, 123, '0', '1', '0', 16, 43, 1),
(21900616, '2020-01-16', 'Final', 1610612740, 1610612762, 2019, 138, '1', '1', '0', 29, 45, 132, '0', '1', '0', 23, 43, 1),
(21900617, '2020-01-16', 'Final', 1610612744, 1610612743, 2019, 131, '0', '1', '0', 36, 42, 134, '0', '1', '0', 31, 56, 0),
(21900618, '2020-01-16', 'Final', 1610612746, 1610612753, 2019, 122, '0', '1', '0', 29, 59, 95, '0', '1', '0', 24, 42, 1),
(21900619, '2020-01-17', 'Final', 1610612754, 1610612750, 2019, 116, '1', '1', '0', 24, 41, 114, '0', '1', '0', 22, 36, 1),
(21900620, '2020-01-17', 'Final', 1610612755, 1610612741, 2019, 100, '0', '1', '0', 30, 44, 89, '0', '1', '0', 21, 37, 1),
(21900621, '2020-01-17', 'Final', 1610612761, 1610612764, 2019, 140, '1', '1', '1', 35, 41, 111, '0', '1', '0', 19, 43, 1),
(21900622, '2020-01-17', 'Final', 1610612763, 1610612739, 2019, 113, '1', '1', '0', 32, 44, 109, '0', '1', '0', 18, 50, 1),
(21900623, '2020-01-17', 'Final', 1610612760, 1610612748, 2019, 108, '0', '1', '0', 29, 35, 115, '0', '1', '0', 26, 45, 0),
(21900624, '2020-01-17', 'Final', 1610612759, 1610612737, 2019, 120, '0', '1', '0', 28, 48, 121, '1', '1', '0', 21, 43, 0),
(21900625, '2020-01-17', 'Final', 1610612742, 1610612757, 2019, 120, '0', '1', '0', 19, 43, 112, '1', '1', '0', 25, 40, 1),
(21900626, '2020-01-18', 'Final', 1610612740, 1610612746, 2019, 130, '1', '1', '0', 32, 48, 133, '0', '1', '0', 22, 36, 0),
(21900627, '2020-01-18', 'Final', 1610612751, 1610612749, 2019, 97, '0', '1', '0', 23, 47, 117, '1', '1', '0', 30, 54, 0),
(21900628, '2020-01-18', 'Final', 1610612738, 1610612756, 2019, 119, '0', '1', '0', 26, 39, 123, '0', '1', '0', 27, 52, 0),
(21900629, '2020-01-18', 'Final', 1610612737, 1610612765, 2019, 103, '0', '1', '0', 18, 32, 136, '1', '1', '0', 31, 41, 0),
(21900630, '2020-01-18', 'Final', 1610612752, 1610612755, 2019, 87, '0', '1', '0', 20, 48, 90, '0', '1', '0', 26, 41, 0),
(21900631, '2020-01-18', 'Final', 1610612741, 1610612739, 2019, 118, '1', '1', '0', 25, 26, 116, '1', '1', '1', 27, 36, 1),
(21900632, '2020-01-18', 'Final', 1610612750, 1610612761, 2019, 112, '0', '1', '0', 34, 49, 122, '1', '1', '0', 25, 42, 0),
(21900633, '2020-01-18', 'Final', 1610612745, 1610612747, 2019, 115, '0', '1', '0', 20, 46, 124, '0', '1', '0', 25, 49, 0),
(21900634, '2020-01-18', 'Final', 1610612744, 1610612753, 2019, 109, '0', '1', '0', 25, 44, 95, '0', '1', '0', 21, 46, 1),
(21900635, '2020-01-18', 'Final', 1610612760, 1610612757, 2019, 119, '1', '1', '0', 25, 48, 106, '0', '1', '0', 11, 40, 1),
(21900636, '2020-01-18', 'Final', 1610612762, 1610612758, 2019, 123, '1', '1', '0', 24, 47, 101, '0', '1', '0', 20, 37, 1),
(21900637, '2020-01-19', 'Final', 1610612759, 1610612748, 2019, 107, '0', '1', '0', 27, 43, 102, '0', '1', '0', 23, 47, 1),
(21900638, '2020-01-19', 'Final', 1610612743, 1610612754, 2019, 107, '0', '1', '0', 22, 44, 115, '1', '1', '0', 31, 38, 0),
(21900639, '2020-01-20', 'Final', 1610612764, 1610612765, 2019, 106, '1', '1', '0', 22, 44, 100, '0', '1', '0', 19, 41, 1),
(21900640, '2020-01-20', 'Final', 1610612737, 1610612761, 2019, 117, '0', '1', '0', 26, 50, 122, '0', '1', '0', 25, 45, 0),
(21900641, '2020-01-20', 'Final', 1610612751, 1610612755, 2019, 111, '0', '1', '0', 22, 47, 117, '0', '1', '0', 30, 43, 0),
(21900642, '2020-01-20', 'Final', 1610612766, 1610612753, 2019, 83, '0', '1', '0', 21, 39, 106, '0', '0', '1', 25, 47, 0),
(21900643, '2020-01-20', 'Final', 1610612739, 1610612752, 2019, 86, '0', '1', '0', 15, 53, 106, '0', '1', '0', 17, 49, 0),
(21900644, '2020-01-20', 'Final', 1610612748, 1610612758, 2019, 118, '1', '1', '0', 26, 42, 113, '0', '1', '0', 27, 49, 1),
(21900645, '2020-01-20', 'Final', 1610612745, 1610612760, 2019, 107, '0', '1', '0', 21, 43, 112, '0', '1', '0', 14, 47, 0),
(21900646, '2020-01-20', 'Final', 1610612763, 1610612740, 2019, 116, '0', '1', '0', 26, 51, 126, '0', '1', '0', 24, 43, 0),
(21900647, '2020-01-20', 'Final', 1610612749, 1610612741, 2019, 111, '1', '0', '0', 34, 48, 98, '0', '1', '0', 18, 39, 1),
(21900648, '2020-01-20', 'Final', 1610612738, 1610612747, 2019, 139, '1', '1', '0', 31, 48, 107, '0', '1', '0', 22, 36, 1),
(21900649, '2020-01-20', 'Final', 1610612750, 1610612743, 2019, 100, '0', '1', '0', 26, 42, 107, '0', '1', '0', 26, 53, 0),
(21900650, '2020-01-20', 'Final', 1610612756, 1610612759, 2019, 118, '1', '1', '0', 26, 43, 120, '0', '1', '1', 30, 31, 0),
(21900651, '2020-01-20', 'Final', 1610612762, 1610612754, 2019, 118, '1', '1', '0', 22, 53, 88, '0', '0', '0', 23, 30, 1),
(21900652, '2020-01-20', 'Final', 1610612757, 1610612744, 2019, 129, '0', '1', '0', 21, 54, 124, '0', '1', '0', 30, 60, 1),
(21900653, '2020-01-21', 'Final', 1610612742, 1610612746, 2019, 107, '0', '1', '0', 23, 49, 110, '0', '1', '0', 19, 57, 0),
(21900654, '2020-01-22', 'Final', 1610612765, 1610612758, 2019, 127, '1', '1', '0', 19, 48, 106, '0', '1', '0', 23, 45, 1),
(21900655, '2020-01-22', 'Final', 1610612753, 1610612760, 2019, 114, '0', '1', '0', 26, 39, 120, '1', '1', '0', 22, 36, 0),
(21900656, '2020-01-22', 'Final', 1610612737, 1610612746, 2019, 102, '0', '1', '0', 21, 63, 95, '0', '1', '0', 19, 45, 1),
(21900657, '2020-01-22', 'Final', 1610612738, 1610612763, 2019, 119, '1', '1', '0', 32, 44, 95, '0', '1', '0', 24, 40, 1),
(21900658, '2020-01-22', 'Final', 1610612748, 1610612764, 2019, 134, '1', '1', '1', 29, 43, 129, '1', '1', '0', 30, 41, 1),
(21900659, '2020-01-22', 'Final', 1610612752, 1610612747, 2019, 92, '0', '1', '0', 24, 47, 100, '0', '1', '0', 18, 43, 0),
(21900660, '2020-01-22', 'Final', 1610612761, 1610612755, 2019, 107, '0', '1', '0', 27, 53, 95, '0', '1', '0', 25, 45, 1),
(21900661, '2020-01-22', 'Final', 1610612741, 1610612750, 2019, 117, '0', '1', '0', 21, 50, 110, '0', '1', '0', 27, 43, 1),
(21900662, '2020-01-22', 'Final', 1610612745, 1610612743, 2019, 121, '0', '1', '0', 26, 53, 105, '0', '1', '0', 25, 40, 1),
(21900663, '2020-01-22', 'Final', 1610612740, 1610612759, 2019, 117, '0', '1', '0', 26, 41, 121, '1', '1', '0', 17, 44, 0),
(21900664, '2020-01-22', 'Final', 1610612756, 1610612754, 2019, 87, '0', '1', '0', 13, 44, 112, '1', '1', '0', 26, 42, 0),
(21900665, '2020-01-22', 'Final', 1610612744, 1610612762, 2019, 96, '0', '1', '0', 20, 37, 129, '1', '1', '0', 31, 56, 0),
(21900666, '2020-01-23', 'Final', 1610612739, 1610612764, 2019, 112, '0', '1', '0', 24, 36, 124, '1', '1', '0', 28, 41, 0),
(21900667, '2020-01-23', 'Final', 1610612751, 1610612747, 2019, 113, '0', '1', '0', 30, 41, 128, '1', '1', '1', 28, 52, 0),
(21900668, '2020-01-23', 'Final', 1610612757, 1610612742, 2019, 125, '1', '1', '1', 20, 43, 133, '1', '1', '0', 27, 41, 0),
(21900669, '2020-01-24', 'Final', 1610612766, 1610612749, 2019, 103, '0', '1', '0', 24, 39, 116, '1', '1', '0', 26, 53, 0),
(21900670, '2020-01-24', 'Final', 1610612765, 1610612763, 2019, 112, '0', '1', '0', 23, 37, 125, '1', '1', '1', 27, 49, 0),
(21900671, '2020-01-24', 'Final', 1610612753, 1610612738, 2019, 98, '0', '1', '0', 18, 46, 109, '0', '1', '0', 27, 44, 0),
(21900672, '2020-01-24', 'Final', 1610612752, 1610612761, 2019, 112, '0', '1', '0', 26, 46, 118, '1', '1', '0', 25, 31, 0),
(21900673, '2020-01-24', 'Final', 1610612748, 1610612746, 2019, 117, '0', '1', '0', 25, 45, 122, '0', '1', '0', 33, 48, 0),
(21900674, '2020-01-24', 'Final', 1610612741, 1610612758, 2019, 81, '0', '1', '0', 23, 43, 98, '0', '1', '0', 24, 42, 0),
(21900675, '2020-01-24', 'Final', 1610612750, 1610612745, 2019, 124, '0', '1', '0', 28, 51, 131, '1', '1', '0', 24, 35, 0),
(21900676, '2020-01-24', 'Final', 1610612740, 1610612743, 2019, 106, '0', '1', '0', 24, 45, 113, '0', '1', '0', 26, 56, 0),
(21900677, '2020-01-24', 'Final', 1610612760, 1610612737, 2019, 140, '1', '1', '1', 28, 45, 111, '0', '1', '0', 24, 37, 1),
(21900678, '2020-01-24', 'Final', 1610612759, 1610612756, 2019, 99, '0', '1', '0', 19, 43, 103, '0', '1', '0', 25, 42, 0),
(21900679, '2020-01-24', 'Final', 1610612744, 1610612754, 2019, 118, '0', '1', '0', 31, 38, 129, '1', '1', '1', 35, 36, 0),
(21900680, '2020-01-25', 'Final', 1610612762, 1610612742, 2019, 112, '0', '1', '0', 22, 54, 107, '0', '1', '0', 19, 44, 1),
(21900681, '2020-01-25', 'Final', 1610612765, 1610612751, 2019, 111, '0', '1', '0', 20, 52, 121, '0', '1', '0', 19, 55, 0),
(21900682, '2020-01-25', 'Final', 1610612739, 1610612741, 2019, 106, '1', '1', '0', 30, 43, 118, '1', '1', '0', 24, 36, 0),
(21900683, '2020-01-25', 'Final', 1610612750, 1610612760, 2019, 104, '0', '1', '0', 33, 41, 113, '0', '1', '0', 20, 43, 0),
(21900684, '2020-01-25', 'Final', 1610612755, 1610612747, 2019, 108, '1', '1', '0', 19, 41, 91, '0', '1', '0', 23, 35, 1),
(21900685, '2020-01-26', 'Final', 1610612743, 1610612745, 2019, 117, '0', '1', '0', 28, 42, 110, '0', '1', '0', 19, 44, 1),
(21900686, '2020-01-26', 'Final', 1610612759, 1610612761, 2019, 106, '0', '1', '0', 27, 48, 110, '0', '1', '0', 31, 50, 0),
(21900687, '2020-01-26', 'Final', 1610612737, 1610612764, 2019, 152, '1', '1', '0', 30, 48, 133, '0', '1', '0', 20, 34, 1),
(21900688, '2020-01-26', 'Final', 1610612752, 1610612751, 2019, 110, '1', '0', '0', 19, 48, 97, '0', '1', '0', 21, 34, 1),
(21900689, '2020-01-26', 'Final', 1610612753, 1610612746, 2019, 97, '0', '1', '0', 27, 44, 112, '0', '1', '0', 20, 53, 0),
(21900690, '2020-01-26', 'Final', 1610612763, 1610612756, 2019, 114, '1', '1', '0', 25, 46, 109, '0', '1', '0', 23, 42, 1),
(21900691, '2020-01-26', 'Final', 1610612740, 1610612738, 2019, 123, '0', '1', '0', 31, 54, 108, '0', '1', '0', 21, 37, 1),
(21900692, '2020-01-26', 'Final', 1610612757, 1610612754, 2019, 139, '1', '1', '1', 27, 43, 129, '1', '1', '0', 31, 31, 1),
(21900693, '2020-01-27', 'Final', 1610612765, 1610612739, 2019, 100, '0', '1', '0', 18, 37, 115, '1', '1', '0', 25, 45, 0),
(21900694, '2020-01-27', 'Final', 1610612748, 1610612753, 2019, 113, '1', '1', '1', 31, 41, 92, '0', '1', '0', 23, 41, 1),
(21900695, '2020-01-27', 'Final', 1610612741, 1610612759, 2019, 110, '0', '1', '0', 28, 50, 109, '0', '1', '0', 21, 47, 1),
(21900696, '2020-01-27', 'Final', 1610612750, 1610612758, 2019, 129, '0', '1', '1', 29, 45, 133, '1', '1', '0', 27, 44, 0),
(21900697, '2020-01-27', 'Final', 1610612760, 1610612742, 2019, 97, '0', '1', '0', 23, 48, 107, '0', '1', '0', 21, 56, 0),
(21900698, '2020-01-27', 'Final', 1610612762, 1610612745, 2019, 117, '1', '1', '0', 24, 38, 126, '0', '1', '0', 14, 40, 0),
(21900699, '2020-01-28', 'Final', 1610612766, 1610612752, 2019, 97, '0', '1', '0', 22, 51, 92, '0', '1', '0', 17, 41, 1),
(21900700, '2020-01-28', 'Final', 1610612739, 1610612740, 2019, 111, '0', '1', '0', 25, 46, 125, '1', '1', '0', 29, 40, 0),
(21900701, '2020-01-28', 'Final', 1610612748, 1610612738, 2019, 101, '0', '1', '0', 15, 45, 109, '0', '1', '0', 24, 48, 0),
(21900702, '2020-01-28', 'Final', 1610612755, 1610612744, 2019, 115, '1', '1', '0', 28, 44, 104, '0', '1', '0', 29, 40, 1),
(21900703, '2020-01-28', 'Final', 1610612761, 1610612737, 2019, 130, '0', '1', '0', 26, 52, 114, '0', '1', '0', 28, 44, 1),
(21900704, '2020-01-28', 'Final', 1610612763, 1610612743, 2019, 104, '1', '0', '0', 32, 41, 96, '0', '1', '0', 23, 44, 1),
(21900705, '2020-01-28', 'Final', 1610612749, 1610612764, 2019, 151, '1', '1', '1', 31, 46, 131, '0', '1', '0', 28, 35, 1),
(21900706, '2020-01-28', 'Final', 1610612742, 1610612756, 2019, 104, '0', '1', '0', 19, 33, 133, '1', '1', '0', 34, 39, 0),
(21900708, '2020-01-29', 'Final', 1610612754, 1610612741, 2019, 115, '1', '1', '0', 26, 46, 106, '1', '1', '0', 26, 34, 1),
(21900709, '2020-01-29', 'Final', 1610612751, 1610612765, 2019, 125, '1', '1', '0', 26, 37, 115, '1', '1', '0', 25, 41, 1),
(21900710, '2020-01-29', 'Final', 1610612752, 1610612763, 2019, 106, '0', '1', '0', 26, 46, 127, '1', '1', '0', 25, 44, 0),
(21900711, '2020-01-29', 'Final', 1610612759, 1610612762, 2019, 127, '1', '1', '0', 23, 35, 120, '0', '1', '0', 18, 43, 1),
(21900712, '2020-01-29', 'Final', 1610612757, 1610612745, 2019, 125, '1', '1', '0', 24, 50, 112, '0', '1', '0', 21, 39, 1),
(21900713, '2020-01-29', 'Final', 1610612758, 1610612760, 2019, 100, '0', '1', '0', 22, 39, 120, '1', '1', '0', 32, 45, 0),
(21900714, '2020-01-30', 'Final', 1610612739, 1610612761, 2019, 109, '0', '1', '0', 23, 52, 115, '0', '1', '0', 23, 37, 0),
(21900715, '2020-01-30', 'Final', 1610612764, 1610612766, 2019, 121, '0', '1', '0', 24, 57, 107, '0', '1', '0', 32, 38, 1),
(21900716, '2020-01-30', 'Final', 1610612737, 1610612755, 2019, 127, '0', '1', '0', 29, 48, 117, '0', '1', '0', 22, 42, 1),
(21900717, '2020-01-30', 'Final', 1610612738, 1610612744, 2019, 119, '0', '1', '0', 27, 51, 104, '0', '1', '0', 24, 30, 1),
(21900718, '2020-01-30', 'Final', 1610612743, 1610612762, 2019, 106, '0', '1', '0', 25, 43, 100, '0', '1', '0', 24, 35, 1),
(21900719, '2020-01-30', 'Final', 1610612746, 1610612758, 2019, 103, '0', '1', '0', 26, 39, 124, '1', '1', '1', 27, 47, 0),
(21900720, '2020-01-31', 'Final', 1610612765, 1610612761, 2019, 92, '0', '1', '0', 18, 45, 105, '1', '1', '0', 26, 42, 0),
(21900721, '2020-01-31', 'Final', 1610612751, 1610612741, 2019, 133, '1', '1', '0', 31, 37, 118, '0', '1', '0', 27, 38, 1),
(21900722, '2020-01-31', 'Final', 1610612745, 1610612742, 2019, 128, '0', '1', '0', 25, 37, 121, '0', '1', '0', 29, 52, 1),
(21900723, '2020-01-31', 'Final', 1610612740, 1610612763, 2019, 139, '1', '1', '0', 30, 57, 111, '0', '1', '0', 17, 34, 1),
(21900724, '2020-01-31', 'Final', 1610612749, 1610612743, 2019, 115, '0', '1', '0', 29, 46, 127, '0', '1', '0', 29, 50, 0),
(21900725, '2020-01-31', 'Final', 1610612756, 1610612760, 2019, 107, '0', '1', '0', 20, 40, 111, '0', '1', '0', 26, 41, 0),
(21900726, '2020-01-31', 'Final', 1610612747, 1610612757, 2019, 119, '0', '1', '0', 28, 62, 127, '1', '1', '0', 25, 40, 0),
(21900727, '2020-02-01', 'Final', 1610612746, 1610612750, 2019, 118, '0', '1', '0', 20, 50, 106, '0', '1', '0', 24, 44, 1),
(21900728, '2020-02-01', 'Final', 1610612754, 1610612752, 2019, 85, '0', '1', '0', 21, 34, 92, '0', '1', '0', 19, 57, 0),
(21900729, '2020-02-01', 'Final', 1610612753, 1610612748, 2019, 89, '0', '1', '0', 21, 39, 102, '0', '1', '0', 24, 48, 0),
(21900730, '2020-02-01', 'Final', 1610612739, 1610612744, 2019, 112, '0', '1', '0', 26, 46, 131, '1', '1', '1', 39, 44, 0),
(21900731, '2020-02-01', 'Final', 1610612764, 1610612751, 2019, 113, '0', '1', '0', 21, 51, 107, '0', '1', '0', 25, 53, 1),
(21900732, '2020-02-01', 'Final', 1610612738, 1610612755, 2019, 116, '0', '1', '0', 15, 42, 95, '0', '1', '0', 15, 47, 1),
(21900733, '2020-02-01', 'Final', 1610612742, 1610612737, 2019, 123, '0', '1', '1', 26, 53, 100, '0', '1', '0', 19, 50, 1),
(21900734, '2020-02-01', 'Final', 1610612759, 1610612766, 2019, 114, '1', '1', '0', 27, 44, 90, '0', '1', '0', 29, 37, 1),
(21900735, '2020-02-01', 'Final', 1610612757, 1610612762, 2019, 124, '1', '1', '1', 20, 51, 107, '0', '1', '0', 19, 37, 1),
(21900736, '2020-02-01', 'Final', 1610612758, 1610612747, 2019, 113, '0', '1', '0', 21, 44, 129, '1', '1', '0', 33, 46, 0),
(21900737, '2020-02-02', 'Final', 1610612765, 1610612743, 2019, 128, '1', '1', '0', 33, 43, 123, '1', '1', '0', 30, 47, 1),
(21900738, '2020-02-02', 'Final', 1610612745, 1610612740, 2019, 117, '0', '1', '0', 22, 43, 109, '0', '1', '0', 21, 63, 1),
(21900739, '2020-02-02', 'Final', 1610612749, 1610612756, 2019, 129, '0', '1', '0', 30, 60, 108, '0', '1', '0', 20, 49, 1),
(21900740, '2020-02-02', 'Final', 1610612761, 1610612741, 2019, 129, '1', '1', '0', 28, 46, 102, '0', '1', '0', 25, 41, 1),
(21900741, '2020-02-03', 'Final', 1610612766, 1610612753, 2019, 100, '0', '1', '0', 24, 46, 112, '1', '1', '0', 35, 37, 0),
(21900742, '2020-02-03', 'Final', 1610612739, 1610612752, 2019, 134, '1', '1', '1', 34, 34, 139, '1', '1', '0', 33, 46, 0),
(21900743, '2020-02-03', 'Final', 1610612754, 1610612742, 2019, 103, '0', '1', '0', 28, 40, 112, '0', '1', '0', 20, 51, 0),
(21900744, '2020-02-03', 'Final', 1610612764, 1610612744, 2019, 117, '1', '1', '0', 28, 35, 125, '0', '1', '1', 31, 44, 0),
(21900745, '2020-02-03', 'Final', 1610612737, 1610612738, 2019, 115, '1', '1', '0', 22, 32, 123, '1', '1', '0', 21, 44, 0),
(21900746, '2020-02-03', 'Final', 1610612751, 1610612756, 2019, 119, '0', '1', '0', 28, 44, 97, '0', '1', '0', 23, 43, 1),
(21900747, '2020-02-03', 'Final', 1610612748, 1610612755, 2019, 137, '1', '1', '1', 27, 35, 106, '0', '1', '0', 24, 44, 1),
(21900748, '2020-02-03', 'Final', 1610612763, 1610612765, 2019, 96, '0', '1', '0', 27, 47, 82, '0', '1', '0', 21, 51, 1),
(21900749, '2020-02-03', 'Final', 1610612758, 1610612750, 2019, 113, '1', '1', '1', 26, 34, 109, '0', '1', '0', 25, 45, 1),
(21900750, '2020-02-03', 'Final', 1610612746, 1610612759, 2019, 108, '0', '1', '0', 28, 51, 105, '0', '1', '0', 21, 46, 1),
(21900751, '2020-02-04', 'Final', 1610612740, 1610612749, 2019, 108, '0', '1', '0', 26, 49, 120, '0', '1', '0', 34, 53, 0),
(21900752, '2020-02-04', 'Final', 1610612745, 1610612766, 2019, 125, '0', '1', '0', 25, 41, 110, '0', '1', '0', 22, 53, 1),
(21900753, '2020-02-04', 'Final', 1610612743, 1610612757, 2019, 127, '1', '1', '1', 30, 50, 99, '0', '1', '0', 16, 36, 1),
(21900754, '2020-02-04', 'Final', 1610612747, 1610612759, 2019, 129, '1', '1', '0', 28, 58, 102, '0', '1', '0', 21, 28, 1),
(21900755, '2020-02-05', 'Final', 1610612765, 1610612756, 2019, 116, '0', '1', '0', 31, 42, 108, '1', '1', '0', 29, 37, 1),
(21900756, '2020-02-05', 'Final', 1610612738, 1610612753, 2019, 116, '1', '1', '1', 23, 41, 100, '0', '1', '0', 20, 39, 1),
(21900757, '2020-02-05', 'Final', 1610612751, 1610612744, 2019, 129, '1', '1', '0', 29, 65, 88, '0', '1', '0', 20, 34, 1),
(21900758, '2020-02-05', 'Final', 1610612761, 1610612754, 2019, 119, '1', '1', '0', 27, 37, 118, '1', '1', '0', 29, 42, 1),
(21900759, '2020-02-05', 'Final', 1610612750, 1610612737, 2019, 120, '0', '1', '0', 18, 33, 127, '1', '1', '0', 23, 44, 0),
(21900760, '2020-02-05', 'Final', 1610612760, 1610612739, 2019, 109, '0', '1', '0', 21, 40, 103, '0', '1', '0', 31, 45, 1),
(21900761, '2020-02-05', 'Final', 1610612742, 1610612763, 2019, 107, '0', '1', '0', 19, 42, 121, '1', '1', '0', 27, 52, 0),
(21900762, '2020-02-05', 'Final', 1610612762, 1610612743, 2019, 95, '0', '1', '0', 20, 46, 98, '0', '1', '0', 23, 52, 0),
(21900763, '2020-02-05', 'Final', 1610612746, 1610612748, 2019, 128, '1', '1', '0', 35, 51, 111, '0', '1', '0', 29, 46, 1),
(21900764, '2020-02-06', 'Final', 1610612752, 1610612753, 2019, 105, '0', '1', '0', 27, 39, 103, '0', '1', '0', 22, 39, 1),
(21900765, '2020-02-06', 'Final', 1610612741, 1610612740, 2019, 119, '0', '1', '0', 25, 40, 125, '1', '1', '0', 38, 45, 0),
(21900766, '2020-02-06', 'Final', 1610612749, 1610612755, 2019, 112, '0', '1', '0', 19, 60, 101, '0', '1', '0', 24, 50, 1),
(21900767, '2020-02-06', 'Final', 1610612757, 1610612759, 2019, 125, '1', '1', '0', 28, 50, 117, '0', '1', '0', 25, 39, 1),
(21900768, '2020-02-06', 'Final', 1610612747, 1610612745, 2019, 111, '0', '1', '0', 33, 38, 121, '1', '1', '0', 20, 37, 0),
(21900769, '2020-02-07', 'Final', 1610612755, 1610612763, 2019, 119, '1', '1', '1', 34, 50, 107, '0', '1', '0', 25, 40, 1),
(21900770, '2020-02-07', 'Final', 1610612764, 1610612742, 2019, 119, '1', '1', '1', 28, 39, 118, '0', '1', '0', 27, 49, 1),
(21900771, '2020-02-07', 'Final', 1610612738, 1610612737, 2019, 112, '0', '1', '0', 23, 47, 107, '0', '1', '0', 21, 46, 1),
(21900772, '2020-02-07', 'Final', 1610612754, 1610612761, 2019, 106, '0', '1', '0', 26, 47, 115, '0', '1', '0', 28, 39, 0),
(21900773, '2020-02-07', 'Final', 1610612760, 1610612765, 2019, 108, '1', '1', '0', 21, 42, 101, '0', '1', '0', 19, 37, 1),
(21900774, '2020-02-07', 'Final', 1610612756, 1610612745, 2019, 127, '1', '1', '0', 29, 51, 91, '0', '1', '0', 16, 29, 1),
(21900775, '2020-02-07', 'Final', 1610612758, 1610612748, 2019, 105, '0', '1', '0', 29, 36, 97, '0', '1', '0', 21, 42, 1),
(21900776, '2020-02-07', 'Final', 1610612762, 1610612757, 2019, 117, '0', '1', '0', 21, 56, 114, '0', '1', '0', 14, 43, 1),
(21900777, '2020-02-08', 'Final', 1610612753, 1610612749, 2019, 95, '0', '1', '0', 28, 46, 111, '0', '1', '0', 26, 62, 0),
(21900778, '2020-02-08', 'Final', 1610612766, 1610612742, 2019, 100, '0', '1', '0', 15, 39, 116, '1', '1', '0', 29, 46, 0),
(21900779, '2020-02-08', 'Final', 1610612765, 1610612752, 2019, 92, '0', '1', '0', 21, 28, 95, '0', '1', '0', 24, 47, 0),
(21900780, '2020-02-08', 'Final', 1610612754, 1610612740, 2019, 117, '1', '1', '0', 25, 37, 124, '0', '1', '0', 27, 53, 0),
(21900781, '2020-02-08', 'Final', 1610612761, 1610612751, 2019, 119, '0', '1', '0', 22, 48, 118, '0', '1', '0', 27, 46, 1),
(21900782, '2020-02-08', 'Final', 1610612750, 1610612746, 2019, 142, '1', '1', '1', 39, 46, 115, '0', '1', '0', 24, 43, 1),
(21900783, '2020-02-08', 'Final', 1610612744, 1610612747, 2019, 120, '1', '1', '0', 31, 33, 125, '1', '1', '0', 29, 47, 0),
(21900784, '2020-02-08', 'Final', 1610612756, 1610612743, 2019, 108, '0', '1', '0', 25, 41, 117, '1', '1', '0', 23, 40, 0),
(21900785, '2020-02-08', 'Final', 1610612758, 1610612759, 2019, 122, '1', '1', '1', 25, 39, 102, '1', '1', '0', 23, 41, 1),
(21900786, '2020-02-09', 'Final', 1610612760, 1610612738, 2019, 111, '0', '1', '0', 14, 44, 112, '0', '1', '0', 19, 53, 0),
(21900787, '2020-02-09', 'Final', 1610612737, 1610612752, 2019, 140, '0', '1', '0', 29, 50, 135, '0', '1', '0', 30, 56, 1),
(21900788, '2020-02-09', 'Final', 1610612755, 1610612741, 2019, 118, '1', '1', '0', 29, 44, 111, '0', '1', '0', 23, 42, 1),
(21900789, '2020-02-09', 'Final', 1610612764, 1610612763, 2019, 99, '0', '1', '0', 25, 50, 106, '0', '1', '0', 19, 62, 0),
(21900790, '2020-02-09', 'Final', 1610612745, 1610612762, 2019, 113, '0', '1', '0', 20, 36, 114, '0', '1', '0', 25, 48, 0),
(21900791, '2020-02-09', 'Final', 1610612739, 1610612746, 2019, 92, '0', '1', '0', 22, 45, 133, '1', '1', '0', 28, 52, 0),
(21900792, '2020-02-09', 'Final', 1610612757, 1610612748, 2019, 115, '0', '1', '0', 20, 43, 109, '0', '1', '0', 31, 49, 1),
(21900793, '2020-02-10', 'Final', 1610612765, 1610612766, 2019, 76, '0', '1', '0', 21, 52, 87, '0', '1', '0', 19, 45, 0),
(21900794, '2020-02-10', 'Final', 1610612754, 1610612751, 2019, 105, '0', '1', '0', 28, 40, 106, '0', '1', '0', 20, 53, 0),
(21900795, '2020-02-10', 'Final', 1610612753, 1610612737, 2019, 135, '1', '1', '0', 33, 45, 126, '1', '1', '0', 33, 31, 1),
(21900796, '2020-02-10', 'Final', 1610612761, 1610612750, 2019, 137, '1', '1', '1', 29, 41, 126, '0', '1', '0', 24, 38, 1),
(21900797, '2020-02-10', 'Final', 1610612749, 1610612758, 2019, 123, '0', '1', '0', 26, 55, 111, '0', '1', '0', 23, 49, 1),
(21900798, '2020-02-10', 'Final', 1610612742, 1610612762, 2019, 119, '0', '1', '0', 24, 26, 123, '1', '1', '0', 27, 45, 0),
(21900799, '2020-02-10', 'Final', 1610612743, 1610612759, 2019, 127, '1', '1', '1', 34, 37, 120, '0', '1', '1', 33, 36, 1),
(21900800, '2020-02-10', 'Final', 1610612744, 1610612748, 2019, 101, '0', '1', '0', 23, 40, 113, '0', '1', '0', 36, 45, 0),
(21900801, '2020-02-10', 'Final', 1610612747, 1610612756, 2019, 125, '1', '1', '0', 28, 59, 100, '0', '1', '0', 26, 29, 1),
(21900802, '2020-02-11', 'Final', 1610612755, 1610612746, 2019, 110, '0', '1', '0', 25, 50, 103, '0', '1', '0', 25, 42, 1),
(21900803, '2020-02-11', 'Final', 1610612764, 1610612741, 2019, 126, '1', '1', '0', 28, 44, 114, '0', '1', '0', 25, 44, 1),
(21900804, '2020-02-11', 'Final', 1610612740, 1610612757, 2019, 138, '1', '1', '0', 40, 50, 117, '0', '1', '0', 21, 40, 1),
(21900805, '2020-02-11', 'Final', 1610612760, 1610612759, 2019, 106, '0', '1', '0', 19, 35, 114, '0', '1', '0', 20, 46, 0),
(21900806, '2020-02-11', 'Final', 1610612745, 1610612738, 2019, 116, '0', '1', '0', 17, 45, 105, '0', '1', '0', 24, 48, 1),
(21900807, '2020-02-12', 'Final', 1610612739, 1610612737, 2019, 127, '1', '1', '0', 25, 55, 105, '0', '1', '0', 24, 38, 1);
INSERT INTO `games` (`game_id`, `game_date_est`, `game_status_text`, `home_team_id`, `visitor_team_id`, `season`, `pts_home`, `fg_pct_home`, `ft_pct_home`, `fg3_pct_home`, `ast_home`, `reb_home`, `pts_away`, `fg_pct_away`, `ft_pct_away`, `fg3_pct_away`, `ast_away`, `reb_away`, `home_team_wins`) VALUES
(21900808, '2020-02-12', 'Final', 1610612753, 1610612765, 2019, 116, '0', '1', '0', 34, 46, 112, '0', '1', '0', 28, 47, 1),
(21900809, '2020-02-12', 'Final', 1610612751, 1610612761, 2019, 101, '0', '1', '0', 27, 55, 91, '0', '1', '0', 21, 42, 1),
(21900810, '2020-02-12', 'Final', 1610612754, 1610612749, 2019, 118, '1', '1', '0', 28, 44, 111, '0', '1', '0', 18, 44, 1),
(21900811, '2020-02-12', 'Final', 1610612752, 1610612764, 2019, 96, '0', '1', '0', 19, 52, 114, '0', '1', '0', 25, 40, 0),
(21900812, '2020-02-12', 'Final', 1610612763, 1610612757, 2019, 111, '0', '1', '0', 26, 57, 104, '0', '1', '0', 21, 51, 1),
(21900813, '2020-02-12', 'Final', 1610612750, 1610612766, 2019, 108, '0', '1', '0', 25, 48, 115, '0', '1', '0', 22, 52, 0),
(21900814, '2020-02-12', 'Final', 1610612742, 1610612758, 2019, 130, '1', '1', '0', 34, 47, 111, '0', '1', '0', 26, 40, 1),
(21900815, '2020-02-12', 'Final', 1610612756, 1610612744, 2019, 112, '0', '1', '0', 25, 40, 106, '1', '1', '0', 27, 38, 1),
(21900816, '2020-02-12', 'Final', 1610612762, 1610612748, 2019, 116, '0', '1', '0', 23, 53, 101, '0', '1', '0', 19, 37, 1),
(21900817, '2020-02-12', 'Final', 1610612743, 1610612747, 2019, 116, '1', '1', '0', 32, 42, 120, '1', '1', '0', 29, 49, 0),
(21900818, '2020-02-13', 'Final', 1610612738, 1610612746, 2019, 141, '0', '1', '0', 22, 51, 133, '0', '1', '0', 19, 55, 1),
(21900819, '2020-02-13', 'Final', 1610612740, 1610612760, 2019, 118, '0', '1', '0', 31, 46, 123, '1', '1', '0', 28, 40, 0),
(21900820, '2020-02-20', 'Final', 1610612765, 1610612749, 2019, 106, '0', '1', '0', 25, 46, 126, '1', '1', '0', 24, 41, 0),
(21900821, '2020-02-20', 'Final', 1610612737, 1610612748, 2019, 129, '0', '1', '0', 22, 41, 124, '0', '1', '0', 28, 51, 1),
(21900822, '2020-02-20', 'Final', 1610612755, 1610612751, 2019, 112, '0', '1', '0', 19, 48, 104, '0', '1', '0', 22, 49, 1),
(21900823, '2020-02-20', 'Final', 1610612741, 1610612766, 2019, 93, '0', '1', '0', 24, 38, 103, '0', '1', '0', 22, 44, 0),
(21900824, '2020-02-20', 'Final', 1610612758, 1610612763, 2019, 129, '1', '1', '0', 22, 27, 125, '1', '1', '0', 25, 51, 1),
(21900825, '2020-02-20', 'Final', 1610612744, 1610612745, 2019, 105, '0', '1', '0', 26, 40, 135, '1', '1', '1', 31, 36, 0),
(21900826, '2020-02-21', 'Final', 1610612753, 1610612742, 2019, 106, '0', '1', '0', 21, 48, 122, '1', '1', '0', 26, 50, 0),
(21900827, '2020-02-21', 'Final', 1610612764, 1610612739, 2019, 108, '0', '1', '0', 24, 47, 113, '1', '1', '0', 19, 47, 0),
(21900828, '2020-02-21', 'Final', 1610612752, 1610612754, 2019, 98, '0', '1', '0', 21, 40, 106, '0', '1', '0', 20, 50, 0),
(21900829, '2020-02-21', 'Final', 1610612761, 1610612756, 2019, 118, '1', '1', '0', 24, 48, 101, '0', '1', '0', 29, 34, 1),
(21900830, '2020-02-21', 'Final', 1610612750, 1610612738, 2019, 117, '0', '1', '0', 23, 43, 127, '0', '1', '0', 21, 58, 0),
(21900831, '2020-02-21', 'Final', 1610612760, 1610612743, 2019, 113, '0', '1', '0', 19, 44, 101, '0', '1', '0', 19, 39, 1),
(21900832, '2020-02-21', 'Final', 1610612762, 1610612759, 2019, 104, '0', '1', '0', 25, 47, 113, '0', '1', '1', 22, 48, 0),
(21900833, '2020-02-21', 'Final', 1610612747, 1610612763, 2019, 117, '0', '1', '0', 25, 49, 105, '0', '1', '0', 22, 50, 1),
(21900834, '2020-02-21', 'Final', 1610612757, 1610612740, 2019, 115, '0', '1', '0', 20, 46, 128, '1', '1', '1', 36, 46, 0),
(21900835, '2020-02-22', 'Final', 1610612746, 1610612758, 2019, 103, '0', '1', '0', 20, 47, 112, '0', '1', '0', 25, 48, 0),
(21900836, '2020-02-22', 'Final', 1610612766, 1610612751, 2019, 86, '0', '1', '0', 22, 45, 115, '0', '1', '0', 26, 54, 0),
(21900837, '2020-02-22', 'Final', 1610612737, 1610612742, 2019, 111, '0', '1', '0', 27, 53, 107, '0', '1', '0', 23, 48, 1),
(21900838, '2020-02-22', 'Final', 1610612748, 1610612739, 2019, 124, '1', '1', '0', 34, 29, 105, '0', '1', '0', 29, 40, 1),
(21900839, '2020-02-22', 'Final', 1610612741, 1610612756, 2019, 104, '0', '1', '0', 18, 38, 112, '0', '1', '0', 26, 47, 0),
(21900840, '2020-02-22', 'Final', 1610612749, 1610612755, 2019, 119, '1', '1', '0', 35, 57, 98, '0', '1', '0', 17, 43, 1),
(21900841, '2020-02-22', 'Final', 1610612762, 1610612745, 2019, 110, '0', '1', '0', 18, 46, 120, '0', '1', '0', 20, 42, 0),
(21900842, '2020-02-23', 'Final', 1610612747, 1610612738, 2019, 114, '0', '1', '0', 20, 46, 112, '0', '1', '0', 20, 44, 1),
(21900843, '2020-02-23', 'Final', 1610612761, 1610612754, 2019, 127, '1', '1', '0', 32, 57, 81, '0', '1', '0', 23, 39, 1),
(21900844, '2020-02-23', 'Final', 1610612743, 1610612750, 2019, 128, '1', '1', '0', 29, 38, 116, '0', '1', '0', 26, 38, 1),
(21900845, '2020-02-23', 'Final', 1610612741, 1610612764, 2019, 126, '1', '1', '0', 27, 37, 117, '1', '1', '0', 24, 34, 1),
(21900846, '2020-02-23', 'Final', 1610612760, 1610612759, 2019, 131, '1', '1', '0', 28, 54, 103, '0', '1', '0', 27, 43, 1),
(21900847, '2020-02-23', 'Final', 1610612744, 1610612740, 2019, 101, '0', '1', '0', 28, 48, 115, '0', '0', '0', 34, 52, 0),
(21900848, '2020-02-23', 'Final', 1610612757, 1610612765, 2019, 107, '0', '1', '0', 20, 41, 104, '0', '1', '0', 18, 44, 1),
(21900849, '2020-02-24', 'Final', 1610612739, 1610612748, 2019, 125, '0', '1', '0', 25, 53, 119, '0', '1', '0', 33, 49, 1),
(21900850, '2020-02-24', 'Final', 1610612755, 1610612737, 2019, 129, '1', '1', '0', 27, 48, 112, '0', '1', '0', 19, 44, 1),
(21900851, '2020-02-24', 'Final', 1610612764, 1610612749, 2019, 134, '0', '1', '0', 27, 41, 137, '1', '1', '0', 26, 45, 0),
(21900852, '2020-02-24', 'Final', 1610612751, 1610612753, 2019, 113, '0', '1', '0', 29, 49, 115, '0', '1', '0', 27, 41, 0),
(21900853, '2020-02-24', 'Final', 1610612745, 1610612752, 2019, 123, '1', '1', '0', 20, 38, 112, '0', '1', '0', 20, 54, 1),
(21900854, '2020-02-24', 'Final', 1610612742, 1610612750, 2019, 139, '1', '1', '0', 28, 54, 123, '0', '1', '0', 16, 42, 1),
(21900855, '2020-02-24', 'Final', 1610612762, 1610612756, 2019, 111, '0', '1', '0', 16, 30, 131, '1', '1', '1', 33, 38, 0),
(21900856, '2020-02-24', 'Final', 1610612746, 1610612763, 2019, 124, '1', '1', '0', 33, 50, 97, '0', '1', '0', 20, 45, 1),
(21900857, '2020-02-25', 'Final', 1610612754, 1610612766, 2019, 119, '1', '1', '0', 35, 56, 80, '0', '0', '0', 22, 39, 1),
(21900858, '2020-02-25', 'Final', 1610612761, 1610612749, 2019, 97, '0', '1', '0', 21, 43, 108, '0', '1', '0', 23, 53, 0),
(21900859, '2020-02-25', 'Final', 1610612741, 1610612760, 2019, 122, '1', '1', '0', 22, 39, 124, '1', '1', '0', 25, 37, 0),
(21900860, '2020-02-25', 'Final', 1610612743, 1610612765, 2019, 115, '1', '1', '0', 33, 41, 98, '0', '1', '0', 24, 33, 1),
(21900861, '2020-02-25', 'Final', 1610612747, 1610612740, 2019, 118, '0', '1', '0', 27, 51, 109, '0', '1', '0', 31, 45, 1),
(21900862, '2020-02-25', 'Final', 1610612757, 1610612738, 2019, 106, '0', '1', '0', 24, 41, 118, '0', '1', '0', 19, 45, 0),
(21900863, '2020-02-25', 'Final', 1610612744, 1610612758, 2019, 94, '0', '1', '0', 21, 34, 112, '1', '1', '0', 25, 40, 0),
(21900864, '2020-02-26', 'Final', 1610612766, 1610612752, 2019, 107, '0', '1', '0', 25, 37, 101, '1', '1', '0', 22, 42, 1),
(21900865, '2020-02-26', 'Final', 1610612739, 1610612755, 2019, 108, '1', '1', '0', 24, 48, 94, '0', '1', '0', 22, 31, 1),
(21900866, '2020-02-26', 'Final', 1610612764, 1610612751, 2019, 110, '0', '1', '0', 22, 39, 106, '0', '1', '0', 15, 56, 1),
(21900867, '2020-02-26', 'Final', 1610612737, 1610612753, 2019, 120, '0', '1', '0', 30, 42, 130, '0', '1', '0', 30, 52, 0),
(21900868, '2020-02-26', 'Final', 1610612748, 1610612750, 2019, 126, '1', '1', '0', 30, 43, 129, '1', '1', '0', 28, 33, 0),
(21900869, '2020-02-26', 'Final', 1610612759, 1610612742, 2019, 103, '0', '1', '0', 22, 55, 109, '0', '1', '0', 25, 43, 0),
(21900870, '2020-02-26', 'Final', 1610612745, 1610612763, 2019, 140, '1', '1', '0', 22, 44, 112, '0', '1', '0', 28, 49, 1),
(21900871, '2020-02-26', 'Final', 1610612756, 1610612746, 2019, 92, '0', '1', '0', 29, 48, 102, '0', '1', '0', 22, 46, 0),
(21900872, '2020-02-26', 'Final', 1610612762, 1610612738, 2019, 103, '0', '1', '0', 16, 41, 114, '1', '1', '0', 21, 44, 0),
(21900873, '2020-02-27', 'Final', 1610612755, 1610612752, 2019, 115, '0', '1', '0', 32, 44, 106, '1', '1', '0', 28, 39, 1),
(21900874, '2020-02-27', 'Final', 1610612754, 1610612757, 2019, 106, '0', '1', '0', 21, 48, 100, '0', '1', '0', 14, 45, 1),
(21900875, '2020-02-27', 'Final', 1610612760, 1610612758, 2019, 112, '0', '1', '0', 20, 37, 108, '0', '1', '0', 30, 45, 1),
(21900876, '2020-02-27', 'Final', 1610612744, 1610612747, 2019, 86, '0', '1', '0', 27, 37, 116, '1', '1', '0', 24, 44, 0),
(21900877, '2020-02-28', 'Final', 1610612753, 1610612750, 2019, 136, '1', '1', '0', 36, 54, 125, '0', '1', '0', 27, 33, 1),
(21900878, '2020-02-28', 'Final', 1610612737, 1610612751, 2019, 141, '1', '1', '0', 32, 52, 118, '0', '1', '0', 30, 38, 1),
(21900879, '2020-02-28', 'Final', 1610612761, 1610612766, 2019, 96, '0', '1', '0', 19, 45, 99, '0', '1', '0', 23, 58, 0),
(21900880, '2020-02-28', 'Final', 1610612748, 1610612742, 2019, 126, '1', '1', '0', 30, 40, 118, '0', '1', '0', 25, 35, 1),
(21900881, '2020-02-28', 'Final', 1610612763, 1610612758, 2019, 101, '0', '1', '0', 27, 52, 104, '0', '1', '0', 24, 47, 0),
(21900882, '2020-02-28', 'Final', 1610612749, 1610612760, 2019, 133, '1', '1', '0', 34, 66, 86, '0', '1', '0', 14, 36, 1),
(21900883, '2020-02-28', 'Final', 1610612740, 1610612739, 2019, 116, '1', '1', '0', 36, 49, 104, '0', '1', '0', 27, 34, 1),
(21900884, '2020-02-28', 'Final', 1610612756, 1610612765, 2019, 111, '1', '1', '0', 31, 38, 113, '0', '1', '0', 27, 31, 0),
(21900885, '2020-02-28', 'Final', 1610612762, 1610612764, 2019, 129, '0', '1', '1', 23, 54, 119, '0', '1', '0', 23, 41, 1),
(21900886, '2020-02-28', 'Final', 1610612746, 1610612743, 2019, 132, '1', '1', '0', 35, 46, 103, '0', '1', '0', 19, 39, 1),
(21900887, '2020-02-29', 'Final', 1610612752, 1610612741, 2019, 125, '1', '1', '0', 29, 50, 115, '0', '1', '0', 26, 33, 1),
(21900888, '2020-02-29', 'Final', 1610612737, 1610612757, 2019, 129, '1', '1', '0', 34, 36, 117, '1', '1', '0', 14, 42, 1),
(21900889, '2020-02-29', 'Final', 1610612748, 1610612751, 2019, 116, '0', '1', '0', 27, 45, 113, '0', '1', '0', 30, 44, 1),
(21900890, '2020-02-29', 'Final', 1610612739, 1610612754, 2019, 104, '0', '1', '0', 30, 36, 113, '1', '1', '0', 30, 38, 0),
(21900891, '2020-02-29', 'Final', 1610612763, 1610612747, 2019, 105, '0', '1', '0', 27, 51, 88, '0', '1', '0', 26, 45, 1),
(21900892, '2020-02-29', 'Final', 1610612738, 1610612745, 2019, 110, '0', '1', '0', 22, 54, 111, '0', '1', '0', 17, 53, 0),
(21900893, '2020-02-29', 'Final', 1610612759, 1610612753, 2019, 114, '1', '1', '0', 28, 31, 113, '0', '1', '0', 28, 41, 1),
(21900894, '2020-02-29', 'Final', 1610612756, 1610612744, 2019, 99, '0', '1', '0', 24, 40, 115, '0', '1', '0', 30, 49, 0),
(21900895, '2020-03-01', 'Final', 1610612766, 1610612749, 2019, 85, '0', '1', '0', 22, 47, 93, '0', '1', '0', 20, 61, 0),
(21900896, '2020-03-01', 'Final', 1610612750, 1610612742, 2019, 91, '0', '0', '0', 19, 57, 111, '0', '1', '0', 28, 56, 0),
(21900897, '2020-03-01', 'Final', 1610612746, 1610612755, 2019, 136, '1', '1', '1', 25, 37, 130, '1', '1', '0', 27, 37, 1),
(21900898, '2020-03-01', 'Final', 1610612743, 1610612761, 2019, 133, '1', '1', '1', 38, 41, 118, '0', '1', '0', 24, 36, 1),
(21900899, '2020-03-01', 'Final', 1610612758, 1610612765, 2019, 106, '0', '1', '0', 18, 51, 100, '0', '1', '0', 23, 42, 1),
(21900900, '2020-03-01', 'Final', 1610612740, 1610612747, 2019, 114, '0', '1', '0', 24, 52, 122, '1', '1', '0', 23, 36, 0),
(21900901, '2020-03-01', 'Final', 1610612744, 1610612764, 2019, 110, '0', '1', '0', 25, 52, 124, '0', '1', '1', 24, 34, 0),
(41300101, '2014-04-19', 'Final', 1610612754, 1610612737, 2013, 93, '0', '1', '0', 19, 46, 101, '0', '1', '0', 13, 42, 0),
(41300102, '2014-04-22', 'Final', 1610612754, 1610612737, 2013, 101, '1', '1', '0', 25, 38, 85, '0', '1', '0', 13, 31, 1),
(41300103, '2014-04-24', 'Final', 1610612737, 1610612754, 2013, 98, '0', '1', '0', 21, 41, 85, '0', '1', '0', 21, 51, 1),
(41300104, '2014-04-26', 'Final', 1610612737, 1610612754, 2013, 88, '0', '1', '0', 22, 41, 91, '0', '1', '0', 22, 43, 0),
(41300105, '2014-04-28', 'Final', 1610612754, 1610612737, 2013, 97, '0', '1', '0', 24, 35, 107, '1', '1', '1', 19, 38, 0),
(41300106, '2014-05-01', 'Final', 1610612737, 1610612754, 2013, 88, '0', '1', '0', 14, 44, 95, '0', '1', '0', 15, 47, 0),
(41300107, '2014-05-03', 'Final', 1610612754, 1610612737, 2013, 92, '0', '1', '0', 17, 55, 80, '0', '1', '0', 16, 38, 1),
(41300111, '2014-04-20', 'Final', 1610612748, 1610612766, 2013, 99, '0', '1', '0', 14, 38, 88, '0', '1', '0', 18, 44, 1),
(41300112, '2014-04-23', 'Final', 1610612748, 1610612766, 2013, 101, '1', '1', '0', 19, 37, 97, '0', '1', '0', 18, 41, 1),
(41300113, '2014-04-26', 'Final', 1610612766, 1610612748, 2013, 85, '0', '1', '0', 21, 38, 98, '0', '1', '1', 26, 39, 0),
(41300114, '2014-04-28', 'Final', 1610612766, 1610612748, 2013, 98, '1', '1', '0', 22, 36, 109, '1', '1', '0', 25, 33, 0),
(41300121, '2014-04-19', 'Final', 1610612761, 1610612751, 2013, 87, '0', '1', '0', 22, 45, 94, '0', '1', '0', 16, 37, 0),
(41300122, '2014-04-22', 'Final', 1610612761, 1610612751, 2013, 100, '0', '1', '0', 19, 52, 95, '0', '1', '0', 19, 30, 1),
(41300123, '2014-04-25', 'Final', 1610612751, 1610612761, 2013, 102, '0', '1', '0', 21, 29, 98, '0', '1', '0', 18, 35, 1),
(41300124, '2014-04-27', 'Final', 1610612751, 1610612761, 2013, 79, '0', '1', '0', 17, 43, 87, '0', '1', '0', 15, 43, 0),
(41300125, '2014-04-30', 'Final', 1610612761, 1610612751, 2013, 115, '0', '1', '0', 21, 37, 113, '1', '1', '0', 22, 34, 1),
(41300126, '2014-05-02', 'Final', 1610612751, 1610612761, 2013, 97, '0', '1', '0', 17, 45, 83, '0', '1', '0', 16, 42, 1),
(41300127, '2014-05-04', 'Final', 1610612761, 1610612751, 2013, 103, '0', '1', '0', 13, 38, 104, '0', '1', '0', 16, 42, 0),
(41300131, '2014-04-20', 'Final', 1610612741, 1610612764, 2013, 93, '0', '1', '0', 13, 39, 102, '0', '1', '0', 21, 45, 0),
(41300132, '2014-04-22', 'Final', 1610612741, 1610612764, 2013, 99, '0', '1', '0', 23, 49, 101, '0', '1', '0', 23, 42, 0),
(41300133, '2014-04-25', 'Final', 1610612764, 1610612741, 2013, 97, '0', '1', '0', 20, 41, 100, '0', '1', '1', 24, 36, 0),
(41300134, '2014-04-27', 'Final', 1610612764, 1610612741, 2013, 98, '0', '1', '0', 22, 38, 89, '0', '1', '0', 22, 42, 1),
(41300135, '2014-04-29', 'Final', 1610612741, 1610612764, 2013, 69, '0', '1', '0', 19, 43, 75, '0', '1', '0', 16, 49, 0),
(41300141, '2014-04-20', 'Final', 1610612759, 1610612742, 2013, 90, '0', '1', '0', 14, 48, 85, '0', '1', '0', 15, 40, 1),
(41300142, '2014-04-23', 'Final', 1610612759, 1610612742, 2013, 92, '1', '1', '1', 17, 32, 113, '0', '1', '0', 19, 35, 0),
(41300143, '2014-04-26', 'Final', 1610612742, 1610612759, 2013, 109, '1', '1', '0', 25, 35, 108, '1', '1', '0', 26, 36, 1),
(41300144, '2014-04-28', 'Final', 1610612742, 1610612759, 2013, 89, '0', '1', '0', 18, 49, 93, '0', '1', '0', 16, 49, 0),
(41300145, '2014-04-30', 'Final', 1610612759, 1610612742, 2013, 109, '0', '1', '1', 24, 47, 103, '0', '1', '0', 18, 47, 1),
(41300146, '2014-05-02', 'Final', 1610612742, 1610612759, 2013, 113, '1', '1', '0', 18, 40, 111, '1', '1', '0', 21, 39, 1),
(41300147, '2014-05-04', 'Final', 1610612759, 1610612742, 2013, 119, '1', '1', '0', 21, 40, 96, '0', '1', '0', 21, 39, 1),
(41300151, '2014-04-19', 'Final', 1610612760, 1610612763, 2013, 100, '0', '1', '0', 22, 51, 86, '0', '1', '0', 20, 41, 1),
(41300152, '2014-04-21', 'Final', 1610612760, 1610612763, 2013, 105, '0', '1', '0', 20, 49, 111, '0', '1', '0', 30, 47, 0),
(41300153, '2014-04-24', 'Final', 1610612763, 1610612760, 2013, 98, '0', '1', '0', 21, 47, 95, '0', '1', '0', 13, 48, 1),
(41300154, '2014-04-26', 'Final', 1610612763, 1610612760, 2013, 89, '0', '1', '0', 19, 49, 92, '0', '1', '0', 14, 58, 0),
(41300155, '2014-04-29', 'Final', 1610612760, 1610612763, 2013, 99, '0', '1', '0', 24, 51, 100, '0', '1', '0', 21, 50, 0),
(41300156, '2014-05-01', 'Final', 1610612763, 1610612760, 2013, 84, '0', '1', '0', 19, 36, 104, '0', '1', '0', 15, 47, 0),
(41300157, '2014-05-03', 'Final', 1610612760, 1610612763, 2013, 120, '1', '1', '1', 22, 33, 109, '0', '1', '0', 22, 29, 1),
(41300161, '2014-04-19', 'Final', 1610612746, 1610612744, 2013, 105, '0', '1', '0', 24, 42, 109, '0', '1', '0', 26, 48, 0),
(41300162, '2014-04-21', 'Final', 1610612746, 1610612744, 2013, 138, '1', '1', '0', 29, 34, 98, '0', '1', '0', 18, 36, 1),
(41300163, '2014-04-24', 'Final', 1610612744, 1610612746, 2013, 96, '0', '1', '0', 26, 52, 98, '0', '0', '0', 25, 47, 0),
(41300164, '2014-04-27', 'Final', 1610612744, 1610612746, 2013, 118, '1', '1', '0', 32, 34, 97, '0', '1', '0', 20, 32, 1),
(41300165, '2014-04-29', 'Final', 1610612746, 1610612744, 2013, 113, '0', '1', '0', 20, 41, 103, '0', '1', '0', 24, 42, 1),
(41300166, '2014-05-01', 'Final', 1610612744, 1610612746, 2013, 100, '0', '1', '0', 20, 50, 99, '0', '1', '0', 22, 53, 1),
(41300167, '2014-05-03', 'Final', 1610612746, 1610612744, 2013, 126, '1', '1', '0', 26, 38, 121, '0', '1', '1', 25, 37, 1),
(41300171, '2014-04-20', 'Final', 1610612745, 1610612757, 2013, 120, '0', '1', '0', 16, 59, 122, '0', '1', '0', 14, 54, 0),
(41300172, '2014-04-23', 'Final', 1610612745, 1610612757, 2013, 105, '0', '1', '0', 16, 42, 112, '0', '1', '0', 23, 43, 0),
(41300173, '2014-04-25', 'Final', 1610612757, 1610612745, 2013, 116, '0', '1', '0', 21, 47, 121, '0', '1', '0', 20, 53, 0),
(41300174, '2014-04-27', 'Final', 1610612757, 1610612745, 2013, 123, '0', '1', '0', 25, 44, 120, '0', '1', '0', 16, 49, 1),
(41300175, '2014-04-30', 'Final', 1610612745, 1610612757, 2013, 108, '0', '1', '0', 23, 48, 98, '0', '1', '0', 14, 34, 1),
(41300176, '2014-05-02', 'Final', 1610612757, 1610612745, 2013, 99, '0', '1', '0', 14, 34, 98, '0', '1', '0', 19, 44, 1),
(41300201, '2014-05-05', 'Final', 1610612754, 1610612764, 2013, 96, '0', '1', '0', 16, 36, 102, '0', '1', '1', 23, 53, 0),
(41300202, '2014-05-07', 'Final', 1610612754, 1610612764, 2013, 86, '0', '1', '0', 17, 38, 82, '0', '0', '0', 20, 43, 1),
(41300203, '2014-05-09', 'Final', 1610612764, 1610612754, 2013, 63, '0', '1', '0', 10, 45, 85, '0', '1', '0', 20, 42, 0),
(41300204, '2014-05-11', 'Final', 1610612764, 1610612754, 2013, 92, '0', '1', '0', 22, 36, 95, '0', '1', '0', 20, 40, 0),
(41300205, '2014-05-13', 'Final', 1610612754, 1610612764, 2013, 79, '0', '1', '0', 19, 23, 102, '1', '1', '0', 21, 62, 0),
(41300206, '2014-05-15', 'Final', 1610612764, 1610612754, 2013, 80, '0', '1', '0', 17, 40, 93, '1', '1', '0', 18, 38, 0),
(41300211, '2014-05-06', 'Final', 1610612748, 1610612751, 2013, 107, '1', '1', '0', 22, 37, 86, '0', '1', '0', 11, 32, 1),
(41300212, '2014-05-08', 'Final', 1610612748, 1610612751, 2013, 94, '0', '1', '0', 17, 36, 82, '0', '1', '0', 19, 43, 1),
(41300213, '2014-05-10', 'Final', 1610612751, 1610612748, 2013, 104, '1', '1', '1', 26, 43, 90, '0', '1', '0', 13, 27, 1),
(41300214, '2014-05-12', 'Final', 1610612751, 1610612748, 2013, 96, '0', '1', '0', 22, 40, 102, '1', '1', '0', 14, 34, 0),
(41300215, '2014-05-14', 'Final', 1610612748, 1610612751, 2013, 96, '0', '1', '0', 18, 33, 94, '0', '1', '0', 14, 36, 1),
(41300221, '2014-05-06', 'Final', 1610612759, 1610612757, 2013, 116, '1', '1', '0', 21, 45, 92, '0', '1', '0', 9, 47, 1),
(41300222, '2014-05-08', 'Final', 1610612759, 1610612757, 2013, 114, '1', '0', '1', 27, 41, 97, '0', '1', '0', 15, 44, 1),
(41300223, '2014-05-10', 'Final', 1610612757, 1610612759, 2013, 103, '0', '1', '0', 23, 41, 118, '0', '1', '0', 23, 41, 0),
(41300224, '2014-05-12', 'Final', 1610612757, 1610612759, 2013, 103, '0', '1', '0', 17, 53, 92, '0', '1', '0', 13, 46, 1),
(41300225, '2014-05-14', 'Final', 1610612759, 1610612757, 2013, 104, '0', '1', '0', 24, 47, 82, '0', '1', '0', 18, 45, 1),
(41300231, '2014-05-05', 'Final', 1610612760, 1610612746, 2013, 105, '0', '1', '0', 17, 47, 122, '1', '1', '1', 26, 31, 0),
(41300232, '2014-05-07', 'Final', 1610612760, 1610612746, 2013, 112, '1', '1', '0', 23, 52, 101, '0', '1', '0', 23, 36, 1),
(41300233, '2014-05-09', 'Final', 1610612746, 1610612760, 2013, 112, '0', '1', '0', 25, 33, 118, '1', '1', '0', 26, 44, 0),
(41300234, '2014-05-11', 'Final', 1610612746, 1610612760, 2013, 101, '0', '1', '0', 23, 45, 99, '0', '1', '0', 17, 43, 1),
(41300235, '2014-05-13', 'Final', 1610612760, 1610612746, 2013, 105, '0', '1', '0', 14, 44, 104, '0', '1', '0', 21, 44, 1),
(41300236, '2014-05-15', 'Final', 1610612746, 1610612760, 2013, 98, '0', '1', '0', 26, 41, 104, '0', '1', '0', 25, 43, 0),
(41300301, '2014-05-18', 'Final', 1610612754, 1610612748, 2013, 107, '1', '1', '0', 23, 38, 96, '1', '1', '0', 23, 29, 1),
(41300302, '2014-05-20', 'Final', 1610612754, 1610612748, 2013, 83, '0', '1', '0', 19, 41, 87, '1', '1', '0', 19, 38, 0),
(41300303, '2014-05-24', 'Final', 1610612748, 1610612754, 2013, 99, '1', '1', '1', 17, 29, 87, '0', '1', '0', 17, 29, 1),
(41300304, '2014-05-26', 'Final', 1610612748, 1610612754, 2013, 102, '0', '1', '0', 16, 34, 90, '0', '1', '0', 18, 37, 1),
(41300305, '2014-05-28', 'Final', 1610612754, 1610612748, 2013, 93, '0', '1', '0', 13, 45, 90, '0', '1', '0', 22, 38, 1),
(41300306, '2014-05-30', 'Final', 1610612748, 1610612754, 2013, 117, '1', '1', '0', 24, 37, 92, '0', '1', '0', 14, 28, 1),
(41300311, '2014-05-19', 'Final', 1610612759, 1610612760, 2013, 122, '1', '1', '1', 28, 40, 105, '0', '1', '0', 19, 37, 1),
(41300312, '2014-05-21', 'Final', 1610612759, 1610612760, 2013, 112, '1', '1', '0', 27, 53, 77, '0', '1', '0', 18, 38, 1),
(41300313, '2014-05-25', 'Final', 1610612760, 1610612759, 2013, 106, '0', '1', '0', 17, 52, 97, '0', '1', '0', 22, 36, 1),
(41300314, '2014-05-27', 'Final', 1610612760, 1610612759, 2013, 105, '0', '1', '0', 22, 42, 92, '0', '1', '0', 17, 41, 1),
(41300315, '2014-05-29', 'Final', 1610612759, 1610612760, 2013, 117, '1', '1', '1', 23, 48, 89, '0', '1', '0', 19, 35, 1),
(41300316, '2014-05-31', 'Final', 1610612760, 1610612759, 2013, 107, '0', '1', '0', 19, 45, 112, '0', '1', '0', 20, 49, 0),
(41300401, '2014-06-05', 'Final', 1610612759, 1610612748, 2013, 110, '1', '1', '1', 30, 39, 95, '0', '1', '0', 16, 29, 1),
(41300402, '2014-06-08', 'Final', 1610612759, 1610612748, 2013, 96, '0', '1', '0', 26, 37, 98, '1', '1', '0', 16, 38, 0),
(41300403, '2014-06-10', 'Final', 1610612748, 1610612759, 2013, 92, '1', '1', '0', 17, 26, 111, '1', '1', '0', 21, 29, 0),
(41300404, '2014-06-12', 'Final', 1610612748, 1610612759, 2013, 86, '0', '1', '0', 13, 27, 107, '1', '1', '0', 25, 44, 0),
(41300405, '2014-06-15', 'Final', 1610612759, 1610612748, 2013, 104, '0', '1', '0', 25, 40, 87, '0', '1', '0', 14, 41, 1);

-- --------------------------------------------------------

--
-- Estrutura da tabela `games_details`
--

CREATE TABLE `games_details` (
  `game_details_id` int(11) NOT NULL,
  `game_id` int(11) DEFAULT NULL,
  `team_id` int(11) DEFAULT NULL,
  `player_id` int(11) DEFAULT NULL,
  `start_position` varchar(1) DEFAULT NULL,
  `comment` varchar(50) DEFAULT NULL,
  `min` varchar(5) DEFAULT NULL,
  `fgm` int(11) DEFAULT NULL,
  `fga` int(11) DEFAULT NULL,
  `fg_pct` decimal(11,0) DEFAULT NULL,
  `fg3m` int(11) DEFAULT NULL,
  `fg3a` int(11) DEFAULT NULL,
  `fg3_pct` decimal(11,0) DEFAULT NULL,
  `ftm` int(11) DEFAULT NULL,
  `fta` int(11) DEFAULT NULL,
  `ft_pct` decimal(11,0) DEFAULT NULL,
  `oreb` int(11) DEFAULT NULL,
  `dreb` int(11) DEFAULT NULL,
  `reb` int(11) DEFAULT NULL,
  `ast` int(11) DEFAULT NULL,
  `stl` int(11) DEFAULT NULL,
  `blk` int(11) DEFAULT NULL,
  `to` int(11) DEFAULT NULL,
  `pf` int(11) DEFAULT NULL,
  `pts` int(11) DEFAULT NULL,
  `plus_minus` int(11) DEFAULT NULL
) ENGINE=InnoDB DEFAULT CHARSET=utf8mb4;

--
-- Extraindo dados da tabela `games_details`
--

INSERT INTO `games_details` (`game_details_id`, `game_id`, `team_id`, `player_id`, `start_position`, `comment`, `min`, `fgm`, `fga`, `fg_pct`, `fg3m`, `fg3a`, `fg3_pct`, `ftm`, `fta`, `ft_pct`, `oreb`, `dreb`, `reb`, `ast`, `stl`, `blk`, `to`, `pf`, `pts`, `plus_minus`) VALUES
(2, 21900895, 1610612749, 203507, 'F', '', '34:55', 17, 28, '1', 1, 4, '0', 6, 7, '1', 2, 18, 20, 6, 1, 0, 3, 2, 41, 22),
(3, 21900895, 1610612749, 201572, 'C', '', '26:25', 4, 11, '0', 1, 5, '0', 7, 9, '1', 2, 5, 7, 0, 0, 3, 0, 2, 16, 16),
(6, 21900895, 1610612749, 1626192, '', '', '24:52', 2, 5, '0', 1, 4, '0', 1, 2, '1', 2, 3, 5, 1, 0, 0, 1, 2, 6, 0),
(10, 21900895, 1610612749, 201588, '', '', '25:43', 4, 11, '0', 1, 4, '0', 2, 3, '1', 2, 3, 5, 2, 2, 0, 3, 1, 11, 2),
(15, 21900895, 1610612766, 1629023, 'F', '', '31:52', 5, 14, '0', 1, 8, '0', 1, 1, '1', 1, 5, 6, 3, 0, 2, 2, 3, 12, -13),
(17, 21900895, 1610612766, 1628984, 'G', '', '32:21', 7, 18, '0', 3, 8, '0', 0, 1, '0', 0, 2, 2, 3, 1, 0, 0, 2, 17, -14),
(18, 21900895, 1610612766, 1626179, 'G', '', '36:05', 6, 18, '0', 0, 3, '0', 1, 1, '1', 2, 1, 3, 4, 1, 0, 2, 2, 13, -20),
(19, 21900895, 1610612766, 1628998, '', '', '29:08', 4, 8, '1', 2, 5, '0', 1, 1, '1', 0, 5, 5, 2, 0, 1, 1, 2, 11, 2),
(21, 21900895, 1610612766, 1626195, '', '', '20:21', 4, 9, '0', 0, 1, '0', 2, 2, '1', 3, 10, 13, 4, 2, 0, 1, 0, 10, 11),
(27, 21900896, 1610612742, 203501, 'F', '', '31:46', 7, 16, '0', 2, 7, '0', 3, 3, '1', 0, 6, 6, 0, 2, 0, 1, 1, 19, 37),
(29, 21900896, 1610612742, 204001, 'C', '', '36:54', 13, 25, '1', 6, 14, '0', 6, 10, '1', 2, 11, 13, 4, 1, 5, 2, 2, 38, 22),
(31, 21900896, 1610612742, 203552, 'G', '', '29:51', 11, 17, '1', 3, 7, '0', 2, 4, '1', 0, 1, 1, 4, 1, 0, 1, 1, 27, 6),
(39, 21900896, 1610612750, 1627823, 'F', '', '27:37', 5, 11, '0', 2, 6, '0', 0, 3, '0', 1, 11, 12, 1, 0, 1, 1, 4, 12, -24),
(40, 21900896, 1610612750, 1629675, 'C', '', '27:14', 4, 13, '0', 0, 2, '0', 1, 2, '1', 5, 7, 12, 2, 0, 0, 0, 1, 9, 1),
(42, 21900896, 1610612750, 1626156, 'G', '', '36:48', 6, 18, '0', 2, 9, '0', 2, 3, '1', 1, 8, 9, 7, 2, 0, 4, 1, 16, -12),
(43, 21900896, 1610612750, 1629633, '', '', '25:01', 5, 10, '1', 2, 4, '1', 0, 1, '0', 1, 3, 4, 2, 1, 0, 0, 1, 12, -11),
(44, 21900896, 1610612750, 1627774, '', '', '14:48', 2, 7, '0', 1, 2, '1', 1, 2, '1', 0, 2, 2, 0, 0, 0, 0, 1, 6, 12),
(46, 21900896, 1610612750, 1629162, '', '', '17:12', 1, 4, '0', 0, 2, '0', 2, 4, '1', 0, 2, 2, 3, 4, 0, 1, 0, 4, -12),
(51, 21900897, 1610612755, 202699, 'F', '', '40:58', 11, 21, '1', 3, 7, '0', 0, 1, '0', 2, 2, 4, 4, 1, 0, 1, 3, 25, -5),
(52, 21900897, 1610612755, 201143, 'C', '', '29:00', 4, 11, '0', 1, 4, '0', 3, 3, '1', 2, 6, 8, 6, 1, 2, 2, 6, 12, 5),
(54, 21900897, 1610612755, 1629003, 'G', '', '39:36', 14, 20, '1', 7, 9, '1', 4, 5, '1', 1, 2, 3, 5, 1, 0, 2, 5, 39, 4),
(55, 21900897, 1610612755, 1627788, '', '', '28:58', 2, 9, '0', 2, 6, '0', 2, 3, '1', 0, 2, 2, 3, 0, 1, 2, 4, 8, -8),
(56, 21900897, 1610612755, 1629680, '', '', '15:42', 3, 5, '1', 1, 3, '0', 0, 2, '0', 0, 1, 1, 1, 1, 0, 0, 1, 7, -6),
(57, 21900897, 1610612755, 203124, '', '', '7:16', 0, 1, '0', 0, 1, '0', 2, 4, '1', 2, 1, 3, 1, 1, 0, 0, 1, 2, -12),
(58, 21900897, 1610612755, 202692, '', '', '25:24', 5, 13, '0', 3, 7, '0', 2, 2, '1', 0, 6, 6, 3, 0, 0, 1, 0, 15, -9),
(62, 21900897, 1610612746, 202695, 'F', '', '33:35', 10, 20, '1', 2, 5, '0', 8, 9, '1', 2, 4, 6, 3, 1, 0, 1, 0, 30, 1),
(63, 21900897, 1610612746, 202694, 'F', '', '27:18', 3, 4, '1', 1, 1, '1', 2, 2, '1', 0, 2, 2, 1, 1, 1, 0, 1, 9, -4),
(65, 21900897, 1610612746, 202331, 'G', '', '30:03', 8, 13, '1', 4, 8, '1', 4, 5, '1', 1, 3, 4, 1, 2, 0, 1, 3, 24, -11),
(68, 21900897, 1610612746, 101150, '', '', '28:08', 8, 12, '1', 3, 4, '1', 5, 8, '1', 0, 2, 2, 8, 1, 0, 3, 0, 24, 19),
(70, 21900897, 1610612746, 202704, '', '', '19:28', 4, 5, '1', 1, 1, '1', 4, 4, '1', 0, 4, 4, 3, 0, 2, 0, 1, 13, 10),
(75, 21900898, 1610612761, 1628384, 'F', '', '39:47', 12, 16, '1', 3, 6, '1', 5, 5, '1', 2, 5, 7, 3, 7, 0, 0, 5, 32, -11),
(76, 21900898, 1610612761, 1627783, 'F', '', '39:31', 6, 21, '0', 1, 7, '0', 3, 4, '1', 1, 6, 7, 5, 2, 1, 4, 5, 16, -13),
(78, 21900898, 1610612761, 1626181, 'G', '', '40:06', 9, 17, '1', 1, 6, '0', 5, 6, '1', 1, 5, 6, 0, 0, 1, 0, 2, 24, -13),
(79, 21900898, 1610612761, 200768, 'G', '', '37:57', 4, 14, '0', 2, 10, '0', 7, 7, '1', 0, 5, 5, 8, 0, 0, 4, 3, 17, -9),
(80, 21900898, 1610612761, 1629056, '', '', '17:14', 3, 5, '1', 1, 3, '0', 1, 2, '1', 0, 3, 3, 3, 0, 0, 1, 2, 8, -6),
(83, 21900898, 1610612761, 1628449, '', '', '8:42', 1, 3, '0', 1, 2, '1', 2, 2, '1', 1, 1, 2, 0, 0, 0, 1, 4, 5, -6),
(88, 21900898, 1610612743, 203115, 'F', '', '26:50', 3, 9, '0', 1, 4, '0', 4, 5, '1', 0, 2, 2, 4, 0, 0, 3, 2, 11, 7),
(89, 21900898, 1610612743, 203924, 'F', '', '34:42', 5, 10, '1', 2, 4, '1', 4, 4, '1', 0, 3, 3, 6, 0, 0, 4, 4, 16, 18),
(92, 21900898, 1610612743, 1627750, 'G', '', '36:31', 8, 15, '1', 6, 10, '1', 0, 1, '0', 0, 1, 1, 5, 0, 0, 2, 3, 22, 15),
(93, 21900898, 1610612743, 1628420, '', '', '29:13', 4, 9, '0', 2, 5, '0', 2, 2, '1', 0, 3, 3, 4, 1, 0, 2, 1, 12, 8),
(94, 21900898, 1610612743, 1629008, '', '', '19:10', 4, 8, '1', 1, 3, '0', 2, 4, '1', 3, 3, 6, 3, 1, 0, 0, 0, 11, -1),
(99, 21900899, 1610612765, 203503, 'F', '', '38:21', 3, 9, '0', 3, 6, '1', 3, 3, '1', 0, 4, 4, 6, 1, 1, 0, 2, 12, 8),
(100, 21900899, 1610612765, 1626174, 'F', '', '35:16', 7, 16, '0', 1, 4, '0', 5, 7, '1', 2, 10, 12, 0, 0, 1, 0, 1, 20, 3),
(101, 21900899, 1610612765, 203089, 'C', '', '22:17', 5, 8, '1', 0, 1, '0', 0, 4, '0', 2, 3, 5, 3, 2, 1, 2, 1, 10, 6),
(102, 21900899, 1610612765, 1629004, 'G', '', '38:51', 4, 11, '0', 4, 9, '0', 2, 2, '1', 1, 5, 6, 2, 0, 0, 4, 5, 14, -2),
(103, 21900899, 1610612765, 201565, 'G', '', '9:23', 3, 5, '1', 1, 1, '1', 2, 2, '1', 0, 3, 3, 2, 0, 0, 1, 1, 9, 11),
(104, 21900899, 1610612765, 202688, '', '', '25:17', 5, 12, '0', 5, 10, '1', 1, 2, '1', 0, 3, 3, 7, 0, 0, 4, 3, 16, -12),
(106, 21900899, 1610612765, 1629635, '', '', '15:39', 1, 3, '0', 0, 1, '0', 3, 4, '1', 0, 3, 3, 0, 0, 0, 2, 4, 5, -17),
(112, 21900899, 1610612758, 203084, 'F', '', '35:54', 3, 9, '0', 1, 3, '0', 3, 4, '1', 1, 7, 8, 4, 1, 0, 1, 1, 10, 0),
(115, 21900899, 1610612758, 203992, 'G', '', '27:55', 5, 12, '0', 3, 8, '0', 2, 3, '1', 0, 0, 0, 0, 4, 0, 1, 3, 15, -1),
(116, 21900899, 1610612758, 1628368, 'G', '', '32:17', 7, 16, '0', 0, 4, '0', 9, 10, '1', 2, 1, 3, 7, 0, 1, 2, 3, 23, 7),
(118, 21900899, 1610612758, 1627741, '', '', '25:07', 7, 17, '0', 3, 11, '0', 2, 2, '1', 0, 6, 6, 2, 0, 0, 3, 0, 19, 16),
(120, 21900899, 1610612758, 203145, '', '', '31:30', 1, 6, '0', 0, 2, '0', 5, 5, '1', 0, 4, 4, 2, 0, 0, 2, 4, 7, 6),
(125, 21900900, 1610612747, 2544, 'F', '', '36:23', 14, 21, '1', 3, 5, '1', 3, 3, '1', 0, 12, 12, 13, 2, 0, 6, 2, 34, 22),
(126, 21900900, 1610612747, 1628398, 'F', '', '35:02', 8, 18, '0', 2, 8, '0', 2, 3, '1', 1, 3, 4, 1, 1, 0, 0, 4, 20, 11),
(129, 21900900, 1610612747, 202340, 'G', '', '24:55', 3, 8, '0', 2, 4, '1', 2, 2, '1', 1, 1, 2, 3, 1, 1, 0, 1, 10, 5),
(130, 21900900, 1610612747, 203484, '', '', '31:16', 5, 11, '0', 1, 5, '0', 2, 2, '1', 0, 0, 0, 2, 3, 1, 1, 1, 13, 9),
(138, 21900900, 1610612740, 1627742, 'F', '', '39:08', 5, 23, '0', 1, 9, '0', 4, 4, '1', 0, 4, 4, 2, 1, 0, 3, 5, 15, 4),
(141, 21900900, 1610612740, 201950, 'G', '', '38:16', 4, 10, '0', 2, 5, '0', 1, 2, '1', 1, 4, 5, 6, 1, 0, 2, 2, 11, -7),
(142, 21900900, 1610612740, 1628366, 'G', '', '37:30', 7, 15, '0', 1, 7, '0', 4, 6, '1', 0, 9, 9, 9, 3, 1, 3, 0, 19, -4),
(144, 21900900, 1610612740, 1629740, '', '', '20:38', 2, 8, '0', 1, 7, '0', 5, 6, '1', 0, 2, 2, 0, 1, 1, 0, 0, 10, 0),
(152, 21900901, 1610612764, 1629060, 'F', '', '29:47', 4, 8, '1', 1, 2, '1', 6, 7, '1', 1, 7, 8, 1, 0, 0, 1, 1, 15, 12),
(153, 21900901, 1610612764, 1628418, 'C', '', '15:23', 5, 6, '1', 1, 1, '1', 1, 1, '1', 1, 1, 2, 0, 1, 2, 1, 0, 12, 13),
(154, 21900901, 1610612764, 203078, 'G', '', '35:09', 10, 24, '0', 7, 9, '1', 7, 8, '1', 1, 1, 2, 8, 5, 0, 1, 1, 34, 22),
(155, 21900901, 1610612764, 203894, 'G', '', '25:12', 3, 5, '1', 1, 1, '1', 2, 2, '1', 0, 3, 3, 5, 3, 0, 2, 1, 9, 16),
(157, 21900901, 1610612764, 202722, '', '', '30:20', 9, 14, '1', 8, 10, '1', 3, 3, '1', 1, 3, 4, 0, 0, 1, 2, 2, 29, 3),
(159, 21900901, 1610612764, 1629010, '', '', '21:42', 2, 5, '0', 0, 2, '0', 2, 2, '1', 0, 3, 3, 0, 0, 0, 1, 3, 6, -12),
(160, 21900901, 1610612764, 1628972, '', '', '16:38', 0, 4, '0', 0, 1, '0', 2, 2, '1', 1, 4, 5, 2, 1, 0, 1, 2, 2, -4),
(167, 21900901, 1610612744, 203952, 'G', '', '35:22', 9, 19, '0', 1, 5, '0', 8, 11, '1', 1, 5, 6, 2, 2, 2, 4, 3, 27, -31),
(169, 21900901, 1610612744, 1629672, '', '', '33:22', 7, 14, '1', 1, 2, '1', 2, 3, '1', 5, 2, 7, 6, 0, 0, 2, 1, 17, -6),
(170, 21900901, 1610612744, 1628539, '', '', '31:11', 6, 10, '1', 3, 7, '0', 2, 3, '1', 0, 2, 2, 1, 1, 1, 0, 5, 17, 5),
(171, 21900901, 1610612744, 1629673, '', '', '27:47', 5, 9, '1', 2, 3, '1', 5, 7, '1', 2, 1, 3, 7, 0, 0, 4, 2, 17, -4),
(175, 21900887, 1610612741, 203107, 'F', '', '33:54', 2, 8, '0', 0, 3, '0', 2, 2, '1', 2, 2, 4, 7, 1, 0, 1, 2, 6, -10),
(179, 21900887, 1610612741, 203897, 'G', '', '37:36', 10, 25, '0', 4, 8, '1', 2, 5, '0', 0, 3, 3, 7, 1, 0, 1, 5, 26, -11),
(181, 21900887, 1610612741, 1629632, '', '', '28:36', 7, 17, '0', 4, 8, '1', 4, 4, '1', 0, 2, 2, 3, 2, 0, 1, 1, 22, -20),
(184, 21900887, 1610612741, 1629690, '', '', '16:25', 2, 3, '1', 2, 2, '1', 2, 2, '1', 1, 0, 1, 1, 1, 0, 0, 2, 8, 7),
(186, 21900887, 1610612752, 203090, 'F', '', '26:49', 3, 10, '0', 0, 3, '0', 3, 3, '1', 1, 6, 7, 3, 3, 1, 0, 2, 9, 12),
(187, 21900887, 1610612752, 203944, 'F', '', '31:39', 7, 15, '0', 0, 2, '0', 8, 8, '1', 1, 9, 10, 3, 1, 0, 4, 1, 22, 17),
(188, 21900887, 1610612752, 201959, 'C', '', '19:03', 5, 6, '1', 0, 1, '0', 7, 8, '1', 4, 4, 8, 2, 1, 0, 1, 2, 17, 12),
(189, 21900887, 1610612752, 1629628, 'G', '', '31:11', 8, 10, '1', 3, 4, '1', 0, 4, '0', 0, 4, 4, 3, 0, 0, 3, 1, 19, 19),
(190, 21900887, 1610612752, 203901, 'G', '', '33:20', 1, 4, '0', 0, 1, '0', 1, 4, '0', 0, 1, 1, 10, 0, 0, 4, 1, 3, 9),
(192, 21900887, 1610612752, 1628995, '', '', '21:11', 4, 9, '0', 2, 3, '1', 2, 2, '1', 4, 2, 6, 1, 0, 0, 1, 0, 12, -2),
(193, 21900887, 1610612752, 1628373, '', '', '16:32', 1, 2, '1', 1, 1, '1', 1, 1, '1', 0, 2, 2, 4, 0, 0, 1, 4, 4, -1),
(198, 21900888, 1610612757, 2772, 'F', '', '37:26', 3, 9, '0', 1, 6, '0', 3, 3, '1', 0, 4, 4, 2, 3, 0, 3, 4, 10, -10),
(199, 21900888, 1610612757, 2546, 'F', '', '36:33', 5, 13, '0', 1, 3, '0', 1, 2, '1', 3, 3, 6, 2, 0, 0, 4, 3, 12, -13),
(201, 21900888, 1610612757, 1629018, 'G', '', '29:07', 6, 12, '1', 1, 4, '0', 2, 2, '1', 0, 0, 0, 0, 0, 0, 3, 4, 15, -19),
(202, 21900888, 1610612757, 203468, 'G', '', '38:54', 14, 26, '1', 3, 9, '0', 4, 6, '1', 2, 3, 5, 5, 2, 0, 2, 3, 35, -9),
(203, 21900888, 1610612757, 1629014, '', '', '15:48', 3, 8, '0', 2, 3, '1', 2, 2, '1', 0, 1, 1, 0, 0, 0, 0, 2, 10, -5),
(212, 21900888, 1610612737, 1628381, 'C', '', '36:08', 9, 14, '1', 3, 5, '1', 3, 3, '1', 2, 8, 10, 4, 1, 2, 3, 4, 24, 7),
(213, 21900888, 1610612737, 1628989, 'G', '', '35:01', 6, 10, '1', 3, 7, '0', 4, 4, '1', 1, 3, 4, 8, 3, 1, 1, 3, 19, 3),
(214, 21900888, 1610612737, 1629027, 'G', '', '34:38', 7, 18, '0', 1, 8, '0', 10, 10, '1', 1, 3, 4, 15, 0, 0, 2, 2, 25, 8),
(216, 21900888, 1610612737, 201952, '', '', '17:17', 1, 4, '0', 0, 1, '0', 1, 1, '1', 0, 2, 2, 3, 0, 0, 3, 0, 3, 2),
(220, 21900888, 1610612737, 1626203, '', '', '13:19', 5, 5, '1', 2, 2, '1', 0, 1, '0', 0, 2, 2, 1, 1, 0, 1, 1, 12, 5),
(221, 21900889, 1610612751, 203925, 'F', '', '30:53', 7, 15, '0', 5, 9, '1', 1, 2, '1', 1, 3, 4, 3, 0, 0, 0, 1, 20, 11),
(222, 21900889, 1610612751, 1627752, 'F', '', '21:06', 3, 8, '0', 3, 8, '0', 1, 2, '1', 0, 2, 2, 0, 0, 0, 0, 5, 10, 14),
(224, 21900889, 1610612751, 1627747, 'G', '', '35:14', 6, 17, '0', 1, 6, '0', 2, 2, '1', 0, 3, 3, 4, 1, 0, 4, 2, 15, -7),
(225, 21900889, 1610612751, 203915, 'G', '', '32:22', 7, 15, '0', 2, 7, '0', 9, 10, '1', 0, 4, 4, 12, 0, 0, 3, 4, 25, 6),
(226, 21900889, 1610612751, 1629066, '', '', '12:34', 1, 2, '1', 0, 1, '0', 0, 1, '0', 0, 2, 2, 1, 1, 0, 0, 3, 2, -15),
(234, 21900889, 1610612748, 202710, 'F', '', '36:22', 5, 14, '0', 0, 1, '0', 6, 9, '1', 3, 3, 6, 8, 1, 0, 2, 1, 16, -3),
(235, 21900889, 1610612748, 1627884, 'F', '', '19:43', 4, 11, '0', 2, 6, '0', 2, 2, '1', 2, 4, 6, 1, 1, 0, 0, 3, 12, 0),
(237, 21900889, 1610612748, 1629130, 'G', '', '28:00', 3, 7, '0', 2, 6, '0', 2, 2, '1', 0, 3, 3, 0, 1, 0, 0, 3, 10, 4),
(239, 21900889, 1610612748, 201609, '', '', '32:13', 6, 16, '0', 4, 9, '0', 3, 4, '1', 0, 3, 3, 10, 0, 0, 1, 2, 19, 8),
(240, 21900889, 1610612748, 203109, '', '', '28:23', 4, 10, '0', 2, 6, '0', 3, 3, '1', 0, 4, 4, 0, 1, 0, 0, 3, 13, -2),
(241, 21900889, 1610612748, 203482, '', '', '15:45', 2, 4, '1', 1, 2, '1', 2, 2, '1', 1, 1, 2, 2, 0, 0, 0, 4, 7, 1),
(248, 21900890, 1610612754, 1627734, 'F', '', '41:54', 8, 13, '1', 0, 1, '0', 2, 4, '1', 3, 10, 13, 9, 2, 1, 0, 2, 18, 6),
(250, 21900890, 1610612754, 203506, 'G', '', '28:44', 7, 15, '0', 2, 5, '0', 3, 4, '1', 1, 2, 3, 1, 3, 0, 0, 1, 19, 10),
(251, 21900890, 1610612754, 1627763, 'G', '', '35:14', 9, 13, '1', 0, 1, '0', 4, 4, '1', 0, 1, 1, 8, 1, 0, 1, 2, 22, 20),
(256, 21900890, 1610612754, 203926, '', '', '10:14', 3, 6, '1', 1, 3, '0', 2, 2, '1', 0, 1, 1, 1, 0, 0, 3, 2, 9, -4),
(260, 21900890, 1610612739, 1626224, 'F', '', '22:20', 3, 6, '1', 1, 3, '0', 1, 2, '1', 0, 1, 1, 2, 0, 0, 0, 0, 8, -4),
(261, 21900890, 1610612739, 201567, 'F', '', '37:18', 6, 9, '1', 1, 4, '0', 7, 8, '1', 2, 10, 12, 7, 1, 0, 2, 0, 20, -6),
(262, 21900890, 1610612739, 203083, 'C', '', '35:36', 12, 21, '1', 0, 3, '0', 3, 3, '1', 1, 12, 13, 4, 4, 1, 1, 3, 27, -18),
(263, 21900890, 1610612739, 1629012, 'G', '', '37:03', 7, 16, '0', 1, 3, '0', 1, 2, '1', 1, 2, 3, 4, 0, 0, 3, 2, 16, -1),
(265, 21900890, 1610612739, 1629645, '', '', '34:20', 5, 13, '0', 2, 6, '0', 2, 2, '1', 0, 2, 2, 3, 1, 2, 2, 4, 14, -9),
(266, 21900890, 1610612739, 1626204, '', '', '25:10', 1, 4, '0', 0, 1, '0', 3, 3, '1', 0, 1, 1, 3, 3, 0, 0, 0, 5, 4),
(271, 21900891, 1610612747, 2544, 'F', '', '34:20', 8, 18, '0', 2, 8, '0', 1, 2, '1', 2, 6, 8, 10, 1, 1, 5, 1, 19, -12),
(272, 21900891, 1610612747, 203076, 'F', '', '24:44', 7, 12, '1', 1, 3, '0', 0, 1, '0', 2, 7, 9, 4, 0, 2, 1, 2, 15, -10),
(275, 21900891, 1610612747, 1627936, 'G', '', '20:33', 3, 5, '1', 1, 2, '1', 2, 2, '1', 0, 2, 2, 0, 1, 0, 0, 0, 9, -8),
(277, 21900891, 1610612747, 1628398, '', '', '26:19', 5, 12, '0', 0, 2, '0', 0, 1, '0', 0, 5, 5, 2, 0, 0, 3, 1, 10, -9),
(284, 21900891, 1610612763, 1628415, 'F', '', '34:47', 9, 24, '0', 3, 11, '0', 3, 3, '1', 1, 4, 5, 0, 0, 0, 2, 4, 24, 15);

-- --------------------------------------------------------

--
-- Estrutura da tabela `players`
--

CREATE TABLE `players` (
  `player_id` int(11) NOT NULL,
  `player_name` varchar(50) DEFAULT NULL,
  `team_id` int(11) DEFAULT NULL,
  `seasons` int(11) DEFAULT NULL
) ENGINE=InnoDB DEFAULT CHARSET=utf8mb4;

--
-- Extraindo dados da tabela `players`
--

INSERT INTO `players` (`player_id`, `player_name`, `team_id`, `seasons`) VALUES
(1713, 'Vince Carter', 1610612737, 2019),
(2199, 'Tyson Chandler', 1610612745, 2019),
(2200, 'Pau Gasol', 1610612757, 2019),
(2207, 'Joe Johnson', 1610612765, 2019),
(2403, 'Nene', 1610612745, 2019),
(2544, 'LeBron James', 1610612747, 2019),
(2546, 'Carmelo Anthony', 1610612757, 2019),
(2585, 'Zaza Pachulia', 1610612765, 2018),
(2594, 'Kyle Korver', 1610612749, 2019),
(2617, 'Udonis Haslem', 1610612748, 2019),
(2730, 'Dwight Howard', 1610612747, 2019),
(2733, 'Shaun Livingston', 1610612744, 2018),
(2738, 'Andre Iguodala', 1610612763, 2019),
(2772, 'Trevor Ariza', 1610612758, 2019),
(101106, 'Andrew Bogut', 1610612744, 2018),
(101107, 'Marvin Williams', 1610612766, 2019),
(101108, 'Chris Paul', 1610612760, 2019),
(101109, 'Raymond Felton', 1610612760, 2018),
(101123, 'Gerald Green', 1610612745, 2019),
(101133, 'Ian Mahinmi', 1610612764, 2019),
(101139, 'CJ Miles', 1610612764, 2019),
(101141, 'Ersan Ilyasova', 1610612749, 2019),
(101150, 'Lou Williams', 1610612746, 2019),
(101161, 'Amir Johnson', 1610612755, 2018),
(101181, 'Jose Calderon', 1610612765, 2018),
(200746, 'LaMarcus Aldridge', 1610612759, 2019),
(200752, 'Rudy Gay', 1610612759, 2019),
(200755, 'JJ Redick', 1610612740, 2019),
(200757, 'Thabo Sefolosha', 1610612745, 2019),
(200765, 'Rajon Rondo', 1610612747, 2019),
(200768, 'Kyle Lowry', 1610612761, 2019),
(200782, 'P.J. Tucker', 1610612745, 2019),
(200794, 'Paul Millsap', 1610612743, 2019),
(200826, 'J.J. Barea', 1610612742, 2019),
(201142, 'Kevin Durant', 1610612751, 2019),
(201143, 'Al Horford', 1610612755, 2019),
(201144, 'Mike Conley', 1610612762, 2019),
(201145, 'Jeff Green', 1610612762, 2019),
(201152, 'Thaddeus Young', 1610612741, 2019),
(201158, 'Marco Belinelli', 1610612759, 2019),
(201162, 'Jared Dudley', 1610612747, 2019),
(201163, 'Wilson Chandler', 1610612751, 2019),
(201188, 'Marc Gasol', 1610612761, 2019),
(201229, 'Anthony Tolliver', 1610612757, 2019),
(201565, 'Derrick Rose', 1610612765, 2019),
(201566, 'Russell Westbrook', 1610612745, 2019),
(201567, 'Kevin Love', 1610612739, 2019),
(201568, 'Danilo Gallinari', 1610612760, 2019),
(201569, 'Eric Gordon', 1610612745, 2019),
(201571, 'D.J. Augustin', 1610612753, 2019),
(201572, 'Brook Lopez', 1610612749, 2019),
(201577, 'Robin Lopez', 1610612749, 2019),
(201580, 'JaVale McGee', 1610612747, 2019),
(201583, 'Ryan Anderson', 1610612745, 2019),
(201584, 'Courtney Lee', 1610612742, 2019),
(201586, 'Serge Ibaka', 1610612761, 2019),
(201587, 'Nicolas Batum', 1610612766, 2019),
(201588, 'George Hill', 1610612749, 2019),
(201599, 'DeAndre Jordan', 1610612751, 2019),
(201609, 'Goran Dragic', 1610612748, 2019),
(201933, 'Blake Griffin', 1610612765, 2019),
(201935, 'James Harden', 1610612745, 2019),
(201936, 'Tyreke Evans', 1610612754, 2018),
(201937, 'Ricky Rubio', 1610612756, 2019),
(201939, 'Stephen Curry', 1610612744, 2019),
(201942, 'DeMar DeRozan', 1610612759, 2019),
(201949, 'James Johnson', 1610612748, 2019),
(201950, 'Jrue Holiday', 1610612740, 2019),
(201952, 'Jeff Teague', 1610612750, 2019),
(201954, 'Darren Collison', 1610612754, 2018),
(201959, 'Taj Gibson', 1610612752, 2019),
(201960, 'DeMarre Carroll', 1610612759, 2019),
(201961, 'Wayne Ellington', 1610612752, 2019),
(201967, 'Dante Cunningham', 1610612759, 2018),
(201973, 'Jonas Jerebko', 1610612744, 2018),
(201975, 'Jodie Meeks', 1610612761, 2018),
(201976, 'Patrick Beverley', 1610612746, 2019),
(201980, 'Danny Green', 1610612747, 2019),
(201988, 'Patty Mills', 1610612759, 2019),
(202066, 'Garrett Temple', 1610612751, 2019),
(202083, 'Wesley Matthews', 1610612749, 2019),
(202322, 'John Wall', 1610612764, 2019),
(202323, 'Evan Turner', 1610612737, 2019),
(202324, 'Derrick Favors', 1610612740, 2019),
(202326, 'DeMarcus Cousins', 1610612747, 2019),
(202327, 'Ekpe Udoh', 1610612762, 2018),
(202328, 'Greg Monroe', 1610612755, 2018),
(202329, 'Al-Farouq Aminu', 1610612753, 2019),
(202330, 'Gordon Hayward', 1610612738, 2019),
(202331, 'Paul George', 1610612746, 2019),
(202334, 'Ed Davis', 1610612762, 2019),
(202335, 'Patrick Patterson', 1610612746, 2019),
(202339, 'Eric Bledsoe', 1610612749, 2019),
(202340, 'Avery Bradley', 1610612747, 2019),
(202347, 'Quincy Pondexter', 1610612759, 2018),
(202355, 'Hassan Whiteside', 1610612757, 2019),
(202357, 'Nemanja Bjelica', 1610612758, 2019),
(202391, 'Jeremy Lin', 1610612761, 2018),
(202397, 'Ish Smith', 1610612764, 2019),
(202498, 'Lance Thomas', 1610612751, 2019),
(202681, 'Kyrie Irving', 1610612751, 2019),
(202683, 'Enes Kanter', 1610612738, 2019),
(202684, 'Tristan Thompson', 1610612739, 2019),
(202685, 'Jonas Valanciunas', 1610612763, 2019),
(202687, 'Bismack Biyombo', 1610612766, 2019),
(202688, 'Brandon Knight', 1610612739, 2019),
(202689, 'Kemba Walker', 1610612738, 2019),
(202691, 'Klay Thompson', 1610612744, 2019),
(202692, 'Alec Burks', 1610612744, 2019),
(202693, 'Markieff Morris', 1610612765, 2019),
(202694, 'Marcus Morris Sr.', 1610612752, 2019),
(202695, 'Kawhi Leonard', 1610612746, 2019),
(202696, 'Nikola Vucevic', 1610612753, 2019),
(202697, 'Iman Shumpert', 1610612751, 2019),
(202699, 'Tobias Harris', 1610612755, 2019),
(202700, 'Donatas Motiejunas', 1610612759, 2018),
(202702, 'Kenneth Faried', 1610612745, 2018),
(202703, 'Nikola Mirotic', 1610612749, 2018),
(202704, 'Reggie Jackson', 1610612765, 2019),
(202709, 'Cory Joseph', 1610612758, 2019),
(202710, 'Jimmy Butler', 1610612748, 2019),
(202711, 'Bojan Bogdanovic', 1610612762, 2019),
(202718, 'Chandler Parsons', 1610612737, 2019),
(202720, 'Jon Leuer', 1610612765, 2018),
(202722, 'Davis Bertans', 1610612764, 2019),
(202734, 'E\'Twaun Moore', 1610612740, 2019),
(202738, 'Isaiah Thomas', 1610612764, 2019),
(202954, 'Brad Wanamaker', 1610612738, 2019),
(203076, 'Anthony Davis', 1610612747, 2019),
(203077, 'Michael Kidd-Gilchrist', 1610612766, 2019),
(203078, 'Bradley Beal', 1610612764, 2019),
(203079, 'Dion Waiters', 1610612748, 2019),
(203081, 'Damian Lillard', 1610612757, 2019),
(203082, 'Terrence Ross', 1610612753, 2019),
(203083, 'Andre Drummond', 1610612765, 2019),
(203084, 'Harrison Barnes', 1610612758, 2019),
(203085, 'Austin Rivers', 1610612745, 2019),
(203086, 'Meyers Leonard', 1610612748, 2019),
(203087, 'Jeremy Lamb', 1610612754, 2019),
(203089, 'John Henson', 1610612739, 2019),
(203090, 'Maurice Harkless', 1610612746, 2019),
(203092, 'Tyler Zeller', 1610612743, 2019),
(203095, 'Evan Fournier', 1610612753, 2019),
(203101, 'Miles Plumlee', 1610612763, 2019),
(203107, 'Tomas Satoransky', 1610612741, 2019),
(203109, 'Jae Crowder', 1610612763, 2019),
(203110, 'Draymond Green', 1610612744, 2019),
(203114, 'Khris Middleton', 1610612749, 2019),
(203115, 'Will Barton', 1610612743, 2019),
(203118, 'Mike Scott', 1610612755, 2019),
(203121, 'Darius Miller', 1610612740, 2019),
(203124, 'Kyle O\'Quinn', 1610612755, 2019),
(203138, 'Hollis Thompson', 1610612758, 2019),
(203145, 'Kent Bazemore', 1610612757, 2019),
(203200, 'Justin Holiday', 1610612754, 2019),
(203210, 'JaMychal Green', 1610612746, 2019),
(203382, 'Aron Baynes', 1610612756, 2019),
(203457, 'Nerlens Noel', 1610612760, 2019),
(203458, 'Alex Len', 1610612737, 2019),
(203459, 'Allen Crabbe', 1610612737, 2019),
(203460, 'Andre Roberson', 1610612760, 2019),
(203461, 'Anthony Bennett', 1610612745, 2019),
(203463, 'Ben McLemore', 1610612745, 2019),
(203468, 'CJ McCollum', 1610612757, 2019),
(203469, 'Cody Zeller', 1610612766, 2019),
(203471, 'Dennis Schroder', 1610612760, 2019),
(203473, 'Dewayne Dedmon', 1610612758, 2019),
(203476, 'Gorgui Dieng', 1610612750, 2019),
(203482, 'Kelly Olynyk', 1610612748, 2019),
(203484, 'Kentavious Caldwell-Pope', 1610612747, 2019),
(203486, 'Mason Plumlee', 1610612743, 2019),
(203487, 'Michael Carter-Williams', 1610612753, 2019),
(203488, 'Mike Muscala', 1610612760, 2019),
(203490, 'Otto Porter Jr.', 1610612741, 2019),
(203493, 'Reggie Bullock', 1610612752, 2019),
(203496, 'Robert Covington', 1610612750, 2019),
(203497, 'Rudy Gobert', 1610612762, 2019),
(203500, 'Steven Adams', 1610612760, 2019),
(203501, 'Tim Hardaway Jr.', 1610612742, 2019),
(203503, 'Tony Snell', 1610612765, 2019),
(203504, 'Trey Burke', 1610612755, 2019),
(203506, 'Victor Oladipo', 1610612754, 2019),
(203507, 'Giannis Antetokounmpo', 1610612749, 2019),
(203516, 'James Ennis III', 1610612755, 2019),
(203521, 'Matthew Dellavedova', 1610612739, 2019),
(203524, 'Solomon Hill', 1610612763, 2019),
(203526, 'Raul Neto', 1610612755, 2019),
(203552, 'Seth Curry', 1610612742, 2019),
(203583, 'Abdul Gaddy', 1610612760, 2019),
(203584, 'Troy Daniels', 1610612747, 2019),
(203585, 'Rodney McGruder', 1610612746, 2019),
(203613, 'Jonathon Simmons', 1610612755, 2018),
(203648, 'Thanasis Antetokounmpo', 1610612749, 2019),
(203658, 'Norvel Pelle', 1610612755, 2019),
(203687, 'Reggie Hearn', 1610612747, 2019),
(203705, 'Josh Magette', 1610612753, 2019),
(203710, 'C.J. Williams', 1610612751, 2019),
(203894, 'Shabazz Napier', 1610612750, 2019),
(203895, 'Jordan McRae', 1610612764, 2019),
(203897, 'Zach LaVine', 1610612741, 2019),
(203901, 'Elfrid Payton', 1610612752, 2019),
(203903, 'Jordan Clarkson', 1610612739, 2019),
(203906, 'Devyn Marble', 1610612744, 2019),
(203912, 'C.J. Wilcox', 1610612754, 2019),
(203914, 'Gary Harris', 1610612743, 2019),
(203915, 'Spencer Dinwiddie', 1610612751, 2019),
(203918, 'Rodney Hood', 1610612757, 2019),
(203920, 'Khem Birch', 1610612753, 2019),
(203922, 'Glenn Robinson III', 1610612744, 2019),
(203924, 'Jerami Grant', 1610612743, 2019),
(203925, 'Joe Harris', 1610612751, 2019),
(203926, 'Doug McDermott', 1610612754, 2019),
(203932, 'Aaron Gordon', 1610612753, 2019),
(203933, 'T.J. Warren', 1610612754, 2019),
(203935, 'Marcus Smart', 1610612738, 2019),
(203937, 'Kyle Anderson', 1610612763, 2019),
(203939, 'Dwight Powell', 1610612742, 2019),
(203943, 'Noah Vonleh', 1610612750, 2019),
(203944, 'Julius Randle', 1610612752, 2019),
(203952, 'Andrew Wiggins', 1610612750, 2019),
(203953, 'Jabari Parker', 1610612737, 2019),
(203954, 'Joel Embiid', 1610612755, 2019),
(203957, 'Dante Exum', 1610612762, 2019),
(203960, 'JaKarr Sampson', 1610612754, 2019),
(203961, 'Eric Moreland', 1610612760, 2019),
(203967, 'Dario Saric', 1610612756, 2019),
(203991, 'Clint Capela', 1610612745, 2019),
(203992, 'Bogdan Bogdanovic', 1610612758, 2019),
(203994, 'Jusuf Nurkic', 1610612757, 2019),
(203998, 'Bruno Caboclo', 1610612763, 2019),
(203999, 'Nikola Jokic', 1610612743, 2019),
(204001, 'Kristaps Porzingis', 1610612742, 2019),
(204020, 'Tyler Johnson', 1610612756, 2019),
(204025, 'Tim Frazier', 1610612765, 2019),
(204038, 'Langston Galloway', 1610612765, 2019),
(204060, 'Joe Ingles', 1610612762, 2019),
(204065, 'David Stockton', 1610612747, 2019),
(204215, 'Bubu Palo', 1610612748, 2019),
(204456, 'T.J. McConnell', 1610612754, 2019),
(1626143, 'Jahlil Okafor', 1610612740, 2019),
(1626144, 'Emmanuel Mudiay', 1610612762, 2019),
(1626145, 'Tyus Jones', 1610612763, 2019),
(1626147, 'Justin Anderson', 1610612764, 2019),
(1626149, 'Montrezl Harrell', 1610612746, 2019),
(1626150, 'Andrew Harrison', 1610612744, 2019),
(1626153, 'Delon Wright', 1610612742, 2019),
(1626156, 'D\'Angelo Russell', 1610612744, 2019),
(1626157, 'Karl-Anthony Towns', 1610612750, 2019),
(1626158, 'Richaun Holmes', 1610612758, 2019),
(1626159, 'Justise Winslow', 1610612748, 2019),
(1626161, 'Willie Cauley-Stein', 1610612744, 2019),
(1626162, 'Kelly Oubre Jr.', 1610612756, 2019),
(1626163, 'Frank Kaminsky', 1610612756, 2019),
(1626164, 'Devin Booker', 1610612756, 2019),
(1626166, 'Cameron Payne', 1610612761, 2019),
(1626167, 'Myles Turner', 1610612754, 2019),
(1626168, 'Trey Lyles', 1610612759, 2019),
(1626169, 'Stanley Johnson', 1610612761, 2019),
(1626170, 'Jerian Grant', 1610612753, 2018),
(1626171, 'Bobby Portis', 1610612752, 2019),
(1626172, 'Kevon Looney', 1610612744, 2019),
(1626174, 'Christian Wood', 1610612765, 2019),
(1626178, 'Rondae Hollis-Jefferson', 1610612761, 2019),
(1626179, 'Terry Rozier', 1610612766, 2019),
(1626181, 'Norman Powell', 1610612761, 2019),
(1626185, 'Jarell Martin', 1610612739, 2019),
(1626187, 'Michael Frazier', 1610612745, 2019),
(1626188, 'Quinn Cook', 1610612747, 2019),
(1626192, 'Pat Connaughton', 1610612749, 2019),
(1626195, 'Willy Hernangomez', 1610612766, 2019),
(1626196, 'Josh Richardson', 1610612755, 2019),
(1626203, 'Treveon Graham', 1610612750, 2019),
(1626204, 'Larry Nance Jr.', 1610612739, 2019),
(1626209, 'Mario Hezonja', 1610612757, 2019),
(1626220, 'Royce O\'Neale', 1610612762, 2019),
(1626224, 'Cedi Osman', 1610612739, 2019),
(1626245, 'Cristiano Felicio', 1610612741, 2019),
(1626246, 'Boban Marjanovic', 1610612742, 2019),
(1626259, 'Malcolm Miller', 1610612761, 2019),
(1626296, 'Jordan Sibert', 1610612737, 2019),
(1626780, 'Jonathan Gibson', 1610612738, 2018),
(1627215, 'Walt Lemon Jr.', 1610612754, 2019),
(1627732, 'Ben Simmons', 1610612755, 2019),
(1627733, 'Dragan Bender', 1610612749, 2019),
(1627734, 'Domantas Sabonis', 1610612754, 2019),
(1627736, 'Malik Beasley', 1610612743, 2019),
(1627737, 'Marquese Chriss', 1610612744, 2019),
(1627739, 'Kris Dunn', 1610612741, 2019),
(1627740, 'Henry Ellenson', 1610612751, 2019),
(1627741, 'Buddy Hield', 1610612758, 2019),
(1627742, 'Brandon Ingram', 1610612740, 2019),
(1627743, 'Demetrius Jackson', 1610612747, 2019),
(1627745, 'Damian Jones', 1610612737, 2019),
(1627746, 'Skal Labissiere', 1610612757, 2019),
(1627747, 'Caris LeVert', 1610612751, 2019),
(1627748, 'Thon Maker', 1610612765, 2019),
(1627749, 'Dejounte Murray', 1610612759, 2019),
(1627750, 'Jamal Murray', 1610612743, 2019),
(1627751, 'Jakob Poeltl', 1610612759, 2019),
(1627752, 'Taurean Prince', 1610612751, 2019),
(1627755, 'Tyler Ulis', 1610612758, 2019),
(1627756, 'Denzel Valentine', 1610612741, 2019),
(1627759, 'Jaylen Brown', 1610612738, 2019),
(1627761, 'DeAndre\' Bembry', 1610612737, 2019),
(1627763, 'Malcolm Brogdon', 1610612754, 2019),
(1627767, 'Cheick Diallo', 1610612756, 2019),
(1627772, 'Daniel Hamilton', 1610612739, 2019),
(1627774, 'Jake Layman', 1610612750, 2019),
(1627775, 'Patrick McCaw', 1610612761, 2019),
(1627776, 'Isaiah Miles', 1610612755, 2019),
(1627777, 'Georges Niang', 1610612762, 2019),
(1627783, 'Pascal Siakam', 1610612761, 2019),
(1627784, 'Jarrod Uthoff', 1610612763, 2019),
(1627788, 'Furkan Korkmaz', 1610612755, 2019),
(1627789, 'Timothe Luwawu-Cabarrot', 1610612751, 2019),
(1627790, 'Ante Zizic', 1610612739, 2019),
(1627812, 'Yogi Ferrell', 1610612758, 2019),
(1627814, 'Damion Lee', 1610612744, 2019),
(1627819, 'Isaiah Taylor', 1610612761, 2019),
(1627820, 'Tyrone Wallace', 1610612737, 2019),
(1627823, 'Juancho Hernangomez', 1610612743, 2019),
(1627824, 'Guerschon Yabusele', 1610612738, 2018),
(1627826, 'Ivica Zubac', 1610612746, 2019),
(1627827, 'Dorian Finney-Smith', 1610612742, 2019),
(1627832, 'Fred VanVleet', 1610612761, 2019),
(1627846, 'Abdel Nader', 1610612760, 2019),
(1627853, 'Ryan Arcidiacono', 1610612741, 2019),
(1627854, 'Bryn Forbes', 1610612759, 2019),
(1627858, 'Kyle Collinsworth', 1610612762, 2019),
(1627863, 'Danuel House Jr.', 1610612745, 2019),
(1627883, 'Jalen Jones', 1610612764, 2019),
(1627884, 'Derrick Jones Jr.', 1610612748, 2019),
(1627885, 'Shaquille Harrison', 1610612741, 2019),
(1627936, 'Alex Caruso', 1610612747, 2019),
(1627982, 'Josh Gray', 1610612740, 2019),
(1627988, 'Myke Henry', 1610612760, 2019),
(1628021, 'David Nwaba', 1610612751, 2019),
(1628035, 'Alfonzo McKinnie', 1610612739, 2019),
(1628365, 'Markelle Fultz', 1610612753, 2019),
(1628366, 'Lonzo Ball', 1610612740, 2019),
(1628367, 'Josh Jackson', 1610612763, 2019),
(1628368, 'De\'Aaron Fox', 1610612758, 2019),
(1628369, 'Jayson Tatum', 1610612738, 2019),
(1628370, 'Malik Monk', 1610612766, 2019),
(1628371, 'Jonathan Isaac', 1610612753, 2019),
(1628372, 'Dennis Smith Jr.', 1610612752, 2019),
(1628373, 'Frank Ntilikina', 1610612752, 2019),
(1628374, 'Lauri Markkanen', 1610612741, 2019),
(1628378, 'Donovan Mitchell', 1610612762, 2019),
(1628379, 'Luke Kennard', 1610612765, 2019),
(1628380, 'Zach Collins', 1610612757, 2019),
(1628381, 'John Collins', 1610612737, 2019),
(1628382, 'Justin Jackson', 1610612742, 2019),
(1628383, 'Justin Patton', 1610612760, 2019),
(1628384, 'OG Anunoby', 1610612761, 2019),
(1628385, 'Harry Giles III', 1610612758, 2019),
(1628386, 'Jarrett Allen', 1610612751, 2019),
(1628388, 'TJ Leaf', 1610612754, 2019),
(1628389, 'Bam Adebayo', 1610612748, 2019),
(1628390, 'Terrance Ferguson', 1610612760, 2019),
(1628391, 'D.J. Wilson', 1610612749, 2019),
(1628392, 'Isaiah Hartenstein', 1610612745, 2019),
(1628394, 'Anzejs Pasecniks', 1610612764, 2019),
(1628395, 'Jordan Bell', 1610612750, 2019),
(1628396, 'Tony Bradley', 1610612762, 2019),
(1628397, 'Ivan Rabb', 1610612763, 2019),
(1628398, 'Kyle Kuzma', 1610612747, 2019),
(1628399, 'Tyler Lydon', 1610612758, 2019),
(1628400, 'Semi Ojeleye', 1610612738, 2019),
(1628401, 'Derrick White', 1610612759, 2019),
(1628402, 'Frank Jackson', 1610612740, 2019),
(1628403, 'Caleb Swanigan', 1610612758, 2019),
(1628404, 'Josh Hart', 1610612740, 2019),
(1628405, 'Johnathan Motley', 1610612746, 2019),
(1628407, 'Dwayne Bacon', 1610612766, 2019),
(1628408, 'PJ Dozier', 1610612743, 2019),
(1628410, 'Edmond Sumner', 1610612754, 2019),
(1628411, 'Wes Iwundu', 1610612753, 2019),
(1628412, 'Frank Mason', 1610612749, 2019),
(1628413, 'Jonah Bolden', 1610612755, 2019),
(1628414, 'Sindarius Thornwell', 1610612739, 2019),
(1628415, 'Dillon Brooks', 1610612763, 2019),
(1628417, 'Jaron Blossomgame', 1610612745, 2019),
(1628418, 'Thomas Bryant', 1610612764, 2019),
(1628420, 'Monte Morris', 1610612743, 2019),
(1628421, 'Devin Robinson', 1610612761, 2019),
(1628422, 'Damyean Dotson', 1610612752, 2019),
(1628424, 'Kobi Simmons', 1610612766, 2019),
(1628425, 'Sterling Brown', 1610612749, 2019),
(1628427, 'Vlatko Cancar', 1610612743, 2019),
(1628430, 'Nigel Williams-Goss', 1610612762, 2019),
(1628432, 'Davon Reed', 1610612748, 2019),
(1628436, 'Luke Kornet', 1610612741, 2019),
(1628443, 'Kadeem Allen', 1610612752, 2019),
(1628448, 'Kavell Bigby-Williams', 1610612740, 2019),
(1628449, 'Chris Boucher', 1610612761, 2019),
(1628450, 'Eric Mika', 1610612758, 2019),
(1628464, 'Daniel Theis', 1610612738, 2019),
(1628467, 'Maxi Kleber', 1610612742, 2019),
(1628470, 'Torrey Craig', 1610612743, 2019),
(1628476, 'Derrick Walton Jr.', 1610612746, 2019),
(1628495, 'Milton Doyle', 1610612741, 2019),
(1628499, 'Antonius Cleveland', 1610612742, 2019),
(1628505, 'Troy Caupain', 1610612757, 2019),
(1628506, 'London Perrantes', 1610612757, 2019),
(1628513, 'Naz Mitrou-Long', 1610612754, 2019),
(1628518, 'Amile Jefferson', 1610612753, 2019),
(1628539, 'Mychal Mulder', 1610612748, 2019),
(1628578, 'Amida Brimah', 1610612754, 2019),
(1628605, 'Dusty Hannahs', 1610612763, 2019),
(1628769, 'Tahjere McCall', 1610612737, 2019),
(1628960, 'Grayson Allen', 1610612763, 2019),
(1628961, 'Kostas Antetokounmpo', 1610612747, 2019),
(1628963, 'Marvin Bagley III', 1610612758, 2019),
(1628964, 'Mo Bamba', 1610612753, 2019),
(1628966, 'Keita Bates-Diop', 1610612750, 2019),
(1628967, 'Tyus Battle', 1610612750, 2019),
(1628968, 'Brian Bowen II', 1610612754, 2019),
(1628969, 'Mikal Bridges', 1610612756, 2019),
(1628970, 'Miles Bridges', 1610612766, 2019),
(1628971, 'Bruce Brown', 1610612765, 2019),
(1628972, 'Troy Brown Jr.', 1610612764, 2019),
(1628973, 'Jalen Brunson', 1610612742, 2019),
(1628975, 'Jevon Carter', 1610612756, 2019),
(1628976, 'Wendell Carter Jr.', 1610612741, 2019),
(1628977, 'Hamidou Diallo', 1610612760, 2019),
(1628978, 'Donte DiVincenzo', 1610612749, 2019),
(1628980, 'Jacob Evans', 1610612744, 2019),
(1628981, 'Bruno Fernando', 1610612737, 2019),
(1628982, 'Melvin Frazier Jr.', 1610612753, 2019),
(1628983, 'Shai Gilgeous-Alexander', 1610612760, 2019),
(1628984, 'Devonte\' Graham', 1610612766, 2019),
(1628985, 'Devon Hall', 1610612760, 2019),
(1628988, 'Aaron Holiday', 1610612754, 2019),
(1628989, 'Kevin Huerter', 1610612737, 2019),
(1628990, 'Chandler Hutchison', 1610612741, 2019),
(1628991, 'Jaren Jackson Jr.', 1610612763, 2019),
(1628993, 'Alize Johnson', 1610612754, 2019),
(1628995, 'Kevin Knox II', 1610612752, 2019),
(1628996, 'Sagaba Konate', 1610612761, 2019),
(1628997, 'Caleb Martin', 1610612766, 2019),
(1628998, 'Cody Martin', 1610612766, 2019),
(1628999, 'Yante Maten', 1610612738, 2019),
(1629001, 'De\'Anthony Melton', 1610612763, 2019),
(1629002, 'Chimezie Metu', 1610612759, 2019),
(1629003, 'Shake Milton', 1610612755, 2019),
(1629004, 'Svi Mykhailiuk', 1610612765, 2019),
(1629006, 'Josh Okogie', 1610612750, 2019),
(1629008, 'Michael Porter Jr.', 1610612743, 2019),
(1629010, 'Jerome Robinson', 1610612746, 2019),
(1629011, 'Mitchell Robinson', 1610612752, 2019),
(1629012, 'Collin Sexton', 1610612739, 2019),
(1629013, 'Landry Shamet', 1610612746, 2019),
(1629014, 'Anfernee Simons', 1610612757, 2019),
(1629015, 'Zhaire Smith', 1610612755, 2019),
(1629016, 'Omari Spellman', 1610612744, 2019),
(1629017, 'Khyri Thomas', 1610612765, 2019),
(1629018, 'Gary Trent Jr.', 1610612757, 2019),
(1629019, 'Allonzo Trier', 1610612752, 2019),
(1629020, 'Jarred Vanderbilt', 1610612743, 2019),
(1629021, 'Moritz Wagner', 1610612764, 2019),
(1629022, 'Lonnie Walker IV', 1610612759, 2019),
(1629023, 'P.J. Washington', 1610612766, 2019),
(1629026, 'Kenrich Williams', 1610612740, 2019),
(1629027, 'Trae Young', 1610612737, 2019),
(1629028, 'Deandre Ayton', 1610612756, 2019),
(1629029, 'Luka Doncic', 1610612742, 2019),
(1629033, 'Theo Pinson', 1610612751, 2019),
(1629034, 'Ray Spalding', 1610612745, 2019),
(1629035, 'Carsen Edwards', 1610612738, 2019),
(1629044, 'Shamorie Ponds', 1610612761, 2019),
(1629048, 'Goga Bitadze', 1610612754, 2019),
(1629052, 'Oshae Brissett', 1610612761, 2019),
(1629055, 'Donte Grantham', 1610612746, 2019),
(1629056, 'Terence Davis', 1610612761, 2019),
(1629057, 'Robert Williams III', 1610612738, 2019),
(1629058, 'Dzanan Musa', 1610612751, 2019),
(1629059, 'Elie Okobo', 1610612756, 2019),
(1629060, 'Rui Hachimura', 1610612764, 2019),
(1629061, 'Deng Adel', 1610612751, 2019),
(1629065, 'Ky Bowman', 1610612744, 2019),
(1629066, 'Rodions Kurucs', 1610612751, 2019),
(1629067, 'Isaac Bonga', 1610612764, 2019),
(1629070, 'Matur Maker', 1610612745, 2019),
(1629076, 'Tyler Cook', 1610612739, 2019),
(1629094, 'Marcus Derrickson', 1610612737, 2019),
(1629097, 'Terry Larrier', 1610612746, 2019),
(1629103, 'Kelan Martin', 1610612750, 2019),
(1629109, 'Gary Clark', 1610612745, 2019),
(1629117, 'Wenyen Gabriel', 1610612758, 2019),
(1629118, 'Thomas Welsh', 1610612766, 2019),
(1629121, 'Jaylen Adams', 1610612749, 2019),
(1629122, 'J.P. Macura', 1610612739, 2019),
(1629126, 'Deonte Burton', 1610612760, 2019),
(1629129, 'Trevon Bluiett', 1610612762, 2019),
(1629130, 'Duncan Robinson', 1610612748, 2019),
(1629133, 'Daryl Macon', 1610612748, 2019),
(1629134, 'Kendrick Nunn', 1610612748, 2019),
(1629139, 'Yuta Watanabe', 1610612763, 2019),
(1629147, 'Joe Chealey', 1610612766, 2019),
(1629151, 'Ryan Broekhoff', 1610612742, 2019),
(1629152, 'DeVaughn Akoon-Purcell', 1610612760, 2019),
(1629162, 'Jordan McLaughlin', 1610612750, 2019),
(1629164, 'Brandon Goodwin', 1610612737, 2019),
(1629168, 'BJ Johnson', 1610612753, 2019),
(1629185, 'Chris Chiozza', 1610612764, 2019),
(1629203, 'Jemerrio Jones', 1610612764, 2019),
(1629232, 'Kaiser Gates', 1610612738, 2019),
(1629234, 'Drew Eubanks', 1610612759, 2019),
(1629244, 'Cameron Reynolds', 1610612749, 2019),
(1629270, 'Todd Withers', 1610612765, 2019),
(1629305, 'Marcus Allen', 1610612747, 2019),
(1629308, 'Juan Toscano-Anderson', 1610612744, 2019),
(1629312, 'Haywood Highsmith', 1610612755, 2019),
(1629346, 'Alen Smailagic', 1610612744, 2019),
(1629353, 'Isaac Humphries', 1610612753, 2019),
(1629594, 'Bennie Boatwright', 1610612763, 2019),
(1629595, 'Phil Booth', 1610612764, 2019),
(1629597, 'Zylan Cheatham', 1610612740, 2019),
(1629598, 'Chris Clemons', 1610612745, 2019),
(1629599, 'Amir Coffey', 1610612746, 2019),
(1629605, 'Tacko Fall', 1610612738, 2019),
(1629606, 'Robert Franks', 1610612766, 2019),
(1629607, 'Jared Harper', 1610612756, 2019),
(1629608, 'Dewan Hernandez', 1610612761, 2019),
(1629609, 'Amir Hinton', 1610612752, 2019),
(1629610, 'DaQuan Jeffries', 1610612758, 2019),
(1629611, 'Terance Mann', 1610612746, 2019),
(1629612, 'Luke Maye', 1610612749, 2019),
(1629615, 'James Palmer Jr.', 1610612746, 2019),
(1629616, 'Josh Perkins', 1610612766, 2019),
(1629620, 'Justin Robinson', 1610612764, 2019),
(1629621, 'Marial Shayok', 1610612755, 2019),
(1629622, 'Max Strus', 1610612741, 2019),
(1629623, 'Lindell Wigginton', 1610612750, 2019),
(1629624, 'Kenny Wooten', 1610612752, 2019),
(1629625, 'Justin Wright-Foreman', 1610612762, 2019),
(1629626, 'Bol Bol', 1610612743, 2019),
(1629627, 'Zion Williamson', 1610612740, 2019),
(1629628, 'RJ Barrett', 1610612752, 2019),
(1629629, 'Cam Reddish', 1610612737, 2019),
(1629630, 'Ja Morant', 1610612763, 2019),
(1629631, 'De\'Andre Hunter', 1610612737, 2019),
(1629632, 'Coby White', 1610612741, 2019),
(1629633, 'Jarrett Culver', 1610612750, 2019),
(1629634, 'Brandon Clarke', 1610612763, 2019),
(1629635, 'Sekou Doumbouya', 1610612765, 2019),
(1629636, 'Darius Garland', 1610612739, 2019),
(1629637, 'Jaxson Hayes', 1610612740, 2019),
(1629638, 'Nickeil Alexander-Walker', 1610612740, 2019),
(1629639, 'Tyler Herro', 1610612748, 2019),
(1629640, 'Keldon Johnson', 1610612759, 2019),
(1629641, 'Romeo Langford', 1610612738, 2019),
(1629642, 'Nassir Little', 1610612757, 2019),
(1629644, 'KZ Okpala', 1610612748, 2019),
(1629645, 'Kevin Porter Jr.', 1610612739, 2019),
(1629647, 'Darius Bazley', 1610612760, 2019),
(1629648, 'Jordan Bone', 1610612765, 2019),
(1629649, 'Ignas Brazdeikis', 1610612752, 2019),
(1629650, 'Moses Brown', 1610612757, 2019),
(1629651, 'Nicolas Claxton', 1610612751, 2019),
(1629652, 'Luguentz Dort', 1610612760, 2019),
(1629655, 'Daniel Gafford', 1610612741, 2019),
(1629657, 'Kyle Guy', 1610612758, 2019),
(1629658, 'Jaylen Hoard', 1610612757, 2019),
(1629659, 'Talen Horton-Tucker', 1610612747, 2019),
(1629660, 'Ty Jerome', 1610612756, 2019),
(1629661, 'Cameron Johnson', 1610612756, 2019),
(1629662, 'Mfiondu Kabengele', 1610612746, 2019),
(1629663, 'Louis King', 1610612765, 2019),
(1629664, 'Dedric Lawson', 1610612759, 2019),
(1629665, 'Jalen Lecque', 1610612756, 2019),
(1629667, 'Jalen McDaniels', 1610612766, 2019),
(1629668, 'Zach Norvell Jr.', 1610612747, 2019),
(1629669, 'Jaylen Nowell', 1610612750, 2019),
(1629671, 'Miye Oni', 1610612762, 2019),
(1629672, 'Eric Paschall', 1610612744, 2019),
(1629673, 'Jordan Poole', 1610612744, 2019),
(1629675, 'Naz Reid', 1610612750, 2019),
(1629676, 'Isaiah Roby', 1610612742, 2019),
(1629677, 'Luka Samanic', 1610612759, 2019),
(1629678, 'Admiral Schofield', 1610612764, 2019),
(1629679, 'Simisola Shittu', 1610612741, 2019),
(1629680, 'Matisse Thybulle', 1610612755, 2019),
(1629682, 'Tremont Waters', 1610612738, 2019),
(1629683, 'Quinndary Weatherspoon', 1610612759, 2019),
(1629684, 'Grant Williams', 1610612738, 2019),
(1629685, 'Dylan Windler', 1610612739, 2019),
(1629689, 'Aric Holman', 1610612742, 2019),
(1629690, 'Adam Mokoka', 1610612741, 2019),
(1629713, 'Justin James', 1610612758, 2019),
(1629714, 'Jarrell Brantley', 1610612762, 2019),
(1629715, 'Javon Bess', 1610612740, 2019),
(1629716, 'Marques Bolden', 1610612739, 2019),
(1629717, 'Armoni Brooks', 1610612737, 2019),
(1629718, 'Charles Brown Jr.', 1610612737, 2019),
(1629719, 'Devontae Cacok', 1610612747, 2019),
(1629721, 'JaKeenan Gant', 1610612754, 2019),
(1629722, 'V.J. King', 1610612752, 2019),
(1629723, 'John Konchar', 1610612763, 2019),
(1629724, 'Vic Law', 1610612753, 2019),
(1629725, 'Jeremiah Martin', 1610612748, 2019),
(1629726, 'Garrison Mathews', 1610612764, 2019),
(1629729, 'Josh Reaves', 1610612742, 2019),
(1629730, 'Rayjon Tucker', 1610612749, 2019),
(1629731, 'Dean Wade', 1610612739, 2019),
(1629734, 'Kyle Alexander', 1610612748, 2019),
(1629735, 'Chris Silva', 1610612748, 2019),
(1629738, 'Vincent Poirier', 1610612738, 2019),
(1629739, 'William Howard', 1610612762, 2019),
(1629740, 'Nicolo Melli', 1610612740, 2019),
(1629741, 'Marko Guduric', 1610612763, 2019),
(1629742, 'Stanton Kidd', 1610612762, 2019),
(1629743, 'Donta Hall', 1610612765, 2019),
(1629744, 'Matt Thomas', 1610612761, 2019),
(1629745, 'Tariq Owens', 1610612756, 2019),
(1629746, 'Christ Koumadje', 1610612755, 2019),
(1629747, 'CJ Massinburg', 1610612751, 2019),
(1629749, 'David Kramer', 1610612756, 2019),
(1629750, 'Javonte Green', 1610612738, 2019),
(1629751, 'Dakota Mathias', 1610612742, 2019),
(1629752, 'Juwan Morgan', 1610612762, 2019),
(1629753, 'Isaiah Pineiro', 1610612758, 2019),
(1629755, 'Hassani Gravett', 1610612753, 2019),
(1629756, 'Daulton Hommes', 1610612759, 2019),
(1629759, 'Ahmed Hill', 1610612766, 2019),
(1629777, 'Lamar Peters', 1610612752, 2019),
(1629779, 'Justin Simon', 1610612741, 2019),
(1629786, 'John Egbunu', 1610612751, 2019),
(1629800, 'Kavion Pippen', 1610612744, 2019),
(1629806, 'B.J. Taylor', 1610612746, 2019),
(1629818, 'Jordan Murphy', 1610612750, 2019),
(1629819, 'Yudai Baba', 1610612742, 2019),
(1629824, 'Jalen Adams', 1610612740, 2019),
(1629825, 'Perrion Callandret', 1610612741, 2019),
(1629826, 'Norense Odiase', 1610612756, 2019),
(1629833, 'Keljin Blevins', 1610612757, 2019),
(1629860, 'Jon Davis', 1610612753, 2019),
(1629956, 'Barry Brown', 1610612750, 2019),
(1629962, 'Devin Cannady', 1610612751, 2019),
(1629967, 'Skyler Flatten', 1610612748, 2019);

-- --------------------------------------------------------

--
-- Estrutura da tabela `ranking`
--

CREATE TABLE `ranking` (
  `ranking_id` int(11) NOT NULL,
  `team_id` int(11) DEFAULT NULL,
  `standings_date` date DEFAULT NULL,
  `conference` varchar(4) DEFAULT NULL,
  `g` int(11) DEFAULT NULL,
  `w` int(11) DEFAULT NULL,
  `l` int(11) DEFAULT NULL,
  `w_pct` decimal(11,0) DEFAULT NULL,
  `home_record` varchar(5) DEFAULT NULL,
  `road_record` varchar(5) DEFAULT NULL
) ENGINE=InnoDB DEFAULT CHARSET=utf8mb4;

--
-- Extraindo dados da tabela `ranking`
--

INSERT INTO `ranking` (`ranking_id`, `team_id`, `standings_date`, `conference`, `g`, `w`, `l`, `w_pct`, `home_record`, `road_record`) VALUES
(1, 1610612747, '2020-03-01', 'West', 59, 46, 13, '1', '21-7', '25-6'),
(2, 1610612743, '2020-03-01', 'West', 60, 41, 19, '1', '24-7', '17-12'),
(3, 1610612746, '2020-03-01', 'West', 60, 41, 19, '1', '25-6', '16-13'),
(4, 1610612745, '2020-03-01', 'West', 59, 39, 20, '1', '21-8', '18-12'),
(5, 1610612762, '2020-03-01', 'West', 59, 37, 22, '1', '21-9', '16-13'),
(6, 1610612760, '2020-03-01', 'West', 60, 37, 23, '1', '20-12', '17-11'),
(7, 1610612742, '2020-03-01', 'West', 61, 37, 24, '1', '16-14', '21-10'),
(8, 1610612763, '2020-03-01', 'West', 60, 29, 31, '0', '17-14', '12-17'),
(9, 1610612740, '2020-03-01', 'West', 60, 26, 34, '0', '12-18', '14-16'),
(10, 1610612758, '2020-03-01', 'West', 60, 26, 34, '0', '13-15', '13-19'),
(11, 1610612759, '2020-03-01', 'West', 58, 25, 33, '0', '15-13', '10-20'),
(12, 1610612757, '2020-03-01', 'West', 61, 26, 35, '0', '16-13', '10-22'),
(13, 1610612756, '2020-03-01', 'West', 61, 24, 37, '0', '11-21', '13-16'),
(14, 1610612750, '2020-03-01', 'West', 59, 17, 42, '0', '7-22', '10-20'),
(15, 1610612744, '2020-03-01', 'West', 61, 13, 48, '0', '7-24', '6-24'),
(16, 1610612747, '2020-02-29', 'West', 58, 45, 13, '1', '21-7', '24-6'),
(17, 1610612743, '2020-02-29', 'West', 59, 40, 19, '1', '23-7', '17-12'),
(18, 1610612746, '2020-02-29', 'West', 59, 40, 19, '1', '24-6', '16-13'),
(19, 1610612745, '2020-02-29', 'West', 59, 39, 20, '1', '21-8', '18-12'),
(20, 1610612762, '2020-02-29', 'West', 59, 37, 22, '1', '21-9', '16-13'),
(21, 1610612760, '2020-02-29', 'West', 60, 37, 23, '1', '20-12', '17-11'),
(22, 1610612742, '2020-02-29', 'West', 60, 36, 24, '1', '16-14', '20-10'),
(23, 1610612763, '2020-02-29', 'West', 60, 29, 31, '0', '17-14', '12-17'),
(24, 1610612740, '2020-02-29', 'West', 59, 26, 33, '0', '12-17', '14-16'),
(25, 1610612759, '2020-02-29', 'West', 58, 25, 33, '0', '15-13', '10-20'),
(26, 1610612757, '2020-02-29', 'West', 61, 26, 35, '0', '16-13', '10-22'),
(27, 1610612758, '2020-02-29', 'West', 59, 25, 34, '0', '12-15', '13-19'),
(28, 1610612756, '2020-02-29', 'West', 61, 24, 37, '0', '11-21', '13-16'),
(29, 1610612750, '2020-02-29', 'West', 58, 17, 41, '0', '7-21', '10-20'),
(30, 1610612744, '2020-02-29', 'West', 60, 13, 47, '0', '7-23', '6-24'),
(31, 1610612747, '2020-02-28', 'West', 57, 45, 12, '1', '21-7', '24-5'),
(32, 1610612743, '2020-02-28', 'West', 59, 40, 19, '1', '23-7', '17-12'),
(33, 1610612746, '2020-02-28', 'West', 59, 40, 19, '1', '24-6', '16-13'),
(34, 1610612745, '2020-02-28', 'West', 58, 38, 20, '1', '21-8', '17-12'),
(35, 1610612762, '2020-02-28', 'West', 59, 37, 22, '1', '21-9', '16-13'),
(36, 1610612760, '2020-02-28', 'West', 60, 37, 23, '1', '20-12', '17-11'),
(37, 1610612742, '2020-02-28', 'West', 60, 36, 24, '1', '16-14', '20-10'),
(38, 1610612763, '2020-02-28', 'West', 59, 28, 31, '0', '16-14', '12-17'),
(39, 1610612740, '2020-02-28', 'West', 59, 26, 33, '0', '12-17', '14-16'),
(40, 1610612757, '2020-02-28', 'West', 60, 26, 34, '0', '16-13', '10-21'),
(41, 1610612758, '2020-02-28', 'West', 59, 25, 34, '0', '12-15', '13-19'),
(42, 1610612759, '2020-02-28', 'West', 57, 24, 33, '0', '14-13', '10-20'),
(43, 1610612756, '2020-02-28', 'West', 60, 24, 36, '0', '11-20', '13-16'),
(44, 1610612750, '2020-02-28', 'West', 58, 17, 41, '0', '7-21', '10-20'),
(45, 1610612744, '2020-02-28', 'West', 59, 12, 47, '0', '7-23', '5-24'),
(46, 1610612747, '2020-02-27', 'West', 57, 45, 12, '1', '21-7', '24-5'),
(47, 1610612743, '2020-02-27', 'West', 58, 40, 18, '1', '23-7', '17-11'),
(48, 1610612746, '2020-02-27', 'West', 58, 39, 19, '1', '23-6', '16-13'),
(49, 1610612745, '2020-02-27', 'West', 58, 38, 20, '1', '21-8', '17-12'),
(50, 1610612760, '2020-02-27', 'West', 59, 37, 22, '1', '20-12', '17-10'),
(51, 1610612762, '2020-02-27', 'West', 58, 36, 22, '1', '20-9', '16-13'),
(52, 1610612742, '2020-02-27', 'West', 59, 36, 23, '1', '16-14', '20-9'),
(53, 1610612763, '2020-02-27', 'West', 58, 28, 30, '0', '16-13', '12-17'),
(54, 1610612757, '2020-02-27', 'West', 60, 26, 34, '0', '16-13', '10-21'),
(55, 1610612740, '2020-02-27', 'West', 58, 25, 33, '0', '11-17', '14-16'),
(56, 1610612759, '2020-02-27', 'West', 57, 24, 33, '0', '14-13', '10-20'),
(57, 1610612758, '2020-02-27', 'West', 58, 24, 34, '0', '12-15', '12-19'),
(58, 1610612756, '2020-02-27', 'West', 59, 24, 35, '0', '11-19', '13-16'),
(59, 1610612750, '2020-02-27', 'West', 57, 17, 40, '0', '7-21', '10-19'),
(60, 1610612744, '2020-02-27', 'West', 59, 12, 47, '0', '7-23', '5-24'),
(61, 1610612747, '2020-02-26', 'West', 56, 44, 12, '1', '21-7', '23-5'),
(62, 1610612743, '2020-02-26', 'West', 58, 40, 18, '1', '23-7', '17-11'),
(63, 1610612746, '2020-02-26', 'West', 58, 39, 19, '1', '23-6', '16-13'),
(64, 1610612745, '2020-02-26', 'West', 58, 38, 20, '1', '21-8', '17-12'),
(65, 1610612760, '2020-02-26', 'West', 58, 36, 22, '1', '19-12', '17-10'),
(66, 1610612762, '2020-02-26', 'West', 58, 36, 22, '1', '20-9', '16-13'),
(67, 1610612742, '2020-02-26', 'West', 59, 36, 23, '1', '16-14', '20-9'),
(68, 1610612763, '2020-02-26', 'West', 58, 28, 30, '0', '16-13', '12-17'),
(69, 1610612757, '2020-02-26', 'West', 59, 26, 33, '0', '16-13', '10-20'),
(70, 1610612740, '2020-02-26', 'West', 58, 25, 33, '0', '11-17', '14-16'),
(71, 1610612758, '2020-02-26', 'West', 57, 24, 33, '0', '12-15', '12-18'),
(72, 1610612759, '2020-02-26', 'West', 57, 24, 33, '0', '14-13', '10-20'),
(73, 1610612756, '2020-02-26', 'West', 59, 24, 35, '0', '11-19', '13-16'),
(74, 1610612750, '2020-02-26', 'West', 57, 17, 40, '0', '7-21', '10-19'),
(75, 1610612744, '2020-02-26', 'West', 58, 12, 46, '0', '7-22', '5-24'),
(76, 1610612747, '2020-02-25', 'West', 56, 44, 12, '1', '21-7', '23-5'),
(77, 1610612743, '2020-02-25', 'West', 58, 40, 18, '1', '23-7', '17-11'),
(78, 1610612746, '2020-02-25', 'West', 57, 38, 19, '1', '23-6', '15-13'),
(79, 1610612745, '2020-02-25', 'West', 57, 37, 20, '1', '20-8', '17-12'),
(80, 1610612762, '2020-02-25', 'West', 57, 36, 21, '1', '20-8', '16-13'),
(81, 1610612760, '2020-02-25', 'West', 58, 36, 22, '1', '19-12', '17-10'),
(82, 1610612742, '2020-02-25', 'West', 58, 35, 23, '1', '16-14', '19-9'),
(83, 1610612763, '2020-02-25', 'West', 57, 28, 29, '0', '16-13', '12-16'),
(84, 1610612757, '2020-02-25', 'West', 59, 26, 33, '0', '16-13', '10-20'),
(85, 1610612740, '2020-02-25', 'West', 58, 25, 33, '0', '11-17', '14-16'),
(86, 1610612759, '2020-02-25', 'West', 56, 24, 32, '0', '14-12', '10-20'),
(87, 1610612758, '2020-02-25', 'West', 57, 24, 33, '0', '12-15', '12-18'),
(88, 1610612756, '2020-02-25', 'West', 58, 24, 34, '0', '11-18', '13-16'),
(89, 1610612750, '2020-02-25', 'West', 56, 16, 40, '0', '7-21', '9-19'),
(90, 1610612744, '2020-02-25', 'West', 58, 12, 46, '0', '7-22', '5-24'),
(91, 1610612747, '2020-02-24', 'West', 55, 43, 12, '1', '20-7', '23-5'),
(92, 1610612743, '2020-02-24', 'West', 57, 39, 18, '1', '22-7', '17-11'),
(93, 1610612746, '2020-02-24', 'West', 57, 38, 19, '1', '23-6', '15-13'),
(94, 1610612745, '2020-02-24', 'West', 57, 37, 20, '1', '20-8', '17-12'),
(95, 1610612762, '2020-02-24', 'West', 57, 36, 21, '1', '20-8', '16-13'),
(96, 1610612760, '2020-02-24', 'West', 57, 35, 22, '1', '19-12', '16-10'),
(97, 1610612742, '2020-02-24', 'West', 58, 35, 23, '1', '16-14', '19-9'),
(98, 1610612763, '2020-02-24', 'West', 57, 28, 29, '0', '16-13', '12-16'),
(99, 1610612757, '2020-02-24', 'West', 58, 26, 32, '0', '16-12', '10-20'),
(100, 1610612740, '2020-02-24', 'West', 57, 25, 32, '0', '11-17', '14-15'),
(101, 1610612759, '2020-02-24', 'West', 56, 24, 32, '0', '14-12', '10-20'),
(102, 1610612756, '2020-02-24', 'West', 58, 24, 34, '0', '11-18', '13-16'),
(103, 1610612758, '2020-02-24', 'West', 56, 23, 33, '0', '12-15', '11-18'),
(104, 1610612750, '2020-02-24', 'West', 56, 16, 40, '0', '7-21', '9-19'),
(105, 1610612744, '2020-02-24', 'West', 57, 12, 45, '0', '7-21', '5-24'),
(106, 1610612747, '2020-02-23', 'West', 55, 43, 12, '1', '20-7', '23-5'),
(107, 1610612743, '2020-02-23', 'West', 57, 39, 18, '1', '22-7', '17-11'),
(108, 1610612746, '2020-02-23', 'West', 56, 37, 19, '1', '22-6', '15-13'),
(109, 1610612745, '2020-02-23', 'West', 56, 36, 20, '1', '19-8', '17-12'),
(110, 1610612762, '2020-02-23', 'West', 56, 36, 20, '1', '20-7', '16-13'),
(111, 1610612760, '2020-02-23', 'West', 57, 35, 22, '1', '19-12', '16-10'),
(112, 1610612742, '2020-02-23', 'West', 57, 34, 23, '1', '15-14', '19-9'),
(113, 1610612763, '2020-02-23', 'West', 56, 28, 28, '1', '16-13', '12-15'),
(114, 1610612757, '2020-02-23', 'West', 58, 26, 32, '0', '16-12', '10-20'),
(115, 1610612740, '2020-02-23', 'West', 57, 25, 32, '0', '11-17', '14-15'),
(116, 1610612759, '2020-02-23', 'West', 56, 24, 32, '0', '14-12', '10-20'),
(117, 1610612758, '2020-02-23', 'West', 56, 23, 33, '0', '12-15', '11-18'),
(118, 1610612756, '2020-02-23', 'West', 57, 23, 34, '0', '11-18', '12-16'),
(119, 1610612750, '2020-02-23', 'West', 55, 16, 39, '0', '7-21', '9-18'),
(120, 1610612744, '2020-02-23', 'West', 57, 12, 45, '0', '7-21', '5-24'),
(121, 1610612747, '2020-02-22', 'West', 54, 42, 12, '1', '19-7', '23-5'),
(122, 1610612743, '2020-02-22', 'West', 56, 38, 18, '1', '21-7', '17-11'),
(123, 1610612746, '2020-02-22', 'West', 56, 37, 19, '1', '22-6', '15-13'),
(124, 1610612745, '2020-02-22', 'West', 56, 36, 20, '1', '19-8', '17-12'),
(125, 1610612762, '2020-02-22', 'West', 56, 36, 20, '1', '20-7', '16-13'),
(126, 1610612760, '2020-02-22', 'West', 56, 34, 22, '1', '18-12', '16-10'),
(127, 1610612742, '2020-02-22', 'West', 57, 34, 23, '1', '15-14', '19-9'),
(128, 1610612763, '2020-02-22', 'West', 56, 28, 28, '1', '16-13', '12-15'),
(129, 1610612757, '2020-02-22', 'West', 57, 25, 32, '0', '15-12', '10-20'),
(130, 1610612759, '2020-02-22', 'West', 55, 24, 31, '0', '14-12', '10-19'),
(131, 1610612740, '2020-02-22', 'West', 56, 24, 32, '0', '11-17', '13-15'),
(132, 1610612758, '2020-02-22', 'West', 56, 23, 33, '0', '12-15', '11-18'),
(133, 1610612756, '2020-02-22', 'West', 57, 23, 34, '0', '11-18', '12-16'),
(134, 1610612750, '2020-02-22', 'West', 54, 16, 38, '0', '7-21', '9-17'),
(135, 1610612744, '2020-02-22', 'West', 56, 12, 44, '0', '7-20', '5-24'),
(136, 1610612747, '2020-02-21', 'West', 54, 42, 12, '1', '19-7', '23-5'),
(137, 1610612743, '2020-02-21', 'West', 56, 38, 18, '1', '21-7', '17-11'),
(138, 1610612746, '2020-02-21', 'West', 55, 37, 18, '1', '22-5', '15-13'),
(139, 1610612762, '2020-02-21', 'West', 55, 36, 19, '1', '20-6', '16-13'),
(140, 1610612745, '2020-02-21', 'West', 55, 35, 20, '1', '19-8', '16-12'),
(141, 1610612742, '2020-02-21', 'West', 56, 34, 22, '1', '15-14', '19-8'),
(142, 1610612760, '2020-02-21', 'West', 56, 34, 22, '1', '18-12', '16-10'),
(143, 1610612763, '2020-02-21', 'West', 56, 28, 28, '1', '16-13', '12-15'),
(144, 1610612757, '2020-02-21', 'West', 57, 25, 32, '0', '15-12', '10-20'),
(145, 1610612759, '2020-02-21', 'West', 55, 24, 31, '0', '14-12', '10-19'),
(146, 1610612740, '2020-02-21', 'West', 56, 24, 32, '0', '11-17', '13-15'),
(147, 1610612758, '2020-02-21', 'West', 55, 22, 33, '0', '12-15', '10-18'),
(148, 1610612756, '2020-02-21', 'West', 56, 22, 34, '0', '11-18', '11-16'),
(149, 1610612750, '2020-02-21', 'West', 54, 16, 38, '0', '7-21', '9-17'),
(150, 1610612744, '2020-02-21', 'West', 56, 12, 44, '0', '7-20', '5-24'),
(151, 1610612747, '2020-02-20', 'West', 53, 41, 12, '1', '18-7', '23-5'),
(152, 1610612743, '2020-02-20', 'West', 55, 38, 17, '1', '21-7', '17-10'),
(153, 1610612746, '2020-02-20', 'West', 55, 37, 18, '1', '22-5', '15-13'),
(154, 1610612762, '2020-02-20', 'West', 54, 36, 18, '1', '20-5', '16-13'),
(155, 1610612745, '2020-02-20', 'West', 55, 35, 20, '1', '19-8', '16-12'),
(156, 1610612742, '2020-02-20', 'West', 55, 33, 22, '1', '15-14', '18-8'),
(157, 1610612760, '2020-02-20', 'West', 55, 33, 22, '1', '17-12', '16-10'),
(158, 1610612763, '2020-02-20', 'West', 55, 28, 27, '1', '16-13', '12-14'),
(159, 1610612757, '2020-02-20', 'West', 56, 25, 31, '0', '15-11', '10-20'),
(160, 1610612759, '2020-02-20', 'West', 54, 23, 31, '0', '14-12', '9-19'),
(161, 1610612740, '2020-02-20', 'West', 55, 23, 32, '0', '11-17', '12-15'),
(162, 1610612756, '2020-02-20', 'West', 55, 22, 33, '0', '11-18', '11-15'),
(163, 1610612758, '2020-02-20', 'West', 55, 22, 33, '0', '12-15', '10-18'),
(164, 1610612750, '2020-02-20', 'West', 53, 16, 37, '0', '7-20', '9-17'),
(165, 1610612744, '2020-02-20', 'West', 56, 12, 44, '0', '7-20', '5-24'),
(166, 1610612747, '2020-02-19', 'West', 53, 41, 12, '1', '18-7', '23-5'),
(167, 1610612743, '2020-02-19', 'West', 55, 38, 17, '1', '21-7', '17-10'),
(168, 1610612746, '2020-02-19', 'West', 55, 37, 18, '1', '22-5', '15-13'),
(169, 1610612762, '2020-02-19', 'West', 54, 36, 18, '1', '20-5', '16-13'),
(170, 1610612745, '2020-02-19', 'West', 54, 34, 20, '1', '19-8', '15-12'),
(171, 1610612742, '2020-02-19', 'West', 55, 33, 22, '1', '15-14', '18-8'),
(172, 1610612760, '2020-02-19', 'West', 55, 33, 22, '1', '17-12', '16-10'),
(173, 1610612763, '2020-02-19', 'West', 54, 28, 26, '1', '16-13', '12-13'),
(174, 1610612757, '2020-02-19', 'West', 56, 25, 31, '0', '15-11', '10-20'),
(175, 1610612759, '2020-02-19', 'West', 54, 23, 31, '0', '14-12', '9-19'),
(176, 1610612740, '2020-02-19', 'West', 55, 23, 32, '0', '11-17', '12-15'),
(177, 1610612756, '2020-02-19', 'West', 55, 22, 33, '0', '11-18', '11-15'),
(178, 1610612758, '2020-02-19', 'West', 54, 21, 33, '0', '11-15', '10-18'),
(179, 1610612750, '2020-02-19', 'West', 53, 16, 37, '0', '7-20', '9-17'),
(180, 1610612744, '2020-02-19', 'West', 55, 12, 43, '0', '7-19', '5-24'),
(181, 1610612747, '2020-02-18', 'West', 53, 41, 12, '1', '18-7', '23-5'),
(182, 1610612743, '2020-02-18', 'West', 55, 38, 17, '1', '21-7', '17-10'),
(183, 1610612746, '2020-02-18', 'West', 55, 37, 18, '1', '22-5', '15-13'),
(184, 1610612762, '2020-02-18', 'West', 54, 36, 18, '1', '20-5', '16-13'),
(185, 1610612745, '2020-02-18', 'West', 54, 34, 20, '1', '19-8', '15-12'),
(186, 1610612742, '2020-02-18', 'West', 55, 33, 22, '1', '15-14', '18-8'),
(187, 1610612760, '2020-02-18', 'West', 55, 33, 22, '1', '17-12', '16-10'),
(188, 1610612763, '2020-02-18', 'West', 54, 28, 26, '1', '16-13', '12-13'),
(189, 1610612757, '2020-02-18', 'West', 56, 25, 31, '0', '15-11', '10-20'),
(190, 1610612759, '2020-02-18', 'West', 54, 23, 31, '0', '14-12', '9-19'),
(191, 1610612740, '2020-02-18', 'West', 55, 23, 32, '0', '11-17', '12-15'),
(192, 1610612756, '2020-02-18', 'West', 55, 22, 33, '0', '11-18', '11-15'),
(193, 1610612758, '2020-02-18', 'West', 54, 21, 33, '0', '11-15', '10-18'),
(194, 1610612750, '2020-02-18', 'West', 53, 16, 37, '0', '7-20', '9-17'),
(195, 1610612744, '2020-02-18', 'West', 55, 12, 43, '0', '7-19', '5-24'),
(196, 1610612747, '2020-02-17', 'West', 53, 41, 12, '1', '18-7', '23-5'),
(197, 1610612743, '2020-02-17', 'West', 55, 38, 17, '1', '21-7', '17-10'),
(198, 1610612746, '2020-02-17', 'West', 55, 37, 18, '1', '22-5', '15-13'),
(199, 1610612762, '2020-02-17', 'West', 54, 36, 18, '1', '20-5', '16-13'),
(200, 1610612745, '2020-02-17', 'West', 54, 34, 20, '1', '19-8', '15-12'),
(201, 1610612742, '2020-02-17', 'West', 55, 33, 22, '1', '15-14', '18-8'),
(202, 1610612760, '2020-02-17', 'West', 55, 33, 22, '1', '17-12', '16-10'),
(203, 1610612763, '2020-02-17', 'West', 54, 28, 26, '1', '16-13', '12-13'),
(204, 1610612757, '2020-02-17', 'West', 56, 25, 31, '0', '15-11', '10-20'),
(205, 1610612759, '2020-02-17', 'West', 54, 23, 31, '0', '14-12', '9-19'),
(206, 1610612740, '2020-02-17', 'West', 55, 23, 32, '0', '11-17', '12-15'),
(207, 1610612756, '2020-02-17', 'West', 55, 22, 33, '0', '11-18', '11-15'),
(208, 1610612758, '2020-02-17', 'West', 54, 21, 33, '0', '11-15', '10-18'),
(209, 1610612750, '2020-02-17', 'West', 53, 16, 37, '0', '7-20', '9-17'),
(210, 1610612744, '2020-02-17', 'West', 55, 12, 43, '0', '7-19', '5-24'),
(211, 1610612747, '2020-02-16', 'West', 53, 41, 12, '1', '18-7', '23-5'),
(212, 1610612743, '2020-02-16', 'West', 55, 38, 17, '1', '21-7', '17-10'),
(213, 1610612746, '2020-02-16', 'West', 55, 37, 18, '1', '22-5', '15-13'),
(214, 1610612762, '2020-02-16', 'West', 54, 36, 18, '1', '20-5', '16-13'),
(215, 1610612745, '2020-02-16', 'West', 54, 34, 20, '1', '19-8', '15-12'),
(216, 1610612742, '2020-02-16', 'West', 55, 33, 22, '1', '15-14', '18-8'),
(217, 1610612760, '2020-02-16', 'West', 55, 33, 22, '1', '17-12', '16-10'),
(218, 1610612763, '2020-02-16', 'West', 54, 28, 26, '1', '16-13', '12-13'),
(219, 1610612757, '2020-02-16', 'West', 56, 25, 31, '0', '15-11', '10-20'),
(220, 1610612759, '2020-02-16', 'West', 54, 23, 31, '0', '14-12', '9-19'),
(221, 1610612740, '2020-02-16', 'West', 55, 23, 32, '0', '11-17', '12-15'),
(222, 1610612756, '2020-02-16', 'West', 55, 22, 33, '0', '11-18', '11-15'),
(223, 1610612758, '2020-02-16', 'West', 54, 21, 33, '0', '11-15', '10-18'),
(224, 1610612750, '2020-02-16', 'West', 53, 16, 37, '0', '7-20', '9-17'),
(225, 1610612744, '2020-02-16', 'West', 55, 12, 43, '0', '7-19', '5-24'),
(226, 1610612747, '2020-02-15', 'West', 53, 41, 12, '1', '18-7', '23-5'),
(227, 1610612743, '2020-02-15', 'West', 55, 38, 17, '1', '21-7', '17-10'),
(228, 1610612746, '2020-02-15', 'West', 55, 37, 18, '1', '22-5', '15-13'),
(229, 1610612762, '2020-02-15', 'West', 54, 36, 18, '1', '20-5', '16-13'),
(230, 1610612745, '2020-02-15', 'West', 54, 34, 20, '1', '19-8', '15-12'),
(231, 1610612742, '2020-02-15', 'West', 55, 33, 22, '1', '15-14', '18-8'),
(232, 1610612760, '2020-02-15', 'West', 55, 33, 22, '1', '17-12', '16-10'),
(233, 1610612763, '2020-02-15', 'West', 54, 28, 26, '1', '16-13', '12-13'),
(234, 1610612757, '2020-02-15', 'West', 56, 25, 31, '0', '15-11', '10-20'),
(235, 1610612759, '2020-02-15', 'West', 54, 23, 31, '0', '14-12', '9-19'),
(236, 1610612740, '2020-02-15', 'West', 55, 23, 32, '0', '11-17', '12-15'),
(237, 1610612756, '2020-02-15', 'West', 55, 22, 33, '0', '11-18', '11-15'),
(238, 1610612758, '2020-02-15', 'West', 54, 21, 33, '0', '11-15', '10-18'),
(239, 1610612750, '2020-02-15', 'West', 53, 16, 37, '0', '7-20', '9-17'),
(240, 1610612744, '2020-02-15', 'West', 55, 12, 43, '0', '7-19', '5-24'),
(241, 1610612747, '2020-02-14', 'West', 53, 41, 12, '1', '18-7', '23-5'),
(242, 1610612743, '2020-02-14', 'West', 55, 38, 17, '1', '21-7', '17-10'),
(243, 1610612746, '2020-02-14', 'West', 55, 37, 18, '1', '22-5', '15-13'),
(244, 1610612762, '2020-02-14', 'West', 54, 36, 18, '1', '20-5', '16-13'),
(245, 1610612745, '2020-02-14', 'West', 54, 34, 20, '1', '19-8', '15-12'),
(246, 1610612742, '2020-02-14', 'West', 55, 33, 22, '1', '15-14', '18-8'),
(247, 1610612760, '2020-02-14', 'West', 55, 33, 22, '1', '17-12', '16-10'),
(248, 1610612763, '2020-02-14', 'West', 54, 28, 26, '1', '16-13', '12-13'),
(249, 1610612757, '2020-02-14', 'West', 56, 25, 31, '0', '15-11', '10-20'),
(250, 1610612759, '2020-02-14', 'West', 54, 23, 31, '0', '14-12', '9-19'),
(251, 1610612740, '2020-02-14', 'West', 55, 23, 32, '0', '11-17', '12-15'),
(252, 1610612756, '2020-02-14', 'West', 55, 22, 33, '0', '11-18', '11-15'),
(253, 1610612758, '2020-02-14', 'West', 54, 21, 33, '0', '11-15', '10-18'),
(254, 1610612750, '2020-02-14', 'West', 53, 16, 37, '0', '7-20', '9-17'),
(255, 1610612744, '2020-02-14', 'West', 55, 12, 43, '0', '7-19', '5-24'),
(256, 1610612747, '2020-02-13', 'West', 53, 41, 12, '1', '18-7', '23-5'),
(257, 1610612743, '2020-02-13', 'West', 55, 38, 17, '1', '21-7', '17-10'),
(258, 1610612746, '2020-02-13', 'West', 55, 37, 18, '1', '22-5', '15-13'),
(259, 1610612762, '2020-02-13', 'West', 54, 36, 18, '1', '20-5', '16-13'),
(260, 1610612745, '2020-02-13', 'West', 54, 34, 20, '1', '19-8', '15-12'),
(261, 1610612742, '2020-02-13', 'West', 55, 33, 22, '1', '15-14', '18-8'),
(262, 1610612760, '2020-02-13', 'West', 55, 33, 22, '1', '17-12', '16-10'),
(263, 1610612763, '2020-02-13', 'West', 54, 28, 26, '1', '16-13', '12-13'),
(264, 1610612757, '2020-02-13', 'West', 56, 25, 31, '0', '15-11', '10-20'),
(265, 1610612759, '2020-02-13', 'West', 54, 23, 31, '0', '14-12', '9-19'),
(266, 1610612740, '2020-02-13', 'West', 55, 23, 32, '0', '11-17', '12-15'),
(267, 1610612756, '2020-02-13', 'West', 55, 22, 33, '0', '11-18', '11-15'),
(268, 1610612758, '2020-02-13', 'West', 54, 21, 33, '0', '11-15', '10-18'),
(269, 1610612750, '2020-02-13', 'West', 53, 16, 37, '0', '7-20', '9-17'),
(270, 1610612744, '2020-02-13', 'West', 55, 12, 43, '0', '7-19', '5-24'),
(271, 1610612747, '2020-02-12', 'West', 53, 41, 12, '1', '18-7', '23-5'),
(272, 1610612743, '2020-02-12', 'West', 55, 38, 17, '1', '21-7', '17-10'),
(273, 1610612746, '2020-02-12', 'West', 54, 37, 17, '1', '22-5', '15-12'),
(274, 1610612762, '2020-02-12', 'West', 54, 36, 18, '1', '20-5', '16-13'),
(275, 1610612745, '2020-02-12', 'West', 54, 34, 20, '1', '19-8', '15-12'),
(276, 1610612742, '2020-02-12', 'West', 55, 33, 22, '1', '15-14', '18-8'),
(277, 1610612760, '2020-02-12', 'West', 54, 32, 22, '1', '17-12', '15-10'),
(278, 1610612763, '2020-02-12', 'West', 54, 28, 26, '1', '16-13', '12-13'),
(279, 1610612757, '2020-02-12', 'West', 56, 25, 31, '0', '15-11', '10-20'),
(280, 1610612740, '2020-02-12', 'West', 54, 23, 31, '0', '11-16', '12-15'),
(281, 1610612759, '2020-02-12', 'West', 54, 23, 31, '0', '14-12', '9-19'),
(282, 1610612756, '2020-02-12', 'West', 55, 22, 33, '0', '11-18', '11-15'),
(283, 1610612758, '2020-02-12', 'West', 54, 21, 33, '0', '11-15', '10-18'),
(284, 1610612750, '2020-02-12', 'West', 53, 16, 37, '0', '7-20', '9-17'),
(285, 1610612744, '2020-02-12', 'West', 55, 12, 43, '0', '7-19', '5-24'),
(286, 1610612747, '2020-02-11', 'West', 52, 40, 12, '1', '18-7', '22-5'),
(287, 1610612743, '2020-02-11', 'West', 54, 38, 16, '1', '21-6', '17-10'),
(288, 1610612746, '2020-02-11', 'West', 54, 37, 17, '1', '22-5', '15-12'),
(289, 1610612762, '2020-02-11', 'West', 53, 35, 18, '1', '19-5', '16-13'),
(290, 1610612745, '2020-02-11', 'West', 54, 34, 20, '1', '19-8', '15-12'),
(291, 1610612742, '2020-02-11', 'West', 54, 32, 22, '1', '14-14', '18-8'),
(292, 1610612760, '2020-02-11', 'West', 54, 32, 22, '1', '17-12', '15-10'),
(293, 1610612763, '2020-02-11', 'West', 53, 27, 26, '1', '15-13', '12-13'),
(294, 1610612757, '2020-02-11', 'West', 55, 25, 30, '0', '15-11', '10-19'),
(295, 1610612740, '2020-02-11', 'West', 54, 23, 31, '0', '11-16', '12-15'),
(296, 1610612759, '2020-02-11', 'West', 54, 23, 31, '0', '14-12', '9-19'),
(297, 1610612758, '2020-02-11', 'West', 53, 21, 32, '0', '11-15', '10-17'),
(298, 1610612756, '2020-02-11', 'West', 54, 21, 33, '0', '10-18', '11-15'),
(299, 1610612750, '2020-02-11', 'West', 52, 16, 36, '0', '7-19', '9-17'),
(300, 1610612744, '2020-02-11', 'West', 54, 12, 42, '0', '7-19', '5-23'),
(301, 1610612747, '2020-02-10', 'West', 52, 40, 12, '1', '18-7', '22-5'),
(302, 1610612743, '2020-02-10', 'West', 54, 38, 16, '1', '21-6', '17-10'),
(303, 1610612746, '2020-02-10', 'West', 53, 37, 16, '1', '22-5', '15-11'),
(304, 1610612762, '2020-02-10', 'West', 53, 35, 18, '1', '19-5', '16-13'),
(305, 1610612745, '2020-02-10', 'West', 53, 33, 20, '1', '18-8', '15-12'),
(306, 1610612760, '2020-02-10', 'West', 53, 32, 21, '1', '17-11', '15-10'),
(307, 1610612742, '2020-02-10', 'West', 54, 32, 22, '1', '14-14', '18-8'),
(308, 1610612763, '2020-02-10', 'West', 53, 27, 26, '1', '15-13', '12-13'),
(309, 1610612757, '2020-02-10', 'West', 54, 25, 29, '0', '15-11', '10-18'),
(310, 1610612740, '2020-02-10', 'West', 53, 22, 31, '0', '10-16', '12-15'),
(311, 1610612759, '2020-02-10', 'West', 53, 22, 31, '0', '14-12', '8-19'),
(312, 1610612758, '2020-02-10', 'West', 53, 21, 32, '0', '11-15', '10-17'),
(313, 1610612756, '2020-02-10', 'West', 54, 21, 33, '0', '10-18', '11-15'),
(314, 1610612750, '2020-02-10', 'West', 52, 16, 36, '0', '7-19', '9-17'),
(315, 1610612744, '2020-02-10', 'West', 54, 12, 42, '0', '7-19', '5-23'),
(316, 1610612747, '2020-02-09', 'West', 51, 39, 12, '1', '17-7', '22-5'),
(317, 1610612743, '2020-02-09', 'West', 53, 37, 16, '1', '20-6', '17-10'),
(318, 1610612746, '2020-02-09', 'West', 53, 37, 16, '1', '22-5', '15-11'),
(319, 1610612762, '2020-02-09', 'West', 52, 34, 18, '1', '19-5', '15-13'),
(320, 1610612745, '2020-02-09', 'West', 53, 33, 20, '1', '18-8', '15-12'),
(321, 1610612742, '2020-02-09', 'West', 53, 32, 21, '1', '14-13', '18-8'),
(322, 1610612760, '2020-02-09', 'West', 53, 32, 21, '1', '17-11', '15-10'),
(323, 1610612763, '2020-02-09', 'West', 53, 27, 26, '1', '15-13', '12-13'),
(324, 1610612757, '2020-02-09', 'West', 54, 25, 29, '0', '15-11', '10-18'),
(325, 1610612759, '2020-02-09', 'West', 52, 22, 30, '0', '14-12', '8-18'),
(326, 1610612740, '2020-02-09', 'West', 53, 22, 31, '0', '10-16', '12-15'),
(327, 1610612758, '2020-02-09', 'West', 52, 21, 31, '0', '11-15', '10-16'),
(328, 1610612756, '2020-02-09', 'West', 53, 21, 32, '0', '10-18', '11-14'),
(329, 1610612750, '2020-02-09', 'West', 51, 16, 35, '0', '7-19', '9-16'),
(330, 1610612744, '2020-02-09', 'West', 53, 12, 41, '0', '7-18', '5-23'),
(331, 1610612747, '2020-02-08', 'West', 51, 39, 12, '1', '17-7', '22-5'),
(332, 1610612743, '2020-02-08', 'West', 53, 37, 16, '1', '20-6', '17-10'),
(333, 1610612746, '2020-02-08', 'West', 52, 36, 16, '1', '22-5', '14-11'),
(334, 1610612762, '2020-02-08', 'West', 51, 33, 18, '1', '19-5', '14-13'),
(335, 1610612745, '2020-02-08', 'West', 52, 33, 19, '1', '18-7', '15-12'),
(336, 1610612760, '2020-02-08', 'West', 52, 32, 20, '1', '17-10', '15-10'),
(337, 1610612742, '2020-02-08', 'West', 53, 32, 21, '1', '14-13', '18-8'),
(338, 1610612763, '2020-02-08', 'West', 52, 26, 26, '1', '15-13', '11-13'),
(339, 1610612757, '2020-02-08', 'West', 53, 24, 29, '0', '14-11', '10-18'),
(340, 1610612759, '2020-02-08', 'West', 52, 22, 30, '0', '14-12', '8-18'),
(341, 1610612740, '2020-02-08', 'West', 53, 22, 31, '0', '10-16', '12-15'),
(342, 1610612758, '2020-02-08', 'West', 52, 21, 31, '0', '11-15', '10-16'),
(343, 1610612756, '2020-02-08', 'West', 53, 21, 32, '0', '10-18', '11-14'),
(344, 1610612750, '2020-02-08', 'West', 51, 16, 35, '0', '7-19', '9-16'),
(345, 1610612744, '2020-02-08', 'West', 53, 12, 41, '0', '7-18', '5-23'),
(346, 1610612747, '2020-02-07', 'West', 50, 38, 12, '1', '17-7', '21-5'),
(347, 1610612746, '2020-02-07', 'West', 51, 36, 15, '1', '22-5', '14-10'),
(348, 1610612743, '2020-02-07', 'West', 52, 36, 16, '1', '20-6', '16-10'),
(349, 1610612762, '2020-02-07', 'West', 51, 33, 18, '1', '19-5', '14-13'),
(350, 1610612745, '2020-02-07', 'West', 52, 33, 19, '1', '18-7', '15-12'),
(351, 1610612760, '2020-02-07', 'West', 52, 32, 20, '1', '17-10', '15-10'),
(352, 1610612742, '2020-02-07', 'West', 52, 31, 21, '1', '14-13', '17-8'),
(353, 1610612763, '2020-02-07', 'West', 52, 26, 26, '1', '15-13', '11-13'),
(354, 1610612757, '2020-02-07', 'West', 53, 24, 29, '0', '14-11', '10-18'),
(355, 1610612759, '2020-02-07', 'West', 51, 22, 29, '0', '14-12', '8-17'),
(356, 1610612740, '2020-02-07', 'West', 52, 21, 31, '0', '10-16', '11-15'),
(357, 1610612756, '2020-02-07', 'West', 52, 21, 31, '0', '10-17', '11-14'),
(358, 1610612758, '2020-02-07', 'West', 51, 20, 31, '0', '10-15', '10-16'),
(359, 1610612750, '2020-02-07', 'West', 50, 15, 35, '0', '6-19', '9-16'),
(360, 1610612744, '2020-02-07', 'West', 52, 12, 40, '0', '7-17', '5-23'),
(361, 1610612747, '2020-02-06', 'West', 50, 38, 12, '1', '17-7', '21-5'),
(362, 1610612746, '2020-02-06', 'West', 51, 36, 15, '1', '22-5', '14-10'),
(363, 1610612743, '2020-02-06', 'West', 52, 36, 16, '1', '20-6', '16-10'),
(364, 1610612745, '2020-02-06', 'West', 51, 33, 18, '1', '18-7', '15-11'),
(365, 1610612762, '2020-02-06', 'West', 50, 32, 18, '1', '18-5', '14-13'),
(366, 1610612742, '2020-02-06', 'West', 51, 31, 20, '1', '14-13', '17-7'),
(367, 1610612760, '2020-02-06', 'West', 51, 31, 20, '1', '16-10', '15-10'),
(368, 1610612763, '2020-02-06', 'West', 51, 26, 25, '1', '15-13', '11-12'),
(369, 1610612757, '2020-02-06', 'West', 52, 24, 28, '0', '14-11', '10-17'),
(370, 1610612759, '2020-02-06', 'West', 51, 22, 29, '0', '14-12', '8-17'),
(371, 1610612740, '2020-02-06', 'West', 52, 21, 31, '0', '10-16', '11-15'),
(372, 1610612756, '2020-02-06', 'West', 51, 20, 31, '0', '9-17', '11-14'),
(373, 1610612758, '2020-02-06', 'West', 50, 19, 31, '0', '9-15', '10-16'),
(374, 1610612750, '2020-02-06', 'West', 50, 15, 35, '0', '6-19', '9-16'),
(375, 1610612744, '2020-02-06', 'West', 52, 12, 40, '0', '7-17', '5-23'),
(376, 1610612747, '2020-02-05', 'West', 49, 38, 11, '1', '17-6', '21-5'),
(377, 1610612746, '2020-02-05', 'West', 51, 36, 15, '1', '22-5', '14-10'),
(378, 1610612743, '2020-02-05', 'West', 52, 36, 16, '1', '20-6', '16-10'),
(379, 1610612745, '2020-02-05', 'West', 50, 32, 18, '1', '18-7', '14-11'),
(380, 1610612762, '2020-02-05', 'West', 50, 32, 18, '1', '18-5', '14-13'),
(381, 1610612742, '2020-02-05', 'West', 51, 31, 20, '1', '14-13', '17-7'),
(382, 1610612760, '2020-02-05', 'West', 51, 31, 20, '1', '16-10', '15-10'),
(383, 1610612763, '2020-02-05', 'West', 51, 26, 25, '1', '15-13', '11-12'),
(384, 1610612757, '2020-02-05', 'West', 51, 23, 28, '0', '13-11', '10-17'),
(385, 1610612759, '2020-02-05', 'West', 50, 22, 28, '0', '14-12', '8-16'),
(386, 1610612740, '2020-02-05', 'West', 51, 20, 31, '0', '10-16', '10-15'),
(387, 1610612756, '2020-02-05', 'West', 51, 20, 31, '0', '9-17', '11-14'),
(388, 1610612758, '2020-02-05', 'West', 50, 19, 31, '0', '9-15', '10-16'),
(389, 1610612750, '2020-02-05', 'West', 50, 15, 35, '0', '6-19', '9-16'),
(390, 1610612744, '2020-02-05', 'West', 52, 12, 40, '0', '7-17', '5-23'),
(391, 1610612747, '2020-02-04', 'West', 49, 38, 11, '1', '17-6', '21-5'),
(392, 1610612746, '2020-02-04', 'West', 50, 35, 15, '1', '21-5', '14-10'),
(393, 1610612743, '2020-02-04', 'West', 51, 35, 16, '1', '20-6', '15-10'),
(394, 1610612762, '2020-02-04', 'West', 49, 32, 17, '1', '18-4', '14-13'),
(395, 1610612745, '2020-02-04', 'West', 50, 32, 18, '1', '18-7', '14-11'),
(396, 1610612742, '2020-02-04', 'West', 50, 31, 19, '1', '14-12', '17-7'),
(397, 1610612760, '2020-02-04', 'West', 50, 30, 20, '1', '15-10', '15-10'),
(398, 1610612763, '2020-02-04', 'West', 50, 25, 25, '1', '15-13', '10-12'),
(399, 1610612757, '2020-02-04', 'West', 51, 23, 28, '0', '13-11', '10-17'),
(400, 1610612759, '2020-02-04', 'West', 50, 22, 28, '0', '14-12', '8-16'),
(401, 1610612756, '2020-02-04', 'West', 50, 20, 30, '0', '9-17', '11-13'),
(402, 1610612740, '2020-02-04', 'West', 51, 20, 31, '0', '10-16', '10-15'),
(403, 1610612758, '2020-02-04', 'West', 50, 19, 31, '0', '9-15', '10-16'),
(404, 1610612750, '2020-02-04', 'West', 49, 15, 34, '0', '6-18', '9-16'),
(405, 1610612744, '2020-02-04', 'West', 51, 12, 39, '0', '7-17', '5-22'),
(406, 1610612749, '2020-03-01', 'East', 60, 52, 8, '1', '27-3', '25-5'),
(407, 1610612761, '2020-03-01', 'East', 60, 42, 18, '1', '23-9', '19-9'),
(408, 1610612738, '2020-03-01', 'East', 59, 41, 18, '1', '23-6', '18-12'),
(409, 1610612748, '2020-03-01', 'East', 60, 38, 22, '1', '25-4', '13-18'),
(410, 1610612755, '2020-03-01', 'East', 61, 37, 24, '1', '28-2', '9-22'),
(411, 1610612754, '2020-03-01', 'East', 60, 36, 24, '1', '21-10', '15-14'),
(412, 1610612753, '2020-03-01', 'East', 60, 27, 33, '0', '16-14', '11-19'),
(413, 1610612751, '2020-03-01', 'East', 59, 26, 33, '0', '16-13', '10-20'),
(414, 1610612764, '2020-03-01', 'East', 59, 22, 37, '0', '14-15', '8-22'),
(415, 1610612766, '2020-03-01', 'East', 60, 21, 39, '0', '9-19', '12-20'),
(416, 1610612741, '2020-03-01', 'East', 60, 20, 40, '0', '12-19', '8-21'),
(417, 1610612765, '2020-03-01', 'East', 62, 20, 42, '0', '11-20', '9-22'),
(418, 1610612737, '2020-03-01', 'East', 62, 19, 43, '0', '13-18', '6-25'),
(419, 1610612752, '2020-03-01', 'East', 60, 18, 42, '0', '9-20', '9-22'),
(420, 1610612739, '2020-03-01', 'East', 60, 17, 43, '0', '9-23', '8-20'),
(421, 1610612749, '2020-02-29', 'East', 59, 51, 8, '1', '27-3', '24-5'),
(422, 1610612761, '2020-02-29', 'East', 59, 42, 17, '1', '23-9', '19-8'),
(423, 1610612738, '2020-02-29', 'East', 59, 41, 18, '1', '23-6', '18-12'),
(424, 1610612748, '2020-02-29', 'East', 60, 38, 22, '1', '25-4', '13-18'),
(425, 1610612755, '2020-02-29', 'East', 60, 37, 23, '1', '28-2', '9-21'),
(426, 1610612754, '2020-02-29', 'East', 60, 36, 24, '1', '21-10', '15-14'),
(427, 1610612753, '2020-02-29', 'East', 60, 27, 33, '0', '16-14', '11-19'),
(428, 1610612751, '2020-02-29', 'East', 59, 26, 33, '0', '16-13', '10-20'),
(429, 1610612764, '2020-02-29', 'East', 58, 21, 37, '0', '14-15', '7-22'),
(430, 1610612766, '2020-02-29', 'East', 59, 21, 38, '0', '9-18', '12-20'),
(431, 1610612741, '2020-02-29', 'East', 60, 20, 40, '0', '12-19', '8-21'),
(432, 1610612765, '2020-02-29', 'East', 61, 20, 41, '0', '11-20', '9-21'),
(433, 1610612737, '2020-02-29', 'East', 62, 19, 43, '0', '13-18', '6-25'),
(434, 1610612752, '2020-02-29', 'East', 60, 18, 42, '0', '9-20', '9-22'),
(435, 1610612739, '2020-02-29', 'East', 60, 17, 43, '0', '9-23', '8-20'),
(436, 1610612749, '2020-02-28', 'East', 59, 51, 8, '1', '27-3', '24-5'),
(437, 1610612761, '2020-02-28', 'East', 59, 42, 17, '1', '23-9', '19-8'),
(438, 1610612738, '2020-02-28', 'East', 58, 41, 17, '1', '23-5', '18-12'),
(439, 1610612748, '2020-02-28', 'East', 59, 37, 22, '1', '24-4', '13-18'),
(440, 1610612755, '2020-02-28', 'East', 60, 37, 23, '1', '28-2', '9-21'),
(441, 1610612754, '2020-02-28', 'East', 59, 35, 24, '1', '21-10', '14-14'),
(442, 1610612753, '2020-02-28', 'East', 59, 27, 32, '0', '16-14', '11-18'),
(443, 1610612751, '2020-02-28', 'East', 58, 26, 32, '0', '16-13', '10-19'),
(444, 1610612764, '2020-02-28', 'East', 58, 21, 37, '0', '14-15', '7-22'),
(445, 1610612766, '2020-02-28', 'East', 59, 21, 38, '0', '9-18', '12-20'),
(446, 1610612741, '2020-02-28', 'East', 59, 20, 39, '0', '12-19', '8-20'),
(447, 1610612765, '2020-02-28', 'East', 61, 20, 41, '0', '11-20', '9-21'),
(448, 1610612737, '2020-02-28', 'East', 61, 18, 43, '0', '12-18', '6-25'),
(449, 1610612739, '2020-02-28', 'East', 59, 17, 42, '0', '9-22', '8-20'),
(450, 1610612752, '2020-02-28', 'East', 59, 17, 42, '0', '8-20', '9-22'),
(451, 1610612749, '2020-02-27', 'East', 58, 50, 8, '1', '26-3', '24-5'),
(452, 1610612761, '2020-02-27', 'East', 58, 42, 16, '1', '23-8', '19-8'),
(453, 1610612738, '2020-02-27', 'East', 58, 41, 17, '1', '23-5', '18-12'),
(454, 1610612748, '2020-02-27', 'East', 58, 36, 22, '1', '23-4', '13-18'),
(455, 1610612755, '2020-02-27', 'East', 60, 37, 23, '1', '28-2', '9-21'),
(456, 1610612754, '2020-02-27', 'East', 59, 35, 24, '1', '21-10', '14-14'),
(457, 1610612751, '2020-02-27', 'East', 57, 26, 31, '0', '16-13', '10-18'),
(458, 1610612753, '2020-02-27', 'East', 58, 26, 32, '0', '15-14', '11-18'),
(459, 1610612764, '2020-02-27', 'East', 57, 21, 36, '0', '14-15', '7-21'),
(460, 1610612766, '2020-02-27', 'East', 58, 20, 38, '0', '9-18', '11-20'),
(461, 1610612741, '2020-02-27', 'East', 59, 20, 39, '0', '12-19', '8-20'),
(462, 1610612765, '2020-02-27', 'East', 60, 19, 41, '0', '11-20', '8-21'),
(463, 1610612739, '2020-02-27', 'East', 58, 17, 41, '0', '9-22', '8-19'),
(464, 1610612752, '2020-02-27', 'East', 59, 17, 42, '0', '8-20', '9-22'),
(465, 1610612737, '2020-02-27', 'East', 60, 17, 43, '0', '11-18', '6-25'),
(466, 1610612749, '2020-02-26', 'East', 58, 50, 8, '1', '26-3', '24-5'),
(467, 1610612761, '2020-02-26', 'East', 58, 42, 16, '1', '23-8', '19-8'),
(468, 1610612738, '2020-02-26', 'East', 58, 41, 17, '1', '23-5', '18-12'),
(469, 1610612748, '2020-02-26', 'East', 58, 36, 22, '1', '23-4', '13-18'),
(470, 1610612755, '2020-02-26', 'East', 59, 36, 23, '1', '27-2', '9-21'),
(471, 1610612754, '2020-02-26', 'East', 58, 34, 24, '1', '20-10', '14-14'),
(472, 1610612751, '2020-02-26', 'East', 57, 26, 31, '0', '16-13', '10-18'),
(473, 1610612753, '2020-02-26', 'East', 58, 26, 32, '0', '15-14', '11-18'),
(474, 1610612764, '2020-02-26', 'East', 57, 21, 36, '0', '14-15', '7-21'),
(475, 1610612766, '2020-02-26', 'East', 58, 20, 38, '0', '9-18', '11-20'),
(476, 1610612741, '2020-02-26', 'East', 59, 20, 39, '0', '12-19', '8-20'),
(477, 1610612765, '2020-02-26', 'East', 60, 19, 41, '0', '11-20', '8-21'),
(478, 1610612739, '2020-02-26', 'East', 58, 17, 41, '0', '9-22', '8-19'),
(479, 1610612752, '2020-02-26', 'East', 58, 17, 41, '0', '8-20', '9-21'),
(480, 1610612737, '2020-02-26', 'East', 60, 17, 43, '0', '11-18', '6-25'),
(481, 1610612749, '2020-02-25', 'East', 58, 50, 8, '1', '26-3', '24-5'),
(482, 1610612761, '2020-02-25', 'East', 58, 42, 16, '1', '23-8', '19-8'),
(483, 1610612738, '2020-02-25', 'East', 57, 40, 17, '1', '23-5', '17-12'),
(484, 1610612748, '2020-02-25', 'East', 57, 36, 21, '1', '23-3', '13-18'),
(485, 1610612755, '2020-02-25', 'East', 58, 36, 22, '1', '27-2', '9-20'),
(486, 1610612754, '2020-02-25', 'East', 58, 34, 24, '1', '20-10', '14-14'),
(487, 1610612751, '2020-02-25', 'East', 56, 26, 30, '0', '16-13', '10-17'),
(488, 1610612753, '2020-02-25', 'East', 57, 25, 32, '0', '15-14', '10-18'),
(489, 1610612764, '2020-02-25', 'East', 56, 20, 36, '0', '13-15', '7-21'),
(490, 1610612741, '2020-02-25', 'East', 59, 20, 39, '0', '12-19', '8-20'),
(491, 1610612766, '2020-02-25', 'East', 57, 19, 38, '0', '8-18', '11-20'),
(492, 1610612765, '2020-02-25', 'East', 60, 19, 41, '0', '11-20', '8-21'),
(493, 1610612752, '2020-02-25', 'East', 57, 17, 40, '0', '8-20', '9-20'),
(494, 1610612737, '2020-02-25', 'East', 59, 17, 42, '0', '11-17', '6-25'),
(495, 1610612739, '2020-02-25', 'East', 57, 16, 41, '0', '8-22', '8-19'),
(496, 1610612749, '2020-02-24', 'East', 57, 49, 8, '1', '26-3', '23-5'),
(497, 1610612761, '2020-02-24', 'East', 57, 42, 15, '1', '23-7', '19-8'),
(498, 1610612738, '2020-02-24', 'East', 56, 39, 17, '1', '23-5', '16-12'),
(499, 1610612748, '2020-02-24', 'East', 57, 36, 21, '1', '23-3', '13-18'),
(500, 1610612755, '2020-02-24', 'East', 58, 36, 22, '1', '27-2', '9-20'),
(501, 1610612754, '2020-02-24', 'East', 57, 33, 24, '1', '19-10', '14-14'),
(502, 1610612751, '2020-02-24', 'East', 56, 26, 30, '0', '16-13', '10-17'),
(503, 1610612753, '2020-02-24', 'East', 57, 25, 32, '0', '15-14', '10-18'),
(504, 1610612764, '2020-02-24', 'East', 56, 20, 36, '0', '13-15', '7-21'),
(505, 1610612741, '2020-02-24', 'East', 58, 20, 38, '0', '12-18', '8-20'),
(506, 1610612766, '2020-02-24', 'East', 56, 19, 37, '0', '8-18', '11-19'),
(507, 1610612765, '2020-02-24', 'East', 59, 19, 40, '0', '11-20', '8-20'),
(508, 1610612752, '2020-02-24', 'East', 57, 17, 40, '0', '8-20', '9-20'),
(509, 1610612737, '2020-02-24', 'East', 59, 17, 42, '0', '11-17', '6-25'),
(510, 1610612739, '2020-02-24', 'East', 57, 16, 41, '0', '8-22', '8-19'),
(511, 1610612749, '2020-02-23', 'East', 56, 48, 8, '1', '26-3', '22-5'),
(512, 1610612761, '2020-02-23', 'East', 57, 42, 15, '1', '23-7', '19-8'),
(513, 1610612738, '2020-02-23', 'East', 56, 39, 17, '1', '23-5', '16-12'),
(514, 1610612748, '2020-02-23', 'East', 56, 36, 20, '1', '23-3', '13-17'),
(515, 1610612755, '2020-02-23', 'East', 57, 35, 22, '1', '26-2', '9-20'),
(516, 1610612754, '2020-02-23', 'East', 57, 33, 24, '1', '19-10', '14-14'),
(517, 1610612751, '2020-02-23', 'East', 55, 26, 29, '0', '16-12', '10-17'),
(518, 1610612753, '2020-02-23', 'East', 56, 24, 32, '0', '15-14', '9-18'),
(519, 1610612764, '2020-02-23', 'East', 55, 20, 35, '0', '13-14', '7-21'),
(520, 1610612741, '2020-02-23', 'East', 58, 20, 38, '0', '12-18', '8-20'),
(521, 1610612766, '2020-02-23', 'East', 56, 19, 37, '0', '8-18', '11-19'),
(522, 1610612765, '2020-02-23', 'East', 59, 19, 40, '0', '11-20', '8-20'),
(523, 1610612752, '2020-02-23', 'East', 56, 17, 39, '0', '8-20', '9-19'),
(524, 1610612737, '2020-02-23', 'East', 58, 17, 41, '0', '11-17', '6-24'),
(525, 1610612739, '2020-02-23', 'East', 56, 15, 41, '0', '7-22', '8-19'),
(526, 1610612749, '2020-02-22', 'East', 56, 48, 8, '1', '26-3', '22-5'),
(527, 1610612761, '2020-02-22', 'East', 56, 41, 15, '1', '22-7', '19-8'),
(528, 1610612738, '2020-02-22', 'East', 55, 39, 16, '1', '23-5', '16-11'),
(529, 1610612748, '2020-02-22', 'East', 56, 36, 20, '1', '23-3', '13-17'),
(530, 1610612755, '2020-02-22', 'East', 57, 35, 22, '1', '26-2', '9-20'),
(531, 1610612754, '2020-02-22', 'East', 56, 33, 23, '1', '19-10', '14-13'),
(532, 1610612751, '2020-02-22', 'East', 55, 26, 29, '0', '16-12', '10-17'),
(533, 1610612753, '2020-02-22', 'East', 56, 24, 32, '0', '15-14', '9-18'),
(534, 1610612764, '2020-02-22', 'East', 54, 20, 34, '0', '13-14', '7-20'),
(535, 1610612766, '2020-02-22', 'East', 56, 19, 37, '0', '8-18', '11-19'),
(536, 1610612741, '2020-02-22', 'East', 57, 19, 38, '0', '11-18', '8-20'),
(537, 1610612765, '2020-02-22', 'East', 58, 19, 39, '0', '11-20', '8-19'),
(538, 1610612752, '2020-02-22', 'East', 56, 17, 39, '0', '8-20', '9-19'),
(539, 1610612737, '2020-02-22', 'East', 58, 17, 41, '0', '11-17', '6-24'),
(540, 1610612739, '2020-02-22', 'East', 56, 15, 41, '0', '7-22', '8-19'),
(541, 1610612749, '2020-02-21', 'East', 55, 47, 8, '1', '25-3', '22-5'),
(542, 1610612761, '2020-02-21', 'East', 56, 41, 15, '1', '22-7', '19-8'),
(543, 1610612738, '2020-02-21', 'East', 55, 39, 16, '1', '23-5', '16-11'),
(544, 1610612748, '2020-02-21', 'East', 55, 35, 20, '1', '22-3', '13-17'),
(545, 1610612755, '2020-02-21', 'East', 56, 35, 21, '1', '26-2', '9-19'),
(546, 1610612754, '2020-02-21', 'East', 56, 33, 23, '1', '19-10', '14-13'),
(547, 1610612751, '2020-02-21', 'East', 54, 25, 29, '0', '16-12', '9-17'),
(548, 1610612753, '2020-02-21', 'East', 56, 24, 32, '0', '15-14', '9-18'),
(549, 1610612764, '2020-02-21', 'East', 54, 20, 34, '0', '13-14', '7-20'),
(550, 1610612766, '2020-02-21', 'East', 55, 19, 36, '0', '8-17', '11-19'),
(551, 1610612741, '2020-02-21', 'East', 56, 19, 37, '0', '11-17', '8-20'),
(552, 1610612765, '2020-02-21', 'East', 58, 19, 39, '0', '11-20', '8-19'),
(553, 1610612752, '2020-02-21', 'East', 56, 17, 39, '0', '8-20', '9-19'),
(554, 1610612737, '2020-02-21', 'East', 57, 16, 41, '0', '10-17', '6-24'),
(555, 1610612739, '2020-02-21', 'East', 55, 15, 40, '0', '7-22', '8-18'),
(556, 1610612749, '2020-02-20', 'East', 55, 47, 8, '1', '25-3', '22-5'),
(557, 1610612761, '2020-02-20', 'East', 55, 40, 15, '1', '21-7', '19-8'),
(558, 1610612738, '2020-02-20', 'East', 54, 38, 16, '1', '23-5', '15-11'),
(559, 1610612748, '2020-02-20', 'East', 55, 35, 20, '1', '22-3', '13-17'),
(560, 1610612755, '2020-02-20', 'East', 56, 35, 21, '1', '26-2', '9-19'),
(561, 1610612754, '2020-02-20', 'East', 55, 32, 23, '1', '19-10', '13-13'),
(562, 1610612751, '2020-02-20', 'East', 54, 25, 29, '0', '16-12', '9-17'),
(563, 1610612753, '2020-02-20', 'East', 55, 24, 31, '0', '15-13', '9-18'),
(564, 1610612764, '2020-02-20', 'East', 53, 20, 33, '0', '13-13', '7-20'),
(565, 1610612766, '2020-02-20', 'East', 55, 19, 36, '0', '8-17', '11-19'),
(566, 1610612741, '2020-02-20', 'East', 56, 19, 37, '0', '11-17', '8-20'),
(567, 1610612765, '2020-02-20', 'East', 58, 19, 39, '0', '11-20', '8-19'),
(568, 1610612752, '2020-02-20', 'East', 55, 17, 38, '0', '8-19', '9-19'),
(569, 1610612737, '2020-02-20', 'East', 57, 16, 41, '0', '10-17', '6-24'),
(570, 1610612739, '2020-02-20', 'East', 54, 14, 40, '0', '7-22', '7-18'),
(571, 1610612749, '2020-02-19', 'East', 54, 46, 8, '1', '25-3', '21-5'),
(572, 1610612761, '2020-02-19', 'East', 55, 40, 15, '1', '21-7', '19-8'),
(573, 1610612738, '2020-02-19', 'East', 54, 38, 16, '1', '23-5', '15-11'),
(574, 1610612748, '2020-02-19', 'East', 54, 35, 19, '1', '22-3', '13-16'),
(575, 1610612755, '2020-02-19', 'East', 55, 34, 21, '1', '25-2', '9-19'),
(576, 1610612754, '2020-02-19', 'East', 55, 32, 23, '1', '19-10', '13-13'),
(577, 1610612751, '2020-02-19', 'East', 53, 25, 28, '0', '16-12', '9-16'),
(578, 1610612753, '2020-02-19', 'East', 55, 24, 31, '0', '15-13', '9-18'),
(579, 1610612764, '2020-02-19', 'East', 53, 20, 33, '0', '13-13', '7-20'),
(580, 1610612741, '2020-02-19', 'East', 55, 19, 36, '0', '11-16', '8-20'),
(581, 1610612765, '2020-02-19', 'East', 57, 19, 38, '0', '11-19', '8-19'),
(582, 1610612766, '2020-02-19', 'East', 54, 18, 36, '0', '8-17', '10-19'),
(583, 1610612752, '2020-02-19', 'East', 55, 17, 38, '0', '8-19', '9-19'),
(584, 1610612737, '2020-02-19', 'East', 56, 15, 41, '0', '9-17', '6-24'),
(585, 1610612739, '2020-02-19', 'East', 54, 14, 40, '0', '7-22', '7-18'),
(586, 1610612749, '2020-02-18', 'East', 54, 46, 8, '1', '25-3', '21-5'),
(587, 1610612761, '2020-02-18', 'East', 55, 40, 15, '1', '21-7', '19-8'),
(588, 1610612738, '2020-02-18', 'East', 54, 38, 16, '1', '23-5', '15-11'),
(589, 1610612748, '2020-02-18', 'East', 54, 35, 19, '1', '22-3', '13-16'),
(590, 1610612755, '2020-02-18', 'East', 55, 34, 21, '1', '25-2', '9-19'),
(591, 1610612754, '2020-02-18', 'East', 55, 32, 23, '1', '19-10', '13-13'),
(592, 1610612751, '2020-02-18', 'East', 53, 25, 28, '0', '16-12', '9-16'),
(593, 1610612753, '2020-02-18', 'East', 55, 24, 31, '0', '15-13', '9-18'),
(594, 1610612764, '2020-02-18', 'East', 53, 20, 33, '0', '13-13', '7-20'),
(595, 1610612741, '2020-02-18', 'East', 55, 19, 36, '0', '11-16', '8-20'),
(596, 1610612765, '2020-02-18', 'East', 57, 19, 38, '0', '11-19', '8-19'),
(597, 1610612766, '2020-02-18', 'East', 54, 18, 36, '0', '8-17', '10-19'),
(598, 1610612752, '2020-02-18', 'East', 55, 17, 38, '0', '8-19', '9-19'),
(599, 1610612737, '2020-02-18', 'East', 56, 15, 41, '0', '9-17', '6-24'),
(600, 1610612739, '2020-02-18', 'East', 54, 14, 40, '0', '7-22', '7-18'),
(601, 1610612749, '2020-02-17', 'East', 54, 46, 8, '1', '25-3', '21-5'),
(602, 1610612761, '2020-02-17', 'East', 55, 40, 15, '1', '21-7', '19-8'),
(603, 1610612738, '2020-02-17', 'East', 54, 38, 16, '1', '23-5', '15-11'),
(604, 1610612748, '2020-02-17', 'East', 54, 35, 19, '1', '22-3', '13-16'),
(605, 1610612755, '2020-02-17', 'East', 55, 34, 21, '1', '25-2', '9-19'),
(606, 1610612754, '2020-02-17', 'East', 55, 32, 23, '1', '19-10', '13-13'),
(607, 1610612751, '2020-02-17', 'East', 53, 25, 28, '0', '16-12', '9-16'),
(608, 1610612753, '2020-02-17', 'East', 55, 24, 31, '0', '15-13', '9-18'),
(609, 1610612764, '2020-02-17', 'East', 53, 20, 33, '0', '13-13', '7-20'),
(610, 1610612741, '2020-02-17', 'East', 55, 19, 36, '0', '11-16', '8-20'),
(611, 1610612765, '2020-02-17', 'East', 57, 19, 38, '0', '11-19', '8-19'),
(612, 1610612766, '2020-02-17', 'East', 54, 18, 36, '0', '8-17', '10-19'),
(613, 1610612752, '2020-02-17', 'East', 55, 17, 38, '0', '8-19', '9-19'),
(614, 1610612737, '2020-02-17', 'East', 56, 15, 41, '0', '9-17', '6-24'),
(615, 1610612739, '2020-02-17', 'East', 54, 14, 40, '0', '7-22', '7-18'),
(616, 1610612749, '2020-02-16', 'East', 54, 46, 8, '1', '25-3', '21-5'),
(617, 1610612761, '2020-02-16', 'East', 55, 40, 15, '1', '21-7', '19-8'),
(618, 1610612738, '2020-02-16', 'East', 54, 38, 16, '1', '23-5', '15-11'),
(619, 1610612748, '2020-02-16', 'East', 54, 35, 19, '1', '22-3', '13-16'),
(620, 1610612755, '2020-02-16', 'East', 55, 34, 21, '1', '25-2', '9-19'),
(621, 1610612754, '2020-02-16', 'East', 55, 32, 23, '1', '19-10', '13-13'),
(622, 1610612751, '2020-02-16', 'East', 53, 25, 28, '0', '16-12', '9-16'),
(623, 1610612753, '2020-02-16', 'East', 55, 24, 31, '0', '15-13', '9-18'),
(624, 1610612764, '2020-02-16', 'East', 53, 20, 33, '0', '13-13', '7-20'),
(625, 1610612741, '2020-02-16', 'East', 55, 19, 36, '0', '11-16', '8-20'),
(626, 1610612765, '2020-02-16', 'East', 57, 19, 38, '0', '11-19', '8-19'),
(627, 1610612766, '2020-02-16', 'East', 54, 18, 36, '0', '8-17', '10-19'),
(628, 1610612752, '2020-02-16', 'East', 55, 17, 38, '0', '8-19', '9-19'),
(629, 1610612737, '2020-02-16', 'East', 56, 15, 41, '0', '9-17', '6-24'),
(630, 1610612739, '2020-02-16', 'East', 54, 14, 40, '0', '7-22', '7-18'),
(631, 1610612749, '2020-02-15', 'East', 54, 46, 8, '1', '25-3', '21-5'),
(632, 1610612761, '2020-02-15', 'East', 55, 40, 15, '1', '21-7', '19-8'),
(633, 1610612738, '2020-02-15', 'East', 54, 38, 16, '1', '23-5', '15-11'),
(634, 1610612748, '2020-02-15', 'East', 54, 35, 19, '1', '22-3', '13-16'),
(635, 1610612755, '2020-02-15', 'East', 55, 34, 21, '1', '25-2', '9-19'),
(636, 1610612754, '2020-02-15', 'East', 55, 32, 23, '1', '19-10', '13-13'),
(637, 1610612751, '2020-02-15', 'East', 53, 25, 28, '0', '16-12', '9-16'),
(638, 1610612753, '2020-02-15', 'East', 55, 24, 31, '0', '15-13', '9-18'),
(639, 1610612764, '2020-02-15', 'East', 53, 20, 33, '0', '13-13', '7-20'),
(640, 1610612741, '2020-02-15', 'East', 55, 19, 36, '0', '11-16', '8-20'),
(641, 1610612765, '2020-02-15', 'East', 57, 19, 38, '0', '11-19', '8-19'),
(642, 1610612766, '2020-02-15', 'East', 54, 18, 36, '0', '8-17', '10-19'),
(643, 1610612752, '2020-02-15', 'East', 55, 17, 38, '0', '8-19', '9-19'),
(644, 1610612737, '2020-02-15', 'East', 56, 15, 41, '0', '9-17', '6-24'),
(645, 1610612739, '2020-02-15', 'East', 54, 14, 40, '0', '7-22', '7-18'),
(646, 1610612749, '2020-02-14', 'East', 54, 46, 8, '1', '25-3', '21-5'),
(647, 1610612761, '2020-02-14', 'East', 55, 40, 15, '1', '21-7', '19-8'),
(648, 1610612738, '2020-02-14', 'East', 54, 38, 16, '1', '23-5', '15-11'),
(649, 1610612748, '2020-02-14', 'East', 54, 35, 19, '1', '22-3', '13-16'),
(650, 1610612755, '2020-02-14', 'East', 55, 34, 21, '1', '25-2', '9-19'),
(651, 1610612754, '2020-02-14', 'East', 55, 32, 23, '1', '19-10', '13-13'),
(652, 1610612751, '2020-02-14', 'East', 53, 25, 28, '0', '16-12', '9-16'),
(653, 1610612753, '2020-02-14', 'East', 55, 24, 31, '0', '15-13', '9-18'),
(654, 1610612764, '2020-02-14', 'East', 53, 20, 33, '0', '13-13', '7-20'),
(655, 1610612741, '2020-02-14', 'East', 55, 19, 36, '0', '11-16', '8-20'),
(656, 1610612765, '2020-02-14', 'East', 57, 19, 38, '0', '11-19', '8-19'),
(657, 1610612766, '2020-02-14', 'East', 54, 18, 36, '0', '8-17', '10-19'),
(658, 1610612752, '2020-02-14', 'East', 55, 17, 38, '0', '8-19', '9-19'),
(659, 1610612737, '2020-02-14', 'East', 56, 15, 41, '0', '9-17', '6-24'),
(660, 1610612739, '2020-02-14', 'East', 54, 14, 40, '0', '7-22', '7-18'),
(661, 1610612749, '2020-02-13', 'East', 54, 46, 8, '1', '25-3', '21-5'),
(662, 1610612761, '2020-02-13', 'East', 55, 40, 15, '1', '21-7', '19-8'),
(663, 1610612738, '2020-02-13', 'East', 54, 38, 16, '1', '23-5', '15-11'),
(664, 1610612748, '2020-02-13', 'East', 54, 35, 19, '1', '22-3', '13-16'),
(665, 1610612755, '2020-02-13', 'East', 55, 34, 21, '1', '25-2', '9-19'),
(666, 1610612754, '2020-02-13', 'East', 55, 32, 23, '1', '19-10', '13-13'),
(667, 1610612751, '2020-02-13', 'East', 53, 25, 28, '0', '16-12', '9-16'),
(668, 1610612753, '2020-02-13', 'East', 55, 24, 31, '0', '15-13', '9-18'),
(669, 1610612764, '2020-02-13', 'East', 53, 20, 33, '0', '13-13', '7-20'),
(670, 1610612741, '2020-02-13', 'East', 55, 19, 36, '0', '11-16', '8-20'),
(671, 1610612765, '2020-02-13', 'East', 57, 19, 38, '0', '11-19', '8-19'),
(672, 1610612766, '2020-02-13', 'East', 54, 18, 36, '0', '8-17', '10-19'),
(673, 1610612752, '2020-02-13', 'East', 55, 17, 38, '0', '8-19', '9-19'),
(674, 1610612737, '2020-02-13', 'East', 56, 15, 41, '0', '9-17', '6-24'),
(675, 1610612739, '2020-02-13', 'East', 54, 14, 40, '0', '7-22', '7-18'),
(676, 1610612749, '2020-02-12', 'East', 54, 46, 8, '1', '25-3', '21-5'),
(677, 1610612761, '2020-02-12', 'East', 55, 40, 15, '1', '21-7', '19-8'),
(678, 1610612738, '2020-02-12', 'East', 53, 37, 16, '1', '22-5', '15-11'),
(679, 1610612748, '2020-02-12', 'East', 54, 35, 19, '1', '22-3', '13-16'),
(680, 1610612755, '2020-02-12', 'East', 55, 34, 21, '1', '25-2', '9-19'),
(681, 1610612754, '2020-02-12', 'East', 55, 32, 23, '1', '19-10', '13-13'),
(682, 1610612751, '2020-02-12', 'East', 53, 25, 28, '0', '16-12', '9-16'),
(683, 1610612753, '2020-02-12', 'East', 55, 24, 31, '0', '15-13', '9-18'),
(684, 1610612764, '2020-02-12', 'East', 53, 20, 33, '0', '13-13', '7-20');
INSERT INTO `ranking` (`ranking_id`, `team_id`, `standings_date`, `conference`, `g`, `w`, `l`, `w_pct`, `home_record`, `road_record`) VALUES
(685, 1610612741, '2020-02-12', 'East', 55, 19, 36, '0', '11-16', '8-20'),
(686, 1610612765, '2020-02-12', 'East', 57, 19, 38, '0', '11-19', '8-19'),
(687, 1610612766, '2020-02-12', 'East', 54, 18, 36, '0', '8-17', '10-19'),
(688, 1610612752, '2020-02-12', 'East', 55, 17, 38, '0', '8-19', '9-19'),
(689, 1610612737, '2020-02-12', 'East', 56, 15, 41, '0', '9-17', '6-24'),
(690, 1610612739, '2020-02-12', 'East', 54, 14, 40, '0', '7-22', '7-18'),
(691, 1610612749, '2020-02-11', 'East', 53, 46, 7, '1', '25-3', '21-4'),
(692, 1610612761, '2020-02-11', 'East', 54, 40, 14, '1', '21-7', '19-7'),
(693, 1610612738, '2020-02-11', 'East', 53, 37, 16, '1', '22-5', '15-11'),
(694, 1610612748, '2020-02-11', 'East', 53, 35, 18, '1', '22-3', '13-15'),
(695, 1610612755, '2020-02-11', 'East', 55, 34, 21, '1', '25-2', '9-19'),
(696, 1610612754, '2020-02-11', 'East', 54, 31, 23, '1', '18-10', '13-13'),
(697, 1610612751, '2020-02-11', 'East', 52, 24, 28, '0', '15-12', '9-16'),
(698, 1610612753, '2020-02-11', 'East', 54, 23, 31, '0', '14-13', '9-18'),
(699, 1610612764, '2020-02-11', 'East', 52, 19, 33, '0', '13-13', '6-20'),
(700, 1610612741, '2020-02-11', 'East', 55, 19, 36, '0', '11-16', '8-20'),
(701, 1610612765, '2020-02-11', 'East', 56, 19, 37, '0', '11-19', '8-18'),
(702, 1610612766, '2020-02-11', 'East', 53, 17, 36, '0', '8-17', '9-19'),
(703, 1610612752, '2020-02-11', 'East', 54, 17, 37, '0', '8-18', '9-19'),
(704, 1610612737, '2020-02-11', 'East', 55, 15, 40, '0', '9-17', '6-23'),
(705, 1610612739, '2020-02-11', 'East', 53, 13, 40, '0', '6-22', '7-18'),
(706, 1610612749, '2020-02-10', 'East', 53, 46, 7, '1', '25-3', '21-4'),
(707, 1610612761, '2020-02-10', 'East', 54, 40, 14, '1', '21-7', '19-7'),
(708, 1610612738, '2020-02-10', 'East', 52, 37, 15, '1', '22-5', '15-10'),
(709, 1610612748, '2020-02-10', 'East', 53, 35, 18, '1', '22-3', '13-15'),
(710, 1610612755, '2020-02-10', 'East', 54, 33, 21, '1', '24-2', '9-19'),
(711, 1610612754, '2020-02-10', 'East', 54, 31, 23, '1', '18-10', '13-13'),
(712, 1610612751, '2020-02-10', 'East', 52, 24, 28, '0', '15-12', '9-16'),
(713, 1610612753, '2020-02-10', 'East', 54, 23, 31, '0', '14-13', '9-18'),
(714, 1610612764, '2020-02-10', 'East', 51, 18, 33, '0', '12-13', '6-20'),
(715, 1610612741, '2020-02-10', 'East', 54, 19, 35, '0', '11-16', '8-19'),
(716, 1610612765, '2020-02-10', 'East', 56, 19, 37, '0', '11-19', '8-18'),
(717, 1610612766, '2020-02-10', 'East', 53, 17, 36, '0', '8-17', '9-19'),
(718, 1610612752, '2020-02-10', 'East', 54, 17, 37, '0', '8-18', '9-19'),
(719, 1610612737, '2020-02-10', 'East', 55, 15, 40, '0', '9-17', '6-23'),
(720, 1610612739, '2020-02-10', 'East', 53, 13, 40, '0', '6-22', '7-18'),
(721, 1610612749, '2020-02-09', 'East', 52, 45, 7, '1', '24-3', '21-4'),
(722, 1610612761, '2020-02-09', 'East', 53, 39, 14, '1', '20-7', '19-7'),
(723, 1610612738, '2020-02-09', 'East', 52, 37, 15, '1', '22-5', '15-10'),
(724, 1610612748, '2020-02-09', 'East', 52, 34, 18, '1', '22-3', '12-15'),
(725, 1610612755, '2020-02-09', 'East', 54, 33, 21, '1', '24-2', '9-19'),
(726, 1610612754, '2020-02-09', 'East', 53, 31, 22, '1', '18-9', '13-13'),
(727, 1610612751, '2020-02-09', 'East', 51, 23, 28, '0', '15-12', '8-16'),
(728, 1610612753, '2020-02-09', 'East', 53, 22, 31, '0', '13-13', '9-18'),
(729, 1610612764, '2020-02-09', 'East', 51, 18, 33, '0', '12-13', '6-20'),
(730, 1610612741, '2020-02-09', 'East', 54, 19, 35, '0', '11-16', '8-19'),
(731, 1610612765, '2020-02-09', 'East', 55, 19, 36, '0', '11-18', '8-18'),
(732, 1610612752, '2020-02-09', 'East', 54, 17, 37, '0', '8-18', '9-19'),
(733, 1610612766, '2020-02-09', 'East', 52, 16, 36, '0', '8-17', '8-19'),
(734, 1610612737, '2020-02-09', 'East', 54, 15, 39, '0', '9-17', '6-22'),
(735, 1610612739, '2020-02-09', 'East', 53, 13, 40, '0', '6-22', '7-18'),
(736, 1610612749, '2020-02-08', 'East', 52, 45, 7, '1', '24-3', '21-4'),
(737, 1610612761, '2020-02-08', 'East', 53, 39, 14, '1', '20-7', '19-7'),
(738, 1610612738, '2020-02-08', 'East', 51, 36, 15, '1', '22-5', '14-10'),
(739, 1610612748, '2020-02-08', 'East', 51, 34, 17, '1', '22-3', '12-14'),
(740, 1610612755, '2020-02-08', 'East', 53, 32, 21, '1', '23-2', '9-19'),
(741, 1610612754, '2020-02-08', 'East', 53, 31, 22, '1', '18-9', '13-13'),
(742, 1610612751, '2020-02-08', 'East', 51, 23, 28, '0', '15-12', '8-16'),
(743, 1610612753, '2020-02-08', 'East', 53, 22, 31, '0', '13-13', '9-18'),
(744, 1610612764, '2020-02-08', 'East', 50, 18, 32, '0', '12-12', '6-20'),
(745, 1610612741, '2020-02-08', 'East', 53, 19, 34, '0', '11-16', '8-18'),
(746, 1610612765, '2020-02-08', 'East', 55, 19, 36, '0', '11-18', '8-18'),
(747, 1610612752, '2020-02-08', 'East', 53, 17, 36, '0', '8-18', '9-18'),
(748, 1610612766, '2020-02-08', 'East', 52, 16, 36, '0', '8-17', '8-19'),
(749, 1610612737, '2020-02-08', 'East', 53, 14, 39, '0', '8-17', '6-22'),
(750, 1610612739, '2020-02-08', 'East', 52, 13, 39, '0', '6-21', '7-18'),
(751, 1610612749, '2020-02-07', 'East', 51, 44, 7, '1', '24-3', '20-4'),
(752, 1610612761, '2020-02-07', 'East', 52, 38, 14, '1', '19-7', '19-7'),
(753, 1610612738, '2020-02-07', 'East', 51, 36, 15, '1', '22-5', '14-10'),
(754, 1610612748, '2020-02-07', 'East', 51, 34, 17, '1', '22-3', '12-14'),
(755, 1610612755, '2020-02-07', 'East', 53, 32, 21, '1', '23-2', '9-19'),
(756, 1610612754, '2020-02-07', 'East', 52, 31, 21, '1', '18-8', '13-13'),
(757, 1610612751, '2020-02-07', 'East', 50, 23, 27, '0', '15-12', '8-15'),
(758, 1610612753, '2020-02-07', 'East', 52, 22, 30, '0', '13-12', '9-18'),
(759, 1610612764, '2020-02-07', 'East', 50, 18, 32, '0', '12-12', '6-20'),
(760, 1610612741, '2020-02-07', 'East', 53, 19, 34, '0', '11-16', '8-18'),
(761, 1610612765, '2020-02-07', 'East', 54, 19, 35, '0', '11-17', '8-18'),
(762, 1610612766, '2020-02-07', 'East', 51, 16, 35, '0', '8-16', '8-19'),
(763, 1610612752, '2020-02-07', 'East', 52, 16, 36, '0', '8-18', '8-18'),
(764, 1610612737, '2020-02-07', 'East', 53, 14, 39, '0', '8-17', '6-22'),
(765, 1610612739, '2020-02-07', 'East', 52, 13, 39, '0', '6-21', '7-18'),
(766, 1610612749, '2020-02-06', 'East', 51, 44, 7, '1', '24-3', '20-4'),
(767, 1610612761, '2020-02-06', 'East', 51, 37, 14, '1', '19-7', '18-7'),
(768, 1610612738, '2020-02-06', 'East', 50, 35, 15, '1', '21-5', '14-10'),
(769, 1610612748, '2020-02-06', 'East', 50, 34, 16, '1', '22-3', '12-13'),
(770, 1610612754, '2020-02-06', 'East', 51, 31, 20, '1', '18-7', '13-13'),
(771, 1610612755, '2020-02-06', 'East', 52, 31, 21, '1', '22-2', '9-19'),
(772, 1610612751, '2020-02-06', 'East', 50, 23, 27, '0', '15-12', '8-15'),
(773, 1610612753, '2020-02-06', 'East', 52, 22, 30, '0', '13-12', '9-18'),
(774, 1610612741, '2020-02-06', 'East', 53, 19, 34, '0', '11-16', '8-18'),
(775, 1610612765, '2020-02-06', 'East', 53, 19, 34, '0', '11-17', '8-17'),
(776, 1610612764, '2020-02-06', 'East', 49, 17, 32, '0', '11-12', '6-20'),
(777, 1610612766, '2020-02-06', 'East', 51, 16, 35, '0', '8-16', '8-19'),
(778, 1610612752, '2020-02-06', 'East', 52, 16, 36, '0', '8-18', '8-18'),
(779, 1610612737, '2020-02-06', 'East', 52, 14, 38, '0', '8-17', '6-21'),
(780, 1610612739, '2020-02-06', 'East', 52, 13, 39, '0', '6-21', '7-18'),
(781, 1610612749, '2020-02-05', 'East', 50, 43, 7, '1', '23-3', '20-4'),
(782, 1610612761, '2020-02-05', 'East', 51, 37, 14, '1', '19-7', '18-7'),
(783, 1610612738, '2020-02-05', 'East', 50, 35, 15, '1', '21-5', '14-10'),
(784, 1610612748, '2020-02-05', 'East', 50, 34, 16, '1', '22-3', '12-13'),
(785, 1610612754, '2020-02-05', 'East', 51, 31, 20, '1', '18-7', '13-13'),
(786, 1610612755, '2020-02-05', 'East', 51, 31, 20, '1', '22-2', '9-18'),
(787, 1610612751, '2020-02-05', 'East', 50, 23, 27, '0', '15-12', '8-15'),
(788, 1610612753, '2020-02-05', 'East', 51, 22, 29, '0', '13-12', '9-17'),
(789, 1610612741, '2020-02-05', 'East', 52, 19, 33, '0', '11-15', '8-18'),
(790, 1610612765, '2020-02-05', 'East', 53, 19, 34, '0', '11-17', '8-17'),
(791, 1610612764, '2020-02-05', 'East', 49, 17, 32, '0', '11-12', '6-20'),
(792, 1610612766, '2020-02-05', 'East', 51, 16, 35, '0', '8-16', '8-19'),
(793, 1610612752, '2020-02-05', 'East', 51, 15, 36, '0', '7-18', '8-18'),
(794, 1610612737, '2020-02-05', 'East', 52, 14, 38, '0', '8-17', '6-21'),
(795, 1610612739, '2020-02-05', 'East', 52, 13, 39, '0', '6-21', '7-18'),
(796, 1610612749, '2020-02-04', 'East', 50, 43, 7, '1', '23-3', '20-4'),
(797, 1610612761, '2020-02-04', 'East', 50, 36, 14, '1', '18-7', '18-7'),
(798, 1610612738, '2020-02-04', 'East', 49, 34, 15, '1', '20-5', '14-10'),
(799, 1610612748, '2020-02-04', 'East', 49, 34, 15, '1', '22-3', '12-12'),
(800, 1610612754, '2020-02-04', 'East', 50, 31, 19, '1', '18-7', '13-12'),
(801, 1610612755, '2020-02-04', 'East', 51, 31, 20, '1', '22-2', '9-18'),
(802, 1610612751, '2020-02-04', 'East', 49, 22, 27, '0', '14-12', '8-15'),
(803, 1610612753, '2020-02-04', 'East', 50, 22, 28, '0', '13-12', '9-16'),
(804, 1610612741, '2020-02-04', 'East', 52, 19, 33, '0', '11-15', '8-18'),
(805, 1610612764, '2020-02-04', 'East', 49, 17, 32, '0', '11-12', '6-20'),
(806, 1610612765, '2020-02-04', 'East', 52, 18, 34, '0', '10-17', '8-17'),
(807, 1610612766, '2020-02-04', 'East', 51, 16, 35, '0', '8-16', '8-19'),
(808, 1610612752, '2020-02-04', 'East', 51, 15, 36, '0', '7-18', '8-18'),
(809, 1610612737, '2020-02-04', 'East', 51, 13, 38, '0', '8-17', '5-21'),
(810, 1610612739, '2020-02-04', 'East', 51, 13, 38, '0', '6-21', '7-17'),
(811, 1610612747, '2020-02-03', 'West', 48, 37, 11, '1', '16-6', '21-5'),
(812, 1610612746, '2020-02-03', 'West', 50, 35, 15, '1', '21-5', '14-10'),
(813, 1610612743, '2020-02-03', 'West', 50, 34, 16, '1', '19-6', '15-10'),
(814, 1610612762, '2020-02-03', 'West', 49, 32, 17, '1', '18-4', '14-13'),
(815, 1610612745, '2020-02-03', 'West', 49, 31, 18, '1', '17-7', '14-11'),
(816, 1610612742, '2020-02-03', 'West', 50, 31, 19, '1', '14-12', '17-7'),
(817, 1610612760, '2020-02-03', 'West', 50, 30, 20, '1', '15-10', '15-10'),
(818, 1610612763, '2020-02-03', 'West', 50, 25, 25, '1', '15-13', '10-12'),
(819, 1610612757, '2020-02-03', 'West', 50, 23, 27, '0', '13-11', '10-16'),
(820, 1610612759, '2020-02-03', 'West', 49, 22, 27, '0', '14-12', '8-15'),
(821, 1610612740, '2020-02-03', 'West', 50, 20, 30, '0', '10-15', '10-15'),
(822, 1610612756, '2020-02-03', 'West', 50, 20, 30, '0', '9-17', '11-13'),
(823, 1610612758, '2020-02-03', 'West', 50, 19, 31, '0', '9-15', '10-16'),
(824, 1610612750, '2020-02-03', 'West', 49, 15, 34, '0', '6-18', '9-16'),
(825, 1610612744, '2020-02-03', 'West', 51, 12, 39, '0', '7-17', '5-22'),
(826, 1610612747, '2020-02-02', 'West', 48, 37, 11, '1', '16-6', '21-5'),
(827, 1610612746, '2020-02-02', 'West', 49, 34, 15, '1', '20-5', '14-10'),
(828, 1610612743, '2020-02-02', 'West', 50, 34, 16, '1', '19-6', '15-10'),
(829, 1610612762, '2020-02-02', 'West', 49, 32, 17, '1', '18-4', '14-13'),
(830, 1610612745, '2020-02-02', 'West', 49, 31, 18, '1', '17-7', '14-11'),
(831, 1610612742, '2020-02-02', 'West', 49, 30, 19, '1', '14-12', '16-7'),
(832, 1610612760, '2020-02-02', 'West', 50, 30, 20, '1', '15-10', '15-10'),
(833, 1610612763, '2020-02-02', 'West', 49, 24, 25, '0', '14-13', '10-12'),
(834, 1610612757, '2020-02-02', 'West', 50, 23, 27, '0', '13-11', '10-16'),
(835, 1610612759, '2020-02-02', 'West', 48, 22, 26, '0', '14-12', '8-14'),
(836, 1610612756, '2020-02-02', 'West', 49, 20, 29, '0', '9-17', '11-12'),
(837, 1610612740, '2020-02-02', 'West', 50, 20, 30, '0', '10-15', '10-15'),
(838, 1610612758, '2020-02-02', 'West', 49, 18, 31, '0', '8-15', '10-16'),
(839, 1610612750, '2020-02-02', 'West', 48, 15, 33, '0', '6-18', '9-15'),
(840, 1610612744, '2020-02-02', 'West', 50, 11, 39, '0', '7-17', '4-22'),
(841, 1610612747, '2020-02-01', 'West', 48, 37, 11, '1', '16-6', '21-5'),
(842, 1610612743, '2020-02-01', 'West', 49, 34, 15, '1', '19-6', '15-9'),
(843, 1610612746, '2020-02-01', 'West', 49, 34, 15, '1', '20-5', '14-10'),
(844, 1610612762, '2020-02-01', 'West', 49, 32, 17, '1', '18-4', '14-13'),
(845, 1610612745, '2020-02-01', 'West', 48, 30, 18, '1', '16-7', '14-11'),
(846, 1610612742, '2020-02-01', 'West', 49, 30, 19, '1', '14-12', '16-7'),
(847, 1610612760, '2020-02-01', 'West', 50, 30, 20, '1', '15-10', '15-10'),
(848, 1610612763, '2020-02-01', 'West', 49, 24, 25, '0', '14-13', '10-12'),
(849, 1610612757, '2020-02-01', 'West', 50, 23, 27, '0', '13-11', '10-16'),
(850, 1610612759, '2020-02-01', 'West', 48, 22, 26, '0', '14-12', '8-14'),
(851, 1610612756, '2020-02-01', 'West', 48, 20, 28, '0', '9-17', '11-11'),
(852, 1610612740, '2020-02-01', 'West', 49, 20, 29, '0', '10-15', '10-14'),
(853, 1610612758, '2020-02-01', 'West', 49, 18, 31, '0', '8-15', '10-16'),
(854, 1610612750, '2020-02-01', 'West', 48, 15, 33, '0', '6-18', '9-15'),
(855, 1610612744, '2020-02-01', 'West', 50, 11, 39, '0', '7-17', '4-22'),
(856, 1610612747, '2020-01-31', 'West', 47, 36, 11, '1', '16-6', '20-5'),
(857, 1610612743, '2020-01-31', 'West', 49, 34, 15, '1', '19-6', '15-9'),
(858, 1610612746, '2020-01-31', 'West', 48, 33, 15, '1', '19-5', '14-10'),
(859, 1610612762, '2020-01-31', 'West', 48, 32, 16, '1', '18-4', '14-12'),
(860, 1610612745, '2020-01-31', 'West', 48, 30, 18, '1', '16-7', '14-11'),
(861, 1610612742, '2020-01-31', 'West', 48, 29, 19, '1', '13-12', '16-7'),
(862, 1610612760, '2020-01-31', 'West', 50, 30, 20, '1', '15-10', '15-10'),
(863, 1610612763, '2020-01-31', 'West', 49, 24, 25, '0', '14-13', '10-12'),
(864, 1610612757, '2020-01-31', 'West', 49, 22, 27, '0', '12-11', '10-16'),
(865, 1610612759, '2020-01-31', 'West', 47, 21, 26, '0', '13-12', '8-14'),
(866, 1610612756, '2020-01-31', 'West', 48, 20, 28, '0', '9-17', '11-11'),
(867, 1610612740, '2020-01-31', 'West', 49, 20, 29, '0', '10-15', '10-14'),
(868, 1610612758, '2020-01-31', 'West', 48, 18, 30, '0', '8-14', '10-16'),
(869, 1610612750, '2020-01-31', 'West', 47, 15, 32, '0', '6-18', '9-14'),
(870, 1610612744, '2020-01-31', 'West', 49, 10, 39, '0', '7-17', '3-22'),
(871, 1610612747, '2020-01-30', 'West', 46, 36, 10, '1', '16-5', '20-5'),
(872, 1610612743, '2020-01-30', 'West', 48, 33, 15, '1', '19-6', '14-9'),
(873, 1610612746, '2020-01-30', 'West', 48, 33, 15, '1', '19-5', '14-10'),
(874, 1610612762, '2020-01-30', 'West', 48, 32, 16, '1', '18-4', '14-12'),
(875, 1610612742, '2020-01-30', 'West', 47, 29, 18, '1', '13-12', '16-6'),
(876, 1610612745, '2020-01-30', 'West', 47, 29, 18, '1', '15-7', '14-11'),
(877, 1610612760, '2020-01-30', 'West', 49, 29, 20, '1', '15-10', '14-10'),
(878, 1610612763, '2020-01-30', 'West', 48, 24, 24, '1', '14-13', '10-11'),
(879, 1610612759, '2020-01-30', 'West', 47, 21, 26, '0', '13-12', '8-14'),
(880, 1610612757, '2020-01-30', 'West', 48, 21, 27, '0', '12-11', '9-16'),
(881, 1610612756, '2020-01-30', 'West', 47, 20, 27, '0', '9-16', '11-11'),
(882, 1610612740, '2020-01-30', 'West', 48, 19, 29, '0', '9-15', '10-14'),
(883, 1610612758, '2020-01-30', 'West', 48, 18, 30, '0', '8-14', '10-16'),
(884, 1610612750, '2020-01-30', 'West', 47, 15, 32, '0', '6-18', '9-14'),
(885, 1610612744, '2020-01-30', 'West', 49, 10, 39, '0', '7-17', '3-22'),
(886, 1610612747, '2020-01-29', 'West', 46, 36, 10, '1', '16-5', '20-5'),
(887, 1610612746, '2020-01-29', 'West', 47, 33, 14, '1', '19-4', '14-10'),
(888, 1610612743, '2020-01-29', 'West', 47, 32, 15, '1', '18-6', '14-9'),
(889, 1610612762, '2020-01-29', 'West', 47, 32, 15, '1', '18-4', '14-11'),
(890, 1610612742, '2020-01-29', 'West', 47, 29, 18, '1', '13-12', '16-6'),
(891, 1610612745, '2020-01-29', 'West', 47, 29, 18, '1', '15-7', '14-11'),
(892, 1610612760, '2020-01-29', 'West', 49, 29, 20, '1', '15-10', '14-10'),
(893, 1610612763, '2020-01-29', 'West', 48, 24, 24, '1', '14-13', '10-11'),
(894, 1610612759, '2020-01-29', 'West', 47, 21, 26, '0', '13-12', '8-14'),
(895, 1610612757, '2020-01-29', 'West', 48, 21, 27, '0', '12-11', '9-16'),
(896, 1610612756, '2020-01-29', 'West', 47, 20, 27, '0', '9-16', '11-11'),
(897, 1610612740, '2020-01-29', 'West', 48, 19, 29, '0', '9-15', '10-14'),
(898, 1610612758, '2020-01-29', 'West', 47, 17, 30, '0', '8-14', '9-16'),
(899, 1610612750, '2020-01-29', 'West', 47, 15, 32, '0', '6-18', '9-14'),
(900, 1610612744, '2020-01-29', 'West', 48, 10, 38, '0', '7-17', '3-21'),
(901, 1610612749, '2020-02-03', 'East', 49, 42, 7, '1', '23-3', '19-4'),
(902, 1610612761, '2020-02-03', 'East', 50, 36, 14, '1', '18-7', '18-7'),
(903, 1610612738, '2020-02-03', 'East', 49, 34, 15, '1', '20-5', '14-10'),
(904, 1610612748, '2020-02-03', 'East', 49, 34, 15, '1', '22-3', '12-12'),
(905, 1610612754, '2020-02-03', 'East', 50, 31, 19, '1', '18-7', '13-12'),
(906, 1610612755, '2020-02-03', 'East', 51, 31, 20, '1', '22-2', '9-18'),
(907, 1610612751, '2020-02-03', 'East', 49, 22, 27, '0', '14-12', '8-15'),
(908, 1610612753, '2020-02-03', 'East', 50, 22, 28, '0', '13-12', '9-16'),
(909, 1610612741, '2020-02-03', 'East', 52, 19, 33, '0', '11-15', '8-18'),
(910, 1610612764, '2020-02-03', 'East', 49, 17, 32, '0', '11-12', '6-20'),
(911, 1610612765, '2020-02-03', 'East', 52, 18, 34, '0', '10-17', '8-17'),
(912, 1610612766, '2020-02-03', 'East', 50, 16, 34, '0', '8-16', '8-18'),
(913, 1610612752, '2020-02-03', 'East', 51, 15, 36, '0', '7-18', '8-18'),
(914, 1610612737, '2020-02-03', 'East', 51, 13, 38, '0', '8-17', '5-21'),
(915, 1610612739, '2020-02-03', 'East', 51, 13, 38, '0', '6-21', '7-17'),
(916, 1610612749, '2020-02-02', 'East', 49, 42, 7, '1', '23-3', '19-4'),
(917, 1610612761, '2020-02-02', 'East', 50, 36, 14, '1', '18-7', '18-7'),
(918, 1610612738, '2020-02-02', 'East', 48, 33, 15, '1', '20-5', '13-10'),
(919, 1610612748, '2020-02-02', 'East', 48, 33, 15, '1', '21-3', '12-12'),
(920, 1610612754, '2020-02-02', 'East', 49, 31, 18, '1', '18-6', '13-12'),
(921, 1610612755, '2020-02-02', 'East', 50, 31, 19, '1', '22-2', '9-17'),
(922, 1610612751, '2020-02-02', 'East', 48, 21, 27, '0', '13-12', '8-15'),
(923, 1610612753, '2020-02-02', 'East', 49, 21, 28, '0', '13-12', '8-16'),
(924, 1610612741, '2020-02-02', 'East', 52, 19, 33, '0', '11-15', '8-18'),
(925, 1610612764, '2020-02-02', 'East', 48, 17, 31, '0', '11-11', '6-20'),
(926, 1610612765, '2020-02-02', 'East', 51, 18, 33, '0', '10-17', '8-16'),
(927, 1610612766, '2020-02-02', 'East', 49, 16, 33, '0', '8-15', '8-18'),
(928, 1610612752, '2020-02-02', 'East', 50, 14, 36, '0', '7-18', '7-18'),
(929, 1610612737, '2020-02-02', 'East', 50, 13, 37, '0', '8-16', '5-21'),
(930, 1610612739, '2020-02-02', 'East', 50, 13, 37, '0', '6-20', '7-17'),
(931, 1610612749, '2020-02-01', 'East', 48, 41, 7, '1', '22-3', '19-4'),
(932, 1610612761, '2020-02-01', 'East', 49, 35, 14, '1', '17-7', '18-7'),
(933, 1610612738, '2020-02-01', 'East', 48, 33, 15, '1', '20-5', '13-10'),
(934, 1610612748, '2020-02-01', 'East', 48, 33, 15, '1', '21-3', '12-12'),
(935, 1610612754, '2020-02-01', 'East', 49, 31, 18, '1', '18-6', '13-12'),
(936, 1610612755, '2020-02-01', 'East', 50, 31, 19, '1', '22-2', '9-17'),
(937, 1610612751, '2020-02-01', 'East', 48, 21, 27, '0', '13-12', '8-15'),
(938, 1610612753, '2020-02-01', 'East', 49, 21, 28, '0', '13-12', '8-16'),
(939, 1610612741, '2020-02-01', 'East', 51, 19, 32, '0', '11-15', '8-17'),
(940, 1610612764, '2020-02-01', 'East', 48, 17, 31, '0', '11-11', '6-20'),
(941, 1610612765, '2020-02-01', 'East', 50, 17, 33, '0', '9-17', '8-16'),
(942, 1610612766, '2020-02-01', 'East', 49, 16, 33, '0', '8-15', '8-18'),
(943, 1610612752, '2020-02-01', 'East', 50, 14, 36, '0', '7-18', '7-18'),
(944, 1610612737, '2020-02-01', 'East', 50, 13, 37, '0', '8-16', '5-21'),
(945, 1610612739, '2020-02-01', 'East', 50, 13, 37, '0', '6-20', '7-17'),
(946, 1610612749, '2020-01-31', 'East', 48, 41, 7, '1', '22-3', '19-4'),
(947, 1610612761, '2020-01-31', 'East', 49, 35, 14, '1', '17-7', '18-7'),
(948, 1610612738, '2020-01-31', 'East', 47, 32, 15, '1', '19-5', '13-10'),
(949, 1610612748, '2020-01-31', 'East', 47, 32, 15, '1', '21-3', '11-12'),
(950, 1610612754, '2020-01-31', 'East', 48, 31, 17, '1', '18-5', '13-12'),
(951, 1610612755, '2020-01-31', 'East', 49, 31, 18, '1', '22-2', '9-16'),
(952, 1610612751, '2020-01-31', 'East', 47, 21, 26, '0', '13-12', '8-14'),
(953, 1610612753, '2020-01-31', 'East', 48, 21, 27, '0', '13-11', '8-16'),
(954, 1610612741, '2020-01-31', 'East', 51, 19, 32, '0', '11-15', '8-17'),
(955, 1610612765, '2020-01-31', 'East', 50, 17, 33, '0', '9-17', '8-16'),
(956, 1610612764, '2020-01-31', 'East', 47, 16, 31, '0', '10-11', '6-20'),
(957, 1610612766, '2020-01-31', 'East', 48, 16, 32, '0', '8-15', '8-17'),
(958, 1610612737, '2020-01-31', 'East', 49, 13, 36, '0', '8-16', '5-20'),
(959, 1610612739, '2020-01-31', 'East', 49, 13, 36, '0', '6-19', '7-17'),
(960, 1610612752, '2020-01-31', 'East', 49, 13, 36, '0', '7-18', '6-18'),
(961, 1610612749, '2020-01-30', 'East', 47, 41, 6, '1', '22-2', '19-4'),
(962, 1610612761, '2020-01-30', 'East', 48, 34, 14, '1', '17-7', '17-7'),
(963, 1610612738, '2020-01-30', 'East', 47, 32, 15, '1', '19-5', '13-10'),
(964, 1610612748, '2020-01-30', 'East', 47, 32, 15, '1', '21-3', '11-12'),
(965, 1610612754, '2020-01-30', 'East', 48, 31, 17, '1', '18-5', '13-12'),
(966, 1610612755, '2020-01-30', 'East', 49, 31, 18, '1', '22-2', '9-16'),
(967, 1610612753, '2020-01-30', 'East', 48, 21, 27, '0', '13-11', '8-16'),
(968, 1610612751, '2020-01-30', 'East', 46, 20, 26, '0', '12-12', '8-14'),
(969, 1610612741, '2020-01-30', 'East', 50, 19, 31, '0', '11-15', '8-16'),
(970, 1610612765, '2020-01-30', 'East', 49, 17, 32, '0', '9-16', '8-16'),
(971, 1610612764, '2020-01-30', 'East', 47, 16, 31, '0', '10-11', '6-20'),
(972, 1610612766, '2020-01-30', 'East', 48, 16, 32, '0', '8-15', '8-17'),
(973, 1610612737, '2020-01-30', 'East', 49, 13, 36, '0', '8-16', '5-20'),
(974, 1610612739, '2020-01-30', 'East', 49, 13, 36, '0', '6-19', '7-17'),
(975, 1610612752, '2020-01-30', 'East', 49, 13, 36, '0', '7-18', '6-18'),
(976, 1610612749, '2020-01-29', 'East', 47, 41, 6, '1', '22-2', '19-4'),
(977, 1610612761, '2020-01-29', 'East', 47, 33, 14, '1', '17-7', '16-7'),
(978, 1610612748, '2020-01-29', 'East', 47, 32, 15, '1', '21-3', '11-12'),
(979, 1610612738, '2020-01-29', 'East', 46, 31, 15, '1', '18-5', '13-10'),
(980, 1610612754, '2020-01-29', 'East', 48, 31, 17, '1', '18-5', '13-12'),
(981, 1610612755, '2020-01-29', 'East', 48, 31, 17, '1', '22-2', '9-15'),
(982, 1610612753, '2020-01-29', 'East', 48, 21, 27, '0', '13-11', '8-16'),
(983, 1610612751, '2020-01-29', 'East', 46, 20, 26, '0', '12-12', '8-14'),
(984, 1610612741, '2020-01-29', 'East', 50, 19, 31, '0', '11-15', '8-16'),
(985, 1610612765, '2020-01-29', 'East', 49, 17, 32, '0', '9-16', '8-16'),
(986, 1610612766, '2020-01-29', 'East', 47, 16, 31, '0', '8-15', '8-16'),
(987, 1610612764, '2020-01-29', 'East', 46, 15, 31, '0', '9-11', '6-20'),
(988, 1610612739, '2020-01-29', 'East', 48, 13, 35, '0', '6-18', '7-17'),
(989, 1610612752, '2020-01-29', 'East', 49, 13, 36, '0', '7-18', '6-18'),
(990, 1610612737, '2020-01-29', 'East', 48, 12, 36, '0', '7-16', '5-20'),
(991, 1610612747, '2020-01-28', 'West', 46, 36, 10, '1', '16-5', '20-5'),
(992, 1610612746, '2020-01-28', 'West', 47, 33, 14, '1', '19-4', '14-10'),
(993, 1610612762, '2020-01-28', 'West', 46, 32, 14, '1', '18-4', '14-10'),
(994, 1610612743, '2020-01-28', 'West', 47, 32, 15, '1', '18-6', '14-9'),
(995, 1610612745, '2020-01-28', 'West', 46, 29, 17, '1', '15-7', '14-10'),
(996, 1610612742, '2020-01-28', 'West', 47, 29, 18, '1', '13-12', '16-6'),
(997, 1610612760, '2020-01-28', 'West', 48, 28, 20, '1', '15-10', '13-10'),
(998, 1610612763, '2020-01-28', 'West', 47, 23, 24, '0', '14-13', '9-11'),
(999, 1610612759, '2020-01-28', 'West', 46, 20, 26, '0', '12-12', '8-14'),
(1000, 1610612756, '2020-01-28', 'West', 47, 20, 27, '0', '9-16', '11-11');

-- --------------------------------------------------------

--
-- Estrutura da tabela `teams`
--

CREATE TABLE `teams` (
  `team_id` int(11) NOT NULL,
  `min_year` int(11) DEFAULT NULL,
  `max_year` int(11) DEFAULT NULL,
  `abbreviation` varchar(3) DEFAULT NULL,
  `nickname` varchar(50) DEFAULT NULL,
  `year_founded` int(11) DEFAULT NULL,
  `city` varchar(50) DEFAULT NULL,
  `arena` varchar(50) DEFAULT NULL,
  `arena_capacity` int(11) DEFAULT NULL,
  `owner` varchar(50) DEFAULT NULL,
  `general_manager` varchar(50) DEFAULT NULL,
  `head_coach` varchar(50) DEFAULT NULL,
  `d_league_affiliation` varchar(50) DEFAULT NULL
) ENGINE=InnoDB DEFAULT CHARSET=utf8mb4;

--
-- Extraindo dados da tabela `teams`
--

INSERT INTO `teams` (`team_id`, `min_year`, `max_year`, `abbreviation`, `nickname`, `year_founded`, `city`, `arena`, `arena_capacity`, `owner`, `general_manager`, `head_coach`, `d_league_affiliation`) VALUES
(1610612737, 1949, 2019, 'ATL', 'Hawks', 1949, 'Atlanta', 'State Farm Arena', 18729, 'Tony Ressler', 'Travis Schlenk', 'Lloyd Pierce', 'Erie Bayhawks'),
(1610612738, 1946, 2019, 'BOS', 'Celtics', 1946, 'Boston', 'TD Garden', 18624, 'Wyc Grousbeck', 'Danny Ainge', 'Brad Stevens', 'Maine Red Claws'),
(1610612739, 1970, 2019, 'CLE', 'Cavaliers', 1970, 'Cleveland', 'Quicken Loans Arena', 20562, 'Dan Gilbert', 'Koby Altman', 'John Beilein', 'Canton Charge'),
(1610612740, 2002, 2019, 'NOP', 'Pelicans', 2002, 'New Orleans', 'Smoothie King Center', 0, 'Tom Benson', 'Trajan Langdon', 'Alvin Gentry', 'No Affiliate'),
(1610612741, 1966, 2019, 'CHI', 'Bulls', 1966, 'Chicago', 'United Center', 21711, 'Jerry Reinsdorf', 'Gar Forman', 'Jim Boylen', 'Windy City Bulls'),
(1610612742, 1980, 2019, 'DAL', 'Mavericks', 1980, 'Dallas', 'American Airlines Center', 19200, 'Mark Cuban', 'Donnie Nelson', 'Rick Carlisle', 'Texas Legends'),
(1610612743, 1976, 2019, 'DEN', 'Nuggets', 1976, 'Denver', 'Pepsi Center', 19099, 'Stan Kroenke', 'Tim Connelly', 'Michael Malone', 'No Affiliate'),
(1610612744, 1946, 2019, 'GSW', 'Warriors', 1946, 'Golden State', 'Chase Center', 19596, 'Joe Lacob', 'Bob Myers', 'Steve Kerr', 'Santa Cruz Warriors'),
(1610612745, 1967, 2019, 'HOU', 'Rockets', 1967, 'Houston', 'Toyota Center', 18104, 'Tilman Fertitta', 'Daryl Morey', 'Mike D\'Antoni', 'Rio Grande Valley Vipers'),
(1610612746, 1970, 2019, 'LAC', 'Clippers', 1970, 'Los Angeles', 'Staples Center', 19060, 'Steve Ballmer', 'Michael Winger', 'Doc Rivers', 'Agua Caliente Clippers of Ontario'),
(1610612747, 1948, 2019, 'LAL', 'Lakers', 1948, 'Los Angeles', 'Staples Center', 19060, 'Jerry Buss Family Trust', 'Rob Pelinka', 'Frank Vogel', 'South Bay Lakers'),
(1610612748, 1988, 2019, 'MIA', 'Heat', 1988, 'Miami', 'AmericanAirlines Arena', 19600, 'Micky Arison', 'Pat Riley', 'Erik Spoelstra', 'Sioux Falls Skyforce'),
(1610612749, 1968, 2019, 'MIL', 'Bucks', 1968, 'Milwaukee', 'Fiserv Forum', 17500, 'Wesley Edens & Marc Lasry', 'Jon Horst', 'Mike Budenholzer', 'Wisconsin Herd'),
(1610612750, 1989, 2019, 'MIN', 'Timberwolves', 1989, 'Minnesota', 'Target Center', 19356, 'Glen Taylor', 'Scott Layden', 'Ryan Saunders', 'Iowa Wolves'),
(1610612751, 1976, 2019, 'BKN', 'Nets', 1976, 'Brooklyn', 'Barclays Center', 0, 'Joe Tsai', 'Sean Marks', 'Kenny Atkinson', 'Long Island Nets'),
(1610612752, 1946, 2019, 'NYK', 'Knicks', 1946, 'New York', 'Madison Square Garden', 19763, 'Cablevision (James Dolan)', 'Steve Mills', 'David Fizdale', 'Westchester Knicks'),
(1610612753, 1989, 2019, 'ORL', 'Magic', 1989, 'Orlando', 'Amway Center', 0, 'Rick DeVos', 'John Hammond', 'Steve Clifford', 'Lakeland Magic'),
(1610612754, 1976, 2019, 'IND', 'Pacers', 1976, 'Indiana', 'Bankers Life Fieldhouse', 18345, 'Herb Simon', 'Kevin Pritchard', 'Nate McMillan', 'Fort Wayne Mad Ants'),
(1610612755, 1949, 2019, 'PHI', '76ers', 1949, 'Philadelphia', 'Wells Fargo Center', 0, 'Joshua Harris', 'Elton Brand', 'Brett Brown', 'Delaware Blue Coats'),
(1610612756, 1968, 2019, 'PHX', 'Suns', 1968, 'Phoenix', 'Talking Stick Resort Arena', 0, 'Robert Sarver', 'James Jones', 'Monty Williams', 'Northern Arizona Suns'),
(1610612757, 1970, 2019, 'POR', 'Trail Blazers', 1970, 'Portland', 'Moda Center', 19980, 'Paul Allen', 'Neil Olshey', 'Terry Stotts', 'No Affiliate'),
(1610612758, 1948, 2019, 'SAC', 'Kings', 1948, 'Sacramento', 'Golden 1 Center', 17500, 'Vivek Ranadive', 'Vlade Divac', 'Luke Walton', 'Stockton Kings'),
(1610612759, 1976, 2019, 'SAS', 'Spurs', 1976, 'San Antonio', 'AT&T Center', 18694, 'Peter Holt', 'Brian Wright', 'Gregg Popovich', 'Austin Spurs'),
(1610612760, 1967, 2019, 'OKC', 'Thunder', 1967, 'Oklahoma City', 'Chesapeake Energy Arena', 19163, 'Clay Bennett', 'Sam Presti', 'Billy Donovan', 'Oklahoma City Blue'),
(1610612761, 1995, 2019, 'TOR', 'Raptors', 1995, 'Toronto', 'Scotiabank Arena', 19800, 'Maple Leaf Sports and Entertainment', 'Masai Ujiri', 'Nick Nurse', 'Raptors 905'),
(1610612762, 1974, 2019, 'UTA', 'Jazz', 1974, 'Utah', 'Vivint Smart Home Arena', 20148, 'Greg Miller', 'Dennis Lindsey', 'Quin Snyder', 'Salt Lake City Stars'),
(1610612763, 1995, 2019, 'MEM', 'Grizzlies', 1995, 'Memphis', 'FedExForum', 18119, 'Robert Pera', 'Zach Kleiman', 'Taylor Jenkins', 'Memphis Hustle'),
(1610612764, 1961, 2019, 'WAS', 'Wizards', 1961, 'Washington', 'Capital One Arena', 20647, 'Ted Leonsis', 'Tommy Sheppard', 'Scott Brooks', 'Capital City Go-Go'),
(1610612765, 1948, 2019, 'DET', 'Pistons', 1948, 'Detroit', 'Little Caesars Arena', 21000, 'Tom Gores', 'Ed Stefanski', 'Dwane Casey', 'Grand Rapids Drive'),
(1610612766, 1988, 2019, 'CHA', 'Hornets', 1988, 'Charlotte', 'Spectrum Center', 19026, 'Michael Jordan', 'Mitch Kupchak', 'James Borrego', 'Greensboro Swarm');

--
-- Índices para tabelas despejadas
--

--
-- Índices para tabela `games`
--
ALTER TABLE `games`
  ADD PRIMARY KEY (`game_id`),
  ADD KEY `home_team_id` (`home_team_id`),
  ADD KEY `visitor_team_id` (`visitor_team_id`);

--
-- Índices para tabela `games_details`
--
ALTER TABLE `games_details`
  ADD PRIMARY KEY (`game_details_id`),
  ADD KEY `game_id` (`game_id`),
  ADD KEY `team_id` (`team_id`),
  ADD KEY `player_id` (`player_id`);

--
-- Índices para tabela `players`
--
ALTER TABLE `players`
  ADD PRIMARY KEY (`player_id`),
  ADD KEY `team_id` (`team_id`);

--
-- Índices para tabela `ranking`
--
ALTER TABLE `ranking`
  ADD PRIMARY KEY (`ranking_id`),
  ADD KEY `team_id` (`team_id`);

--
-- Índices para tabela `teams`
--
ALTER TABLE `teams`
  ADD PRIMARY KEY (`team_id`);

--
-- Restrições para despejos de tabelas
--

--
-- Limitadores para a tabela `games`
--
ALTER TABLE `games`
  ADD CONSTRAINT `games_ibfk_1` FOREIGN KEY (`home_team_id`) REFERENCES `teams` (`team_id`),
  ADD CONSTRAINT `games_ibfk_2` FOREIGN KEY (`visitor_team_id`) REFERENCES `teams` (`team_id`);

--
-- Limitadores para a tabela `games_details`
--
ALTER TABLE `games_details`
  ADD CONSTRAINT `games_details_ibfk_1` FOREIGN KEY (`game_id`) REFERENCES `games` (`game_id`),
  ADD CONSTRAINT `games_details_ibfk_2` FOREIGN KEY (`team_id`) REFERENCES `teams` (`team_id`),
  ADD CONSTRAINT `games_details_ibfk_3` FOREIGN KEY (`player_id`) REFERENCES `players` (`player_id`);

--
-- Limitadores para a tabela `players`
--
ALTER TABLE `players`
  ADD CONSTRAINT `players_ibfk_1` FOREIGN KEY (`team_id`) REFERENCES `teams` (`team_id`);

--
-- Limitadores para a tabela `ranking`
--
ALTER TABLE `ranking`
  ADD CONSTRAINT `ranking_ibfk_1` FOREIGN KEY (`team_id`) REFERENCES `teams` (`team_id`);
COMMIT;

/*!40101 SET CHARACTER_SET_CLIENT=@OLD_CHARACTER_SET_CLIENT */;
/*!40101 SET CHARACTER_SET_RESULTS=@OLD_CHARACTER_SET_RESULTS */;
/*!40101 SET COLLATION_CONNECTION=@OLD_COLLATION_CONNECTION */;
