RANKING_ID,TEAM_ID,STANDINGSDATE,CONFERENCE,G,W,L,W_PCT,HOME_RECORD,ROAD_RECORD
1,1610612747,2020-03-01,West,59,46,13,0.78,21-7,25-6
2,1610612743,2020-03-01,West,60,41,19,0.68,24-7,17-12
3,1610612746,2020-03-01,West,60,41,19,0.68,25-6,16-13
4,1610612745,2020-03-01,West,59,39,20,0.66,21-8,18-12
5,1610612762,2020-03-01,West,59,37,22,0.63,21-9,16-13
6,1610612760,2020-03-01,West,60,37,23,0.62,20-12,17-11
7,1610612742,2020-03-01,West,61,37,24,0.61,16-14,21-10
8,1610612763,2020-03-01,West,60,29,31,0.48,17-14,12-17
9,1610612740,2020-03-01,West,60,26,34,0.43,12-18,14-16
10,1610612758,2020-03-01,West,60,26,34,0.43,13-15,13-19
11,1610612759,2020-03-01,West,58,25,33,0.43,15-13,10-20
12,1610612757,2020-03-01,West,61,26,35,0.43,16-13,10-22
13,1610612756,2020-03-01,West,61,24,37,0.39,11-21,13-16
14,1610612750,2020-03-01,West,59,17,42,0.29,7-22,10-20
15,1610612744,2020-03-01,West,61,13,48,0.21,7-24,6-24
16,1610612747,2020-02-29,West,58,45,13,0.78,21-7,24-6
17,1610612743,2020-02-29,West,59,40,19,0.68,23-7,17-12
18,1610612746,2020-02-29,West,59,40,19,0.68,24-6,16-13
19,1610612745,2020-02-29,West,59,39,20,0.66,21-8,18-12
20,1610612762,2020-02-29,West,59,37,22,0.63,21-9,16-13
21,1610612760,2020-02-29,West,60,37,23,0.62,20-12,17-11
22,1610612742,2020-02-29,West,60,36,24,0.6,16-14,20-10
23,1610612763,2020-02-29,West,60,29,31,0.48,17-14,12-17
24,1610612740,2020-02-29,West,59,26,33,0.44,12-17,14-16
25,1610612759,2020-02-29,West,58,25,33,0.43,15-13,10-20
26,1610612757,2020-02-29,West,61,26,35,0.43,16-13,10-22
27,1610612758,2020-02-29,West,59,25,34,0.42,12-15,13-19
28,1610612756,2020-02-29,West,61,24,37,0.39,11-21,13-16
29,1610612750,2020-02-29,West,58,17,41,0.29,7-21,10-20
30,1610612744,2020-02-29,West,60,13,47,0.22,7-23,6-24
31,1610612747,2020-02-28,West,57,45,12,0.79,21-7,24-5
32,1610612743,2020-02-28,West,59,40,19,0.68,23-7,17-12
33,1610612746,2020-02-28,West,59,40,19,0.68,24-6,16-13
34,1610612745,2020-02-28,West,58,38,20,0.66,21-8,17-12
35,1610612762,2020-02-28,West,59,37,22,0.63,21-9,16-13
36,1610612760,2020-02-28,West,60,37,23,0.62,20-12,17-11
37,1610612742,2020-02-28,West,60,36,24,0.6,16-14,20-10
38,1610612763,2020-02-28,West,59,28,31,0.47,16-14,12-17
39,1610612740,2020-02-28,West,59,26,33,0.44,12-17,14-16
40,1610612757,2020-02-28,West,60,26,34,0.43,16-13,10-21
41,1610612758,2020-02-28,West,59,25,34,0.42,12-15,13-19
42,1610612759,2020-02-28,West,57,24,33,0.42,14-13,10-20
43,1610612756,2020-02-28,West,60,24,36,0.4,11-20,13-16
44,1610612750,2020-02-28,West,58,17,41,0.29,7-21,10-20
45,1610612744,2020-02-28,West,59,12,47,0.2,7-23,5-24
46,1610612747,2020-02-27,West,57,45,12,0.79,21-7,24-5
47,1610612743,2020-02-27,West,58,40,18,0.69,23-7,17-11
48,1610612746,2020-02-27,West,58,39,19,0.67,23-6,16-13
49,1610612745,2020-02-27,West,58,38,20,0.66,21-8,17-12
50,1610612760,2020-02-27,West,59,37,22,0.63,20-12,17-10
51,1610612762,2020-02-27,West,58,36,22,0.62,20-9,16-13
52,1610612742,2020-02-27,West,59,36,23,0.61,16-14,20-9
53,1610612763,2020-02-27,West,58,28,30,0.48,16-13,12-17
54,1610612757,2020-02-27,West,60,26,34,0.43,16-13,10-21
55,1610612740,2020-02-27,West,58,25,33,0.43,11-17,14-16
56,1610612759,2020-02-27,West,57,24,33,0.42,14-13,10-20
57,1610612758,2020-02-27,West,58,24,34,0.41,12-15,12-19
58,1610612756,2020-02-27,West,59,24,35,0.41,11-19,13-16
59,1610612750,2020-02-27,West,57,17,40,0.3,7-21,10-19
60,1610612744,2020-02-27,West,59,12,47,0.2,7-23,5-24
61,1610612747,2020-02-26,West,56,44,12,0.79,21-7,23-5
62,1610612743,2020-02-26,West,58,40,18,0.69,23-7,17-11
63,1610612746,2020-02-26,West,58,39,19,0.67,23-6,16-13
64,1610612745,2020-02-26,West,58,38,20,0.66,21-8,17-12
65,1610612760,2020-02-26,West,58,36,22,0.62,19-12,17-10
66,1610612762,2020-02-26,West,58,36,22,0.62,20-9,16-13
67,1610612742,2020-02-26,West,59,36,23,0.61,16-14,20-9
68,1610612763,2020-02-26,West,58,28,30,0.48,16-13,12-17
69,1610612757,2020-02-26,West,59,26,33,0.44,16-13,10-20
70,1610612740,2020-02-26,West,58,25,33,0.43,11-17,14-16
71,1610612758,2020-02-26,West,57,24,33,0.42,12-15,12-18
72,1610612759,2020-02-26,West,57,24,33,0.42,14-13,10-20
73,1610612756,2020-02-26,West,59,24,35,0.41,11-19,13-16
74,1610612750,2020-02-26,West,57,17,40,0.3,7-21,10-19
75,1610612744,2020-02-26,West,58,12,46,0.21,7-22,5-24
76,1610612747,2020-02-25,West,56,44,12,0.79,21-7,23-5
77,1610612743,2020-02-25,West,58,40,18,0.69,23-7,17-11
78,1610612746,2020-02-25,West,57,38,19,0.67,23-6,15-13
79,1610612745,2020-02-25,West,57,37,20,0.65,20-8,17-12
80,1610612762,2020-02-25,West,57,36,21,0.63,20-8,16-13
81,1610612760,2020-02-25,West,58,36,22,0.62,19-12,17-10
82,1610612742,2020-02-25,West,58,35,23,0.6,16-14,19-9
83,1610612763,2020-02-25,West,57,28,29,0.49,16-13,12-16
84,1610612757,2020-02-25,West,59,26,33,0.44,16-13,10-20
85,1610612740,2020-02-25,West,58,25,33,0.43,11-17,14-16
86,1610612759,2020-02-25,West,56,24,32,0.43,14-12,10-20
87,1610612758,2020-02-25,West,57,24,33,0.42,12-15,12-18
88,1610612756,2020-02-25,West,58,24,34,0.41,11-18,13-16
89,1610612750,2020-02-25,West,56,16,40,0.29,7-21,9-19
90,1610612744,2020-02-25,West,58,12,46,0.21,7-22,5-24
91,1610612747,2020-02-24,West,55,43,12,0.78,20-7,23-5
92,1610612743,2020-02-24,West,57,39,18,0.68,22-7,17-11
93,1610612746,2020-02-24,West,57,38,19,0.67,23-6,15-13
94,1610612745,2020-02-24,West,57,37,20,0.65,20-8,17-12
95,1610612762,2020-02-24,West,57,36,21,0.63,20-8,16-13
96,1610612760,2020-02-24,West,57,35,22,0.61,19-12,16-10
97,1610612742,2020-02-24,West,58,35,23,0.6,16-14,19-9
98,1610612763,2020-02-24,West,57,28,29,0.49,16-13,12-16
99,1610612757,2020-02-24,West,58,26,32,0.45,16-12,10-20
100,1610612740,2020-02-24,West,57,25,32,0.44,11-17,14-15
101,1610612759,2020-02-24,West,56,24,32,0.43,14-12,10-20
102,1610612756,2020-02-24,West,58,24,34,0.41,11-18,13-16
103,1610612758,2020-02-24,West,56,23,33,0.41,12-15,11-18
104,1610612750,2020-02-24,West,56,16,40,0.29,7-21,9-19
105,1610612744,2020-02-24,West,57,12,45,0.21,7-21,5-24
106,1610612747,2020-02-23,West,55,43,12,0.78,20-7,23-5
107,1610612743,2020-02-23,West,57,39,18,0.68,22-7,17-11
108,1610612746,2020-02-23,West,56,37,19,0.66,22-6,15-13
109,1610612745,2020-02-23,West,56,36,20,0.64,19-8,17-12
110,1610612762,2020-02-23,West,56,36,20,0.64,20-7,16-13
111,1610612760,2020-02-23,West,57,35,22,0.61,19-12,16-10
112,1610612742,2020-02-23,West,57,34,23,0.6,15-14,19-9
113,1610612763,2020-02-23,West,56,28,28,0.5,16-13,12-15
114,1610612757,2020-02-23,West,58,26,32,0.45,16-12,10-20
115,1610612740,2020-02-23,West,57,25,32,0.44,11-17,14-15
116,1610612759,2020-02-23,West,56,24,32,0.43,14-12,10-20
117,1610612758,2020-02-23,West,56,23,33,0.41,12-15,11-18
118,1610612756,2020-02-23,West,57,23,34,0.4,11-18,12-16
119,1610612750,2020-02-23,West,55,16,39,0.29,7-21,9-18
120,1610612744,2020-02-23,West,57,12,45,0.21,7-21,5-24
121,1610612747,2020-02-22,West,54,42,12,0.78,19-7,23-5
122,1610612743,2020-02-22,West,56,38,18,0.68,21-7,17-11
123,1610612746,2020-02-22,West,56,37,19,0.66,22-6,15-13
124,1610612745,2020-02-22,West,56,36,20,0.64,19-8,17-12
125,1610612762,2020-02-22,West,56,36,20,0.64,20-7,16-13
126,1610612760,2020-02-22,West,56,34,22,0.61,18-12,16-10
127,1610612742,2020-02-22,West,57,34,23,0.6,15-14,19-9
128,1610612763,2020-02-22,West,56,28,28,0.5,16-13,12-15
129,1610612757,2020-02-22,West,57,25,32,0.44,15-12,10-20
130,1610612759,2020-02-22,West,55,24,31,0.44,14-12,10-19
131,1610612740,2020-02-22,West,56,24,32,0.43,11-17,13-15
132,1610612758,2020-02-22,West,56,23,33,0.41,12-15,11-18
133,1610612756,2020-02-22,West,57,23,34,0.4,11-18,12-16
134,1610612750,2020-02-22,West,54,16,38,0.3,7-21,9-17
135,1610612744,2020-02-22,West,56,12,44,0.21,7-20,5-24
136,1610612747,2020-02-21,West,54,42,12,0.78,19-7,23-5
137,1610612743,2020-02-21,West,56,38,18,0.68,21-7,17-11
138,1610612746,2020-02-21,West,55,37,18,0.67,22-5,15-13
139,1610612762,2020-02-21,West,55,36,19,0.65,20-6,16-13
140,1610612745,2020-02-21,West,55,35,20,0.64,19-8,16-12
141,1610612742,2020-02-21,West,56,34,22,0.61,15-14,19-8
142,1610612760,2020-02-21,West,56,34,22,0.61,18-12,16-10
143,1610612763,2020-02-21,West,56,28,28,0.5,16-13,12-15
144,1610612757,2020-02-21,West,57,25,32,0.44,15-12,10-20
145,1610612759,2020-02-21,West,55,24,31,0.44,14-12,10-19
146,1610612740,2020-02-21,West,56,24,32,0.43,11-17,13-15
147,1610612758,2020-02-21,West,55,22,33,0.4,12-15,10-18
148,1610612756,2020-02-21,West,56,22,34,0.39,11-18,11-16
149,1610612750,2020-02-21,West,54,16,38,0.3,7-21,9-17
150,1610612744,2020-02-21,West,56,12,44,0.21,7-20,5-24
151,1610612747,2020-02-20,West,53,41,12,0.77,18-7,23-5
152,1610612743,2020-02-20,West,55,38,17,0.69,21-7,17-10
153,1610612746,2020-02-20,West,55,37,18,0.67,22-5,15-13
154,1610612762,2020-02-20,West,54,36,18,0.67,20-5,16-13
155,1610612745,2020-02-20,West,55,35,20,0.64,19-8,16-12
156,1610612742,2020-02-20,West,55,33,22,0.6,15-14,18-8
157,1610612760,2020-02-20,West,55,33,22,0.6,17-12,16-10
158,1610612763,2020-02-20,West,55,28,27,0.51,16-13,12-14
159,1610612757,2020-02-20,West,56,25,31,0.45,15-11,10-20
160,1610612759,2020-02-20,West,54,23,31,0.43,14-12,9-19
161,1610612740,2020-02-20,West,55,23,32,0.42,11-17,12-15
162,1610612756,2020-02-20,West,55,22,33,0.4,11-18,11-15
163,1610612758,2020-02-20,West,55,22,33,0.4,12-15,10-18
164,1610612750,2020-02-20,West,53,16,37,0.3,7-20,9-17
165,1610612744,2020-02-20,West,56,12,44,0.21,7-20,5-24
166,1610612747,2020-02-19,West,53,41,12,0.77,18-7,23-5
167,1610612743,2020-02-19,West,55,38,17,0.69,21-7,17-10
168,1610612746,2020-02-19,West,55,37,18,0.67,22-5,15-13
169,1610612762,2020-02-19,West,54,36,18,0.67,20-5,16-13
170,1610612745,2020-02-19,West,54,34,20,0.63,19-8,15-12
171,1610612742,2020-02-19,West,55,33,22,0.6,15-14,18-8
172,1610612760,2020-02-19,West,55,33,22,0.6,17-12,16-10
173,1610612763,2020-02-19,West,54,28,26,0.52,16-13,12-13
174,1610612757,2020-02-19,West,56,25,31,0.45,15-11,10-20
175,1610612759,2020-02-19,West,54,23,31,0.43,14-12,9-19
176,1610612740,2020-02-19,West,55,23,32,0.42,11-17,12-15
177,1610612756,2020-02-19,West,55,22,33,0.4,11-18,11-15
178,1610612758,2020-02-19,West,54,21,33,0.39,11-15,10-18
179,1610612750,2020-02-19,West,53,16,37,0.3,7-20,9-17
180,1610612744,2020-02-19,West,55,12,43,0.22,7-19,5-24
181,1610612747,2020-02-18,West,53,41,12,0.77,18-7,23-5
182,1610612743,2020-02-18,West,55,38,17,0.69,21-7,17-10
183,1610612746,2020-02-18,West,55,37,18,0.67,22-5,15-13
184,1610612762,2020-02-18,West,54,36,18,0.67,20-5,16-13
185,1610612745,2020-02-18,West,54,34,20,0.63,19-8,15-12
186,1610612742,2020-02-18,West,55,33,22,0.6,15-14,18-8
187,1610612760,2020-02-18,West,55,33,22,0.6,17-12,16-10
188,1610612763,2020-02-18,West,54,28,26,0.52,16-13,12-13
189,1610612757,2020-02-18,West,56,25,31,0.45,15-11,10-20
190,1610612759,2020-02-18,West,54,23,31,0.43,14-12,9-19
191,1610612740,2020-02-18,West,55,23,32,0.42,11-17,12-15
192,1610612756,2020-02-18,West,55,22,33,0.4,11-18,11-15
193,1610612758,2020-02-18,West,54,21,33,0.39,11-15,10-18
194,1610612750,2020-02-18,West,53,16,37,0.3,7-20,9-17
195,1610612744,2020-02-18,West,55,12,43,0.22,7-19,5-24
196,1610612747,2020-02-17,West,53,41,12,0.77,18-7,23-5
197,1610612743,2020-02-17,West,55,38,17,0.69,21-7,17-10
198,1610612746,2020-02-17,West,55,37,18,0.67,22-5,15-13
199,1610612762,2020-02-17,West,54,36,18,0.67,20-5,16-13
200,1610612745,2020-02-17,West,54,34,20,0.63,19-8,15-12
201,1610612742,2020-02-17,West,55,33,22,0.6,15-14,18-8
202,1610612760,2020-02-17,West,55,33,22,0.6,17-12,16-10
203,1610612763,2020-02-17,West,54,28,26,0.52,16-13,12-13
204,1610612757,2020-02-17,West,56,25,31,0.45,15-11,10-20
205,1610612759,2020-02-17,West,54,23,31,0.43,14-12,9-19
206,1610612740,2020-02-17,West,55,23,32,0.42,11-17,12-15
207,1610612756,2020-02-17,West,55,22,33,0.4,11-18,11-15
208,1610612758,2020-02-17,West,54,21,33,0.39,11-15,10-18
209,1610612750,2020-02-17,West,53,16,37,0.3,7-20,9-17
210,1610612744,2020-02-17,West,55,12,43,0.22,7-19,5-24
211,1610612747,2020-02-16,West,53,41,12,0.77,18-7,23-5
212,1610612743,2020-02-16,West,55,38,17,0.69,21-7,17-10
213,1610612746,2020-02-16,West,55,37,18,0.67,22-5,15-13
214,1610612762,2020-02-16,West,54,36,18,0.67,20-5,16-13
215,1610612745,2020-02-16,West,54,34,20,0.63,19-8,15-12
216,1610612742,2020-02-16,West,55,33,22,0.6,15-14,18-8
217,1610612760,2020-02-16,West,55,33,22,0.6,17-12,16-10
218,1610612763,2020-02-16,West,54,28,26,0.52,16-13,12-13
219,1610612757,2020-02-16,West,56,25,31,0.45,15-11,10-20
220,1610612759,2020-02-16,West,54,23,31,0.43,14-12,9-19
221,1610612740,2020-02-16,West,55,23,32,0.42,11-17,12-15
222,1610612756,2020-02-16,West,55,22,33,0.4,11-18,11-15
223,1610612758,2020-02-16,West,54,21,33,0.39,11-15,10-18
224,1610612750,2020-02-16,West,53,16,37,0.3,7-20,9-17
225,1610612744,2020-02-16,West,55,12,43,0.22,7-19,5-24
226,1610612747,2020-02-15,West,53,41,12,0.77,18-7,23-5
227,1610612743,2020-02-15,West,55,38,17,0.69,21-7,17-10
228,1610612746,2020-02-15,West,55,37,18,0.67,22-5,15-13
229,1610612762,2020-02-15,West,54,36,18,0.67,20-5,16-13
230,1610612745,2020-02-15,West,54,34,20,0.63,19-8,15-12
231,1610612742,2020-02-15,West,55,33,22,0.6,15-14,18-8
232,1610612760,2020-02-15,West,55,33,22,0.6,17-12,16-10
233,1610612763,2020-02-15,West,54,28,26,0.52,16-13,12-13
234,1610612757,2020-02-15,West,56,25,31,0.45,15-11,10-20
235,1610612759,2020-02-15,West,54,23,31,0.43,14-12,9-19
236,1610612740,2020-02-15,West,55,23,32,0.42,11-17,12-15
237,1610612756,2020-02-15,West,55,22,33,0.4,11-18,11-15
238,1610612758,2020-02-15,West,54,21,33,0.39,11-15,10-18
239,1610612750,2020-02-15,West,53,16,37,0.3,7-20,9-17
240,1610612744,2020-02-15,West,55,12,43,0.22,7-19,5-24
241,1610612747,2020-02-14,West,53,41,12,0.77,18-7,23-5
242,1610612743,2020-02-14,West,55,38,17,0.69,21-7,17-10
243,1610612746,2020-02-14,West,55,37,18,0.67,22-5,15-13
244,1610612762,2020-02-14,West,54,36,18,0.67,20-5,16-13
245,1610612745,2020-02-14,West,54,34,20,0.63,19-8,15-12
246,1610612742,2020-02-14,West,55,33,22,0.6,15-14,18-8
247,1610612760,2020-02-14,West,55,33,22,0.6,17-12,16-10
248,1610612763,2020-02-14,West,54,28,26,0.52,16-13,12-13
249,1610612757,2020-02-14,West,56,25,31,0.45,15-11,10-20
250,1610612759,2020-02-14,West,54,23,31,0.43,14-12,9-19
251,1610612740,2020-02-14,West,55,23,32,0.42,11-17,12-15
252,1610612756,2020-02-14,West,55,22,33,0.4,11-18,11-15
253,1610612758,2020-02-14,West,54,21,33,0.39,11-15,10-18
254,1610612750,2020-02-14,West,53,16,37,0.3,7-20,9-17
255,1610612744,2020-02-14,West,55,12,43,0.22,7-19,5-24
256,1610612747,2020-02-13,West,53,41,12,0.77,18-7,23-5
257,1610612743,2020-02-13,West,55,38,17,0.69,21-7,17-10
258,1610612746,2020-02-13,West,55,37,18,0.67,22-5,15-13
259,1610612762,2020-02-13,West,54,36,18,0.67,20-5,16-13
260,1610612745,2020-02-13,West,54,34,20,0.63,19-8,15-12
261,1610612742,2020-02-13,West,55,33,22,0.6,15-14,18-8
262,1610612760,2020-02-13,West,55,33,22,0.6,17-12,16-10
263,1610612763,2020-02-13,West,54,28,26,0.52,16-13,12-13
264,1610612757,2020-02-13,West,56,25,31,0.45,15-11,10-20
265,1610612759,2020-02-13,West,54,23,31,0.43,14-12,9-19
266,1610612740,2020-02-13,West,55,23,32,0.42,11-17,12-15
267,1610612756,2020-02-13,West,55,22,33,0.4,11-18,11-15
268,1610612758,2020-02-13,West,54,21,33,0.39,11-15,10-18
269,1610612750,2020-02-13,West,53,16,37,0.3,7-20,9-17
270,1610612744,2020-02-13,West,55,12,43,0.22,7-19,5-24
271,1610612747,2020-02-12,West,53,41,12,0.77,18-7,23-5
272,1610612743,2020-02-12,West,55,38,17,0.69,21-7,17-10
273,1610612746,2020-02-12,West,54,37,17,0.69,22-5,15-12
274,1610612762,2020-02-12,West,54,36,18,0.67,20-5,16-13
275,1610612745,2020-02-12,West,54,34,20,0.63,19-8,15-12
276,1610612742,2020-02-12,West,55,33,22,0.6,15-14,18-8
277,1610612760,2020-02-12,West,54,32,22,0.59,17-12,15-10
278,1610612763,2020-02-12,West,54,28,26,0.52,16-13,12-13
279,1610612757,2020-02-12,West,56,25,31,0.45,15-11,10-20
280,1610612740,2020-02-12,West,54,23,31,0.43,11-16,12-15
281,1610612759,2020-02-12,West,54,23,31,0.43,14-12,9-19
282,1610612756,2020-02-12,West,55,22,33,0.4,11-18,11-15
283,1610612758,2020-02-12,West,54,21,33,0.39,11-15,10-18
284,1610612750,2020-02-12,West,53,16,37,0.3,7-20,9-17
285,1610612744,2020-02-12,West,55,12,43,0.22,7-19,5-24
286,1610612747,2020-02-11,West,52,40,12,0.77,18-7,22-5
287,1610612743,2020-02-11,West,54,38,16,0.7,21-6,17-10
288,1610612746,2020-02-11,West,54,37,17,0.69,22-5,15-12
289,1610612762,2020-02-11,West,53,35,18,0.66,19-5,16-13
290,1610612745,2020-02-11,West,54,34,20,0.63,19-8,15-12
291,1610612742,2020-02-11,West,54,32,22,0.59,14-14,18-8
292,1610612760,2020-02-11,West,54,32,22,0.59,17-12,15-10
293,1610612763,2020-02-11,West,53,27,26,0.51,15-13,12-13
294,1610612757,2020-02-11,West,55,25,30,0.45,15-11,10-19
295,1610612740,2020-02-11,West,54,23,31,0.43,11-16,12-15
296,1610612759,2020-02-11,West,54,23,31,0.43,14-12,9-19
297,1610612758,2020-02-11,West,53,21,32,0.4,11-15,10-17
298,1610612756,2020-02-11,West,54,21,33,0.39,10-18,11-15
299,1610612750,2020-02-11,West,52,16,36,0.31,7-19,9-17
300,1610612744,2020-02-11,West,54,12,42,0.22,7-19,5-23
301,1610612747,2020-02-10,West,52,40,12,0.77,18-7,22-5
302,1610612743,2020-02-10,West,54,38,16,0.7,21-6,17-10
303,1610612746,2020-02-10,West,53,37,16,0.7,22-5,15-11
304,1610612762,2020-02-10,West,53,35,18,0.66,19-5,16-13
305,1610612745,2020-02-10,West,53,33,20,0.62,18-8,15-12
306,1610612760,2020-02-10,West,53,32,21,0.6,17-11,15-10
307,1610612742,2020-02-10,West,54,32,22,0.59,14-14,18-8
308,1610612763,2020-02-10,West,53,27,26,0.51,15-13,12-13
309,1610612757,2020-02-10,West,54,25,29,0.46,15-11,10-18
310,1610612740,2020-02-10,West,53,22,31,0.42,10-16,12-15
311,1610612759,2020-02-10,West,53,22,31,0.42,14-12,8-19
312,1610612758,2020-02-10,West,53,21,32,0.4,11-15,10-17
313,1610612756,2020-02-10,West,54,21,33,0.39,10-18,11-15
314,1610612750,2020-02-10,West,52,16,36,0.31,7-19,9-17
315,1610612744,2020-02-10,West,54,12,42,0.22,7-19,5-23
316,1610612747,2020-02-09,West,51,39,12,0.76,17-7,22-5
317,1610612743,2020-02-09,West,53,37,16,0.7,20-6,17-10
318,1610612746,2020-02-09,West,53,37,16,0.7,22-5,15-11
319,1610612762,2020-02-09,West,52,34,18,0.65,19-5,15-13
320,1610612745,2020-02-09,West,53,33,20,0.62,18-8,15-12
321,1610612742,2020-02-09,West,53,32,21,0.6,14-13,18-8
322,1610612760,2020-02-09,West,53,32,21,0.6,17-11,15-10
323,1610612763,2020-02-09,West,53,27,26,0.51,15-13,12-13
324,1610612757,2020-02-09,West,54,25,29,0.46,15-11,10-18
325,1610612759,2020-02-09,West,52,22,30,0.42,14-12,8-18
326,1610612740,2020-02-09,West,53,22,31,0.42,10-16,12-15
327,1610612758,2020-02-09,West,52,21,31,0.4,11-15,10-16
328,1610612756,2020-02-09,West,53,21,32,0.4,10-18,11-14
329,1610612750,2020-02-09,West,51,16,35,0.31,7-19,9-16
330,1610612744,2020-02-09,West,53,12,41,0.23,7-18,5-23
331,1610612747,2020-02-08,West,51,39,12,0.76,17-7,22-5
332,1610612743,2020-02-08,West,53,37,16,0.7,20-6,17-10
333,1610612746,2020-02-08,West,52,36,16,0.69,22-5,14-11
334,1610612762,2020-02-08,West,51,33,18,0.65,19-5,14-13
335,1610612745,2020-02-08,West,52,33,19,0.63,18-7,15-12
336,1610612760,2020-02-08,West,52,32,20,0.62,17-10,15-10
337,1610612742,2020-02-08,West,53,32,21,0.6,14-13,18-8
338,1610612763,2020-02-08,West,52,26,26,0.5,15-13,11-13
339,1610612757,2020-02-08,West,53,24,29,0.45,14-11,10-18
340,1610612759,2020-02-08,West,52,22,30,0.42,14-12,8-18
341,1610612740,2020-02-08,West,53,22,31,0.42,10-16,12-15
342,1610612758,2020-02-08,West,52,21,31,0.4,11-15,10-16
343,1610612756,2020-02-08,West,53,21,32,0.4,10-18,11-14
344,1610612750,2020-02-08,West,51,16,35,0.31,7-19,9-16
345,1610612744,2020-02-08,West,53,12,41,0.23,7-18,5-23
346,1610612747,2020-02-07,West,50,38,12,0.76,17-7,21-5
347,1610612746,2020-02-07,West,51,36,15,0.71,22-5,14-10
348,1610612743,2020-02-07,West,52,36,16,0.69,20-6,16-10
349,1610612762,2020-02-07,West,51,33,18,0.65,19-5,14-13
350,1610612745,2020-02-07,West,52,33,19,0.63,18-7,15-12
351,1610612760,2020-02-07,West,52,32,20,0.62,17-10,15-10
352,1610612742,2020-02-07,West,52,31,21,0.6,14-13,17-8
353,1610612763,2020-02-07,West,52,26,26,0.5,15-13,11-13
354,1610612757,2020-02-07,West,53,24,29,0.45,14-11,10-18
355,1610612759,2020-02-07,West,51,22,29,0.43,14-12,8-17
356,1610612740,2020-02-07,West,52,21,31,0.4,10-16,11-15
357,1610612756,2020-02-07,West,52,21,31,0.4,10-17,11-14
358,1610612758,2020-02-07,West,51,20,31,0.39,10-15,10-16
359,1610612750,2020-02-07,West,50,15,35,0.3,6-19,9-16
360,1610612744,2020-02-07,West,52,12,40,0.23,7-17,5-23
361,1610612747,2020-02-06,West,50,38,12,0.76,17-7,21-5
362,1610612746,2020-02-06,West,51,36,15,0.71,22-5,14-10
363,1610612743,2020-02-06,West,52,36,16,0.69,20-6,16-10
364,1610612745,2020-02-06,West,51,33,18,0.65,18-7,15-11
365,1610612762,2020-02-06,West,50,32,18,0.64,18-5,14-13
366,1610612742,2020-02-06,West,51,31,20,0.61,14-13,17-7
367,1610612760,2020-02-06,West,51,31,20,0.61,16-10,15-10
368,1610612763,2020-02-06,West,51,26,25,0.51,15-13,11-12
369,1610612757,2020-02-06,West,52,24,28,0.46,14-11,10-17
370,1610612759,2020-02-06,West,51,22,29,0.43,14-12,8-17
371,1610612740,2020-02-06,West,52,21,31,0.4,10-16,11-15
372,1610612756,2020-02-06,West,51,20,31,0.39,9-17,11-14
373,1610612758,2020-02-06,West,50,19,31,0.38,9-15,10-16
374,1610612750,2020-02-06,West,50,15,35,0.3,6-19,9-16
375,1610612744,2020-02-06,West,52,12,40,0.23,7-17,5-23
376,1610612747,2020-02-05,West,49,38,11,0.78,17-6,21-5
377,1610612746,2020-02-05,West,51,36,15,0.71,22-5,14-10
378,1610612743,2020-02-05,West,52,36,16,0.69,20-6,16-10
379,1610612745,2020-02-05,West,50,32,18,0.64,18-7,14-11
380,1610612762,2020-02-05,West,50,32,18,0.64,18-5,14-13
381,1610612742,2020-02-05,West,51,31,20,0.61,14-13,17-7
382,1610612760,2020-02-05,West,51,31,20,0.61,16-10,15-10
383,1610612763,2020-02-05,West,51,26,25,0.51,15-13,11-12
384,1610612757,2020-02-05,West,51,23,28,0.45,13-11,10-17
385,1610612759,2020-02-05,West,50,22,28,0.44,14-12,8-16
386,1610612740,2020-02-05,West,51,20,31,0.39,10-16,10-15
387,1610612756,2020-02-05,West,51,20,31,0.39,9-17,11-14
388,1610612758,2020-02-05,West,50,19,31,0.38,9-15,10-16
389,1610612750,2020-02-05,West,50,15,35,0.3,6-19,9-16
390,1610612744,2020-02-05,West,52,12,40,0.23,7-17,5-23
391,1610612747,2020-02-04,West,49,38,11,0.78,17-6,21-5
392,1610612746,2020-02-04,West,50,35,15,0.7,21-5,14-10
393,1610612743,2020-02-04,West,51,35,16,0.69,20-6,15-10
394,1610612762,2020-02-04,West,49,32,17,0.65,18-4,14-13
395,1610612745,2020-02-04,West,50,32,18,0.64,18-7,14-11
396,1610612742,2020-02-04,West,50,31,19,0.62,14-12,17-7
397,1610612760,2020-02-04,West,50,30,20,0.6,15-10,15-10
398,1610612763,2020-02-04,West,50,25,25,0.5,15-13,10-12
399,1610612757,2020-02-04,West,51,23,28,0.45,13-11,10-17
400,1610612759,2020-02-04,West,50,22,28,0.44,14-12,8-16
401,1610612756,2020-02-04,West,50,20,30,0.4,9-17,11-13
402,1610612740,2020-02-04,West,51,20,31,0.39,10-16,10-15
403,1610612758,2020-02-04,West,50,19,31,0.38,9-15,10-16
404,1610612750,2020-02-04,West,49,15,34,0.31,6-18,9-16
405,1610612744,2020-02-04,West,51,12,39,0.24,7-17,5-22
406,1610612749,2020-03-01,East,60,52,8,0.87,27-3,25-5
407,1610612761,2020-03-01,East,60,42,18,0.7,23-9,19-9
408,1610612738,2020-03-01,East,59,41,18,0.69,23-6,18-12
409,1610612748,2020-03-01,East,60,38,22,0.63,25-4,13-18
410,1610612755,2020-03-01,East,61,37,24,0.61,28-2,9-22
411,1610612754,2020-03-01,East,60,36,24,0.6,21-10,15-14
412,1610612753,2020-03-01,East,60,27,33,0.45,16-14,11-19
413,1610612751,2020-03-01,East,59,26,33,0.44,16-13,10-20
414,1610612764,2020-03-01,East,59,22,37,0.37,14-15,8-22
415,1610612766,2020-03-01,East,60,21,39,0.35,9-19,12-20
416,1610612741,2020-03-01,East,60,20,40,0.33,12-19,8-21
417,1610612765,2020-03-01,East,62,20,42,0.32,11-20,9-22
418,1610612737,2020-03-01,East,62,19,43,0.31,13-18,6-25
419,1610612752,2020-03-01,East,60,18,42,0.3,9-20,9-22
420,1610612739,2020-03-01,East,60,17,43,0.28,9-23,8-20
421,1610612749,2020-02-29,East,59,51,8,0.86,27-3,24-5
422,1610612761,2020-02-29,East,59,42,17,0.71,23-9,19-8
423,1610612738,2020-02-29,East,59,41,18,0.69,23-6,18-12
424,1610612748,2020-02-29,East,60,38,22,0.63,25-4,13-18
425,1610612755,2020-02-29,East,60,37,23,0.62,28-2,9-21
426,1610612754,2020-02-29,East,60,36,24,0.6,21-10,15-14
427,1610612753,2020-02-29,East,60,27,33,0.45,16-14,11-19
428,1610612751,2020-02-29,East,59,26,33,0.44,16-13,10-20
429,1610612764,2020-02-29,East,58,21,37,0.36,14-15,7-22
430,1610612766,2020-02-29,East,59,21,38,0.36,9-18,12-20
431,1610612741,2020-02-29,East,60,20,40,0.33,12-19,8-21
432,1610612765,2020-02-29,East,61,20,41,0.33,11-20,9-21
433,1610612737,2020-02-29,East,62,19,43,0.31,13-18,6-25
434,1610612752,2020-02-29,East,60,18,42,0.3,9-20,9-22
435,1610612739,2020-02-29,East,60,17,43,0.28,9-23,8-20
436,1610612749,2020-02-28,East,59,51,8,0.86,27-3,24-5
437,1610612761,2020-02-28,East,59,42,17,0.71,23-9,19-8
438,1610612738,2020-02-28,East,58,41,17,0.71,23-5,18-12
439,1610612748,2020-02-28,East,59,37,22,0.63,24-4,13-18
440,1610612755,2020-02-28,East,60,37,23,0.62,28-2,9-21
441,1610612754,2020-02-28,East,59,35,24,0.59,21-10,14-14
442,1610612753,2020-02-28,East,59,27,32,0.46,16-14,11-18
443,1610612751,2020-02-28,East,58,26,32,0.45,16-13,10-19
444,1610612764,2020-02-28,East,58,21,37,0.36,14-15,7-22
445,1610612766,2020-02-28,East,59,21,38,0.36,9-18,12-20
446,1610612741,2020-02-28,East,59,20,39,0.34,12-19,8-20
447,1610612765,2020-02-28,East,61,20,41,0.33,11-20,9-21
448,1610612737,2020-02-28,East,61,18,43,0.3,12-18,6-25
449,1610612739,2020-02-28,East,59,17,42,0.29,9-22,8-20
450,1610612752,2020-02-28,East,59,17,42,0.29,8-20,9-22
451,1610612749,2020-02-27,East,58,50,8,0.86,26-3,24-5
452,1610612761,2020-02-27,East,58,42,16,0.72,23-8,19-8
453,1610612738,2020-02-27,East,58,41,17,0.71,23-5,18-12
454,1610612748,2020-02-27,East,58,36,22,0.62,23-4,13-18
455,1610612755,2020-02-27,East,60,37,23,0.62,28-2,9-21
456,1610612754,2020-02-27,East,59,35,24,0.59,21-10,14-14
457,1610612751,2020-02-27,East,57,26,31,0.46,16-13,10-18
458,1610612753,2020-02-27,East,58,26,32,0.45,15-14,11-18
459,1610612764,2020-02-27,East,57,21,36,0.37,14-15,7-21
460,1610612766,2020-02-27,East,58,20,38,0.34,9-18,11-20
461,1610612741,2020-02-27,East,59,20,39,0.34,12-19,8-20
462,1610612765,2020-02-27,East,60,19,41,0.32,11-20,8-21
463,1610612739,2020-02-27,East,58,17,41,0.29,9-22,8-19
464,1610612752,2020-02-27,East,59,17,42,0.29,8-20,9-22
465,1610612737,2020-02-27,East,60,17,43,0.28,11-18,6-25
466,1610612749,2020-02-26,East,58,50,8,0.86,26-3,24-5
467,1610612761,2020-02-26,East,58,42,16,0.72,23-8,19-8
468,1610612738,2020-02-26,East,58,41,17,0.71,23-5,18-12
469,1610612748,2020-02-26,East,58,36,22,0.62,23-4,13-18
470,1610612755,2020-02-26,East,59,36,23,0.61,27-2,9-21
471,1610612754,2020-02-26,East,58,34,24,0.59,20-10,14-14
472,1610612751,2020-02-26,East,57,26,31,0.46,16-13,10-18
473,1610612753,2020-02-26,East,58,26,32,0.45,15-14,11-18
474,1610612764,2020-02-26,East,57,21,36,0.37,14-15,7-21
475,1610612766,2020-02-26,East,58,20,38,0.34,9-18,11-20
476,1610612741,2020-02-26,East,59,20,39,0.34,12-19,8-20
477,1610612765,2020-02-26,East,60,19,41,0.32,11-20,8-21
478,1610612739,2020-02-26,East,58,17,41,0.29,9-22,8-19
479,1610612752,2020-02-26,East,58,17,41,0.29,8-20,9-21
480,1610612737,2020-02-26,East,60,17,43,0.28,11-18,6-25
481,1610612749,2020-02-25,East,58,50,8,0.86,26-3,24-5
482,1610612761,2020-02-25,East,58,42,16,0.72,23-8,19-8
483,1610612738,2020-02-25,East,57,40,17,0.7,23-5,17-12
484,1610612748,2020-02-25,East,57,36,21,0.63,23-3,13-18
485,1610612755,2020-02-25,East,58,36,22,0.62,27-2,9-20
486,1610612754,2020-02-25,East,58,34,24,0.59,20-10,14-14
487,1610612751,2020-02-25,East,56,26,30,0.46,16-13,10-17
488,1610612753,2020-02-25,East,57,25,32,0.44,15-14,10-18
489,1610612764,2020-02-25,East,56,20,36,0.36,13-15,7-21
490,1610612741,2020-02-25,East,59,20,39,0.34,12-19,8-20
491,1610612766,2020-02-25,East,57,19,38,0.33,8-18,11-20
492,1610612765,2020-02-25,East,60,19,41,0.32,11-20,8-21
493,1610612752,2020-02-25,East,57,17,40,0.3,8-20,9-20
494,1610612737,2020-02-25,East,59,17,42,0.29,11-17,6-25
495,1610612739,2020-02-25,East,57,16,41,0.28,8-22,8-19
496,1610612749,2020-02-24,East,57,49,8,0.86,26-3,23-5
497,1610612761,2020-02-24,East,57,42,15,0.74,23-7,19-8
498,1610612738,2020-02-24,East,56,39,17,0.7,23-5,16-12
499,1610612748,2020-02-24,East,57,36,21,0.63,23-3,13-18
500,1610612755,2020-02-24,East,58,36,22,0.62,27-2,9-20
501,1610612754,2020-02-24,East,57,33,24,0.58,19-10,14-14
502,1610612751,2020-02-24,East,56,26,30,0.46,16-13,10-17
503,1610612753,2020-02-24,East,57,25,32,0.44,15-14,10-18
504,1610612764,2020-02-24,East,56,20,36,0.36,13-15,7-21
505,1610612741,2020-02-24,East,58,20,38,0.34,12-18,8-20
506,1610612766,2020-02-24,East,56,19,37,0.34,8-18,11-19
507,1610612765,2020-02-24,East,59,19,40,0.32,11-20,8-20
508,1610612752,2020-02-24,East,57,17,40,0.3,8-20,9-20
509,1610612737,2020-02-24,East,59,17,42,0.29,11-17,6-25
510,1610612739,2020-02-24,East,57,16,41,0.28,8-22,8-19
511,1610612749,2020-02-23,East,56,48,8,0.86,26-3,22-5
512,1610612761,2020-02-23,East,57,42,15,0.74,23-7,19-8
513,1610612738,2020-02-23,East,56,39,17,0.7,23-5,16-12
514,1610612748,2020-02-23,East,56,36,20,0.64,23-3,13-17
515,1610612755,2020-02-23,East,57,35,22,0.61,26-2,9-20
516,1610612754,2020-02-23,East,57,33,24,0.58,19-10,14-14
517,1610612751,2020-02-23,East,55,26,29,0.47,16-12,10-17
518,1610612753,2020-02-23,East,56,24,32,0.43,15-14,9-18
519,1610612764,2020-02-23,East,55,20,35,0.36,13-14,7-21
520,1610612741,2020-02-23,East,58,20,38,0.34,12-18,8-20
521,1610612766,2020-02-23,East,56,19,37,0.34,8-18,11-19
522,1610612765,2020-02-23,East,59,19,40,0.32,11-20,8-20
523,1610612752,2020-02-23,East,56,17,39,0.3,8-20,9-19
524,1610612737,2020-02-23,East,58,17,41,0.29,11-17,6-24
525,1610612739,2020-02-23,East,56,15,41,0.27,7-22,8-19
526,1610612749,2020-02-22,East,56,48,8,0.86,26-3,22-5
527,1610612761,2020-02-22,East,56,41,15,0.73,22-7,19-8
528,1610612738,2020-02-22,East,55,39,16,0.71,23-5,16-11
529,1610612748,2020-02-22,East,56,36,20,0.64,23-3,13-17
530,1610612755,2020-02-22,East,57,35,22,0.61,26-2,9-20
531,1610612754,2020-02-22,East,56,33,23,0.59,19-10,14-13
532,1610612751,2020-02-22,East,55,26,29,0.47,16-12,10-17
533,1610612753,2020-02-22,East,56,24,32,0.43,15-14,9-18
534,1610612764,2020-02-22,East,54,20,34,0.37,13-14,7-20
535,1610612766,2020-02-22,East,56,19,37,0.34,8-18,11-19
536,1610612741,2020-02-22,East,57,19,38,0.33,11-18,8-20
537,1610612765,2020-02-22,East,58,19,39,0.33,11-20,8-19
538,1610612752,2020-02-22,East,56,17,39,0.3,8-20,9-19
539,1610612737,2020-02-22,East,58,17,41,0.29,11-17,6-24
540,1610612739,2020-02-22,East,56,15,41,0.27,7-22,8-19
541,1610612749,2020-02-21,East,55,47,8,0.85,25-3,22-5
542,1610612761,2020-02-21,East,56,41,15,0.73,22-7,19-8
543,1610612738,2020-02-21,East,55,39,16,0.71,23-5,16-11
544,1610612748,2020-02-21,East,55,35,20,0.64,22-3,13-17
545,1610612755,2020-02-21,East,56,35,21,0.63,26-2,9-19
546,1610612754,2020-02-21,East,56,33,23,0.59,19-10,14-13
547,1610612751,2020-02-21,East,54,25,29,0.46,16-12,9-17
548,1610612753,2020-02-21,East,56,24,32,0.43,15-14,9-18
549,1610612764,2020-02-21,East,54,20,34,0.37,13-14,7-20
550,1610612766,2020-02-21,East,55,19,36,0.35,8-17,11-19
551,1610612741,2020-02-21,East,56,19,37,0.34,11-17,8-20
552,1610612765,2020-02-21,East,58,19,39,0.33,11-20,8-19
553,1610612752,2020-02-21,East,56,17,39,0.3,8-20,9-19
554,1610612737,2020-02-21,East,57,16,41,0.28,10-17,6-24
555,1610612739,2020-02-21,East,55,15,40,0.27,7-22,8-18
556,1610612749,2020-02-20,East,55,47,8,0.85,25-3,22-5
557,1610612761,2020-02-20,East,55,40,15,0.73,21-7,19-8
558,1610612738,2020-02-20,East,54,38,16,0.7,23-5,15-11
559,1610612748,2020-02-20,East,55,35,20,0.64,22-3,13-17
560,1610612755,2020-02-20,East,56,35,21,0.63,26-2,9-19
561,1610612754,2020-02-20,East,55,32,23,0.58,19-10,13-13
562,1610612751,2020-02-20,East,54,25,29,0.46,16-12,9-17
563,1610612753,2020-02-20,East,55,24,31,0.44,15-13,9-18
564,1610612764,2020-02-20,East,53,20,33,0.38,13-13,7-20
565,1610612766,2020-02-20,East,55,19,36,0.35,8-17,11-19
566,1610612741,2020-02-20,East,56,19,37,0.34,11-17,8-20
567,1610612765,2020-02-20,East,58,19,39,0.33,11-20,8-19
568,1610612752,2020-02-20,East,55,17,38,0.31,8-19,9-19
569,1610612737,2020-02-20,East,57,16,41,0.28,10-17,6-24
570,1610612739,2020-02-20,East,54,14,40,0.26,7-22,7-18
571,1610612749,2020-02-19,East,54,46,8,0.85,25-3,21-5
572,1610612761,2020-02-19,East,55,40,15,0.73,21-7,19-8
573,1610612738,2020-02-19,East,54,38,16,0.7,23-5,15-11
574,1610612748,2020-02-19,East,54,35,19,0.65,22-3,13-16
575,1610612755,2020-02-19,East,55,34,21,0.62,25-2,9-19
576,1610612754,2020-02-19,East,55,32,23,0.58,19-10,13-13
577,1610612751,2020-02-19,East,53,25,28,0.47,16-12,9-16
578,1610612753,2020-02-19,East,55,24,31,0.44,15-13,9-18
579,1610612764,2020-02-19,East,53,20,33,0.38,13-13,7-20
580,1610612741,2020-02-19,East,55,19,36,0.35,11-16,8-20
581,1610612765,2020-02-19,East,57,19,38,0.33,11-19,8-19
582,1610612766,2020-02-19,East,54,18,36,0.33,8-17,10-19
583,1610612752,2020-02-19,East,55,17,38,0.31,8-19,9-19
584,1610612737,2020-02-19,East,56,15,41,0.27,9-17,6-24
585,1610612739,2020-02-19,East,54,14,40,0.26,7-22,7-18
586,1610612749,2020-02-18,East,54,46,8,0.85,25-3,21-5
587,1610612761,2020-02-18,East,55,40,15,0.73,21-7,19-8
588,1610612738,2020-02-18,East,54,38,16,0.7,23-5,15-11
589,1610612748,2020-02-18,East,54,35,19,0.65,22-3,13-16
590,1610612755,2020-02-18,East,55,34,21,0.62,25-2,9-19
591,1610612754,2020-02-18,East,55,32,23,0.58,19-10,13-13
592,1610612751,2020-02-18,East,53,25,28,0.47,16-12,9-16
593,1610612753,2020-02-18,East,55,24,31,0.44,15-13,9-18
594,1610612764,2020-02-18,East,53,20,33,0.38,13-13,7-20
595,1610612741,2020-02-18,East,55,19,36,0.35,11-16,8-20
596,1610612765,2020-02-18,East,57,19,38,0.33,11-19,8-19
597,1610612766,2020-02-18,East,54,18,36,0.33,8-17,10-19
598,1610612752,2020-02-18,East,55,17,38,0.31,8-19,9-19
599,1610612737,2020-02-18,East,56,15,41,0.27,9-17,6-24
600,1610612739,2020-02-18,East,54,14,40,0.26,7-22,7-18
601,1610612749,2020-02-17,East,54,46,8,0.85,25-3,21-5
602,1610612761,2020-02-17,East,55,40,15,0.73,21-7,19-8
603,1610612738,2020-02-17,East,54,38,16,0.7,23-5,15-11
604,1610612748,2020-02-17,East,54,35,19,0.65,22-3,13-16
605,1610612755,2020-02-17,East,55,34,21,0.62,25-2,9-19
606,1610612754,2020-02-17,East,55,32,23,0.58,19-10,13-13
607,1610612751,2020-02-17,East,53,25,28,0.47,16-12,9-16
608,1610612753,2020-02-17,East,55,24,31,0.44,15-13,9-18
609,1610612764,2020-02-17,East,53,20,33,0.38,13-13,7-20
610,1610612741,2020-02-17,East,55,19,36,0.35,11-16,8-20
611,1610612765,2020-02-17,East,57,19,38,0.33,11-19,8-19
612,1610612766,2020-02-17,East,54,18,36,0.33,8-17,10-19
613,1610612752,2020-02-17,East,55,17,38,0.31,8-19,9-19
614,1610612737,2020-02-17,East,56,15,41,0.27,9-17,6-24
615,1610612739,2020-02-17,East,54,14,40,0.26,7-22,7-18
616,1610612749,2020-02-16,East,54,46,8,0.85,25-3,21-5
617,1610612761,2020-02-16,East,55,40,15,0.73,21-7,19-8
618,1610612738,2020-02-16,East,54,38,16,0.7,23-5,15-11
619,1610612748,2020-02-16,East,54,35,19,0.65,22-3,13-16
620,1610612755,2020-02-16,East,55,34,21,0.62,25-2,9-19
621,1610612754,2020-02-16,East,55,32,23,0.58,19-10,13-13
622,1610612751,2020-02-16,East,53,25,28,0.47,16-12,9-16
623,1610612753,2020-02-16,East,55,24,31,0.44,15-13,9-18
624,1610612764,2020-02-16,East,53,20,33,0.38,13-13,7-20
625,1610612741,2020-02-16,East,55,19,36,0.35,11-16,8-20
626,1610612765,2020-02-16,East,57,19,38,0.33,11-19,8-19
627,1610612766,2020-02-16,East,54,18,36,0.33,8-17,10-19
628,1610612752,2020-02-16,East,55,17,38,0.31,8-19,9-19
629,1610612737,2020-02-16,East,56,15,41,0.27,9-17,6-24
630,1610612739,2020-02-16,East,54,14,40,0.26,7-22,7-18
631,1610612749,2020-02-15,East,54,46,8,0.85,25-3,21-5
632,1610612761,2020-02-15,East,55,40,15,0.73,21-7,19-8
633,1610612738,2020-02-15,East,54,38,16,0.7,23-5,15-11
634,1610612748,2020-02-15,East,54,35,19,0.65,22-3,13-16
635,1610612755,2020-02-15,East,55,34,21,0.62,25-2,9-19
636,1610612754,2020-02-15,East,55,32,23,0.58,19-10,13-13
637,1610612751,2020-02-15,East,53,25,28,0.47,16-12,9-16
638,1610612753,2020-02-15,East,55,24,31,0.44,15-13,9-18
639,1610612764,2020-02-15,East,53,20,33,0.38,13-13,7-20
640,1610612741,2020-02-15,East,55,19,36,0.35,11-16,8-20
641,1610612765,2020-02-15,East,57,19,38,0.33,11-19,8-19
642,1610612766,2020-02-15,East,54,18,36,0.33,8-17,10-19
643,1610612752,2020-02-15,East,55,17,38,0.31,8-19,9-19
644,1610612737,2020-02-15,East,56,15,41,0.27,9-17,6-24
645,1610612739,2020-02-15,East,54,14,40,0.26,7-22,7-18
646,1610612749,2020-02-14,East,54,46,8,0.85,25-3,21-5
647,1610612761,2020-02-14,East,55,40,15,0.73,21-7,19-8
648,1610612738,2020-02-14,East,54,38,16,0.7,23-5,15-11
649,1610612748,2020-02-14,East,54,35,19,0.65,22-3,13-16
650,1610612755,2020-02-14,East,55,34,21,0.62,25-2,9-19
651,1610612754,2020-02-14,East,55,32,23,0.58,19-10,13-13
652,1610612751,2020-02-14,East,53,25,28,0.47,16-12,9-16
653,1610612753,2020-02-14,East,55,24,31,0.44,15-13,9-18
654,1610612764,2020-02-14,East,53,20,33,0.38,13-13,7-20
655,1610612741,2020-02-14,East,55,19,36,0.35,11-16,8-20
656,1610612765,2020-02-14,East,57,19,38,0.33,11-19,8-19
657,1610612766,2020-02-14,East,54,18,36,0.33,8-17,10-19
658,1610612752,2020-02-14,East,55,17,38,0.31,8-19,9-19
659,1610612737,2020-02-14,East,56,15,41,0.27,9-17,6-24
660,1610612739,2020-02-14,East,54,14,40,0.26,7-22,7-18
661,1610612749,2020-02-13,East,54,46,8,0.85,25-3,21-5
662,1610612761,2020-02-13,East,55,40,15,0.73,21-7,19-8
663,1610612738,2020-02-13,East,54,38,16,0.7,23-5,15-11
664,1610612748,2020-02-13,East,54,35,19,0.65,22-3,13-16
665,1610612755,2020-02-13,East,55,34,21,0.62,25-2,9-19
666,1610612754,2020-02-13,East,55,32,23,0.58,19-10,13-13
667,1610612751,2020-02-13,East,53,25,28,0.47,16-12,9-16
668,1610612753,2020-02-13,East,55,24,31,0.44,15-13,9-18
669,1610612764,2020-02-13,East,53,20,33,0.38,13-13,7-20
670,1610612741,2020-02-13,East,55,19,36,0.35,11-16,8-20
671,1610612765,2020-02-13,East,57,19,38,0.33,11-19,8-19
672,1610612766,2020-02-13,East,54,18,36,0.33,8-17,10-19
673,1610612752,2020-02-13,East,55,17,38,0.31,8-19,9-19
674,1610612737,2020-02-13,East,56,15,41,0.27,9-17,6-24
675,1610612739,2020-02-13,East,54,14,40,0.26,7-22,7-18
676,1610612749,2020-02-12,East,54,46,8,0.85,25-3,21-5
677,1610612761,2020-02-12,East,55,40,15,0.73,21-7,19-8
678,1610612738,2020-02-12,East,53,37,16,0.7,22-5,15-11
679,1610612748,2020-02-12,East,54,35,19,0.65,22-3,13-16
680,1610612755,2020-02-12,East,55,34,21,0.62,25-2,9-19
681,1610612754,2020-02-12,East,55,32,23,0.58,19-10,13-13
682,1610612751,2020-02-12,East,53,25,28,0.47,16-12,9-16
683,1610612753,2020-02-12,East,55,24,31,0.44,15-13,9-18
684,1610612764,2020-02-12,East,53,20,33,0.38,13-13,7-20
685,1610612741,2020-02-12,East,55,19,36,0.35,11-16,8-20
686,1610612765,2020-02-12,East,57,19,38,0.33,11-19,8-19
687,1610612766,2020-02-12,East,54,18,36,0.33,8-17,10-19
688,1610612752,2020-02-12,East,55,17,38,0.31,8-19,9-19
689,1610612737,2020-02-12,East,56,15,41,0.27,9-17,6-24
690,1610612739,2020-02-12,East,54,14,40,0.26,7-22,7-18
691,1610612749,2020-02-11,East,53,46,7,0.87,25-3,21-4
692,1610612761,2020-02-11,East,54,40,14,0.74,21-7,19-7
693,1610612738,2020-02-11,East,53,37,16,0.7,22-5,15-11
694,1610612748,2020-02-11,East,53,35,18,0.66,22-3,13-15
695,1610612755,2020-02-11,East,55,34,21,0.62,25-2,9-19
696,1610612754,2020-02-11,East,54,31,23,0.57,18-10,13-13
697,1610612751,2020-02-11,East,52,24,28,0.46,15-12,9-16
698,1610612753,2020-02-11,East,54,23,31,0.43,14-13,9-18
699,1610612764,2020-02-11,East,52,19,33,0.37,13-13,6-20
700,1610612741,2020-02-11,East,55,19,36,0.35,11-16,8-20
701,1610612765,2020-02-11,East,56,19,37,0.34,11-19,8-18
702,1610612766,2020-02-11,East,53,17,36,0.32,8-17,9-19
703,1610612752,2020-02-11,East,54,17,37,0.31,8-18,9-19
704,1610612737,2020-02-11,East,55,15,40,0.27,9-17,6-23
705,1610612739,2020-02-11,East,53,13,40,0.25,6-22,7-18
706,1610612749,2020-02-10,East,53,46,7,0.87,25-3,21-4
707,1610612761,2020-02-10,East,54,40,14,0.74,21-7,19-7
708,1610612738,2020-02-10,East,52,37,15,0.71,22-5,15-10
709,1610612748,2020-02-10,East,53,35,18,0.66,22-3,13-15
710,1610612755,2020-02-10,East,54,33,21,0.61,24-2,9-19
711,1610612754,2020-02-10,East,54,31,23,0.57,18-10,13-13
712,1610612751,2020-02-10,East,52,24,28,0.46,15-12,9-16
713,1610612753,2020-02-10,East,54,23,31,0.43,14-13,9-18
714,1610612764,2020-02-10,East,51,18,33,0.35,12-13,6-20
715,1610612741,2020-02-10,East,54,19,35,0.35,11-16,8-19
716,1610612765,2020-02-10,East,56,19,37,0.34,11-19,8-18
717,1610612766,2020-02-10,East,53,17,36,0.32,8-17,9-19
718,1610612752,2020-02-10,East,54,17,37,0.31,8-18,9-19
719,1610612737,2020-02-10,East,55,15,40,0.27,9-17,6-23
720,1610612739,2020-02-10,East,53,13,40,0.25,6-22,7-18
721,1610612749,2020-02-09,East,52,45,7,0.87,24-3,21-4
722,1610612761,2020-02-09,East,53,39,14,0.74,20-7,19-7
723,1610612738,2020-02-09,East,52,37,15,0.71,22-5,15-10
724,1610612748,2020-02-09,East,52,34,18,0.65,22-3,12-15
725,1610612755,2020-02-09,East,54,33,21,0.61,24-2,9-19
726,1610612754,2020-02-09,East,53,31,22,0.58,18-9,13-13
727,1610612751,2020-02-09,East,51,23,28,0.45,15-12,8-16
728,1610612753,2020-02-09,East,53,22,31,0.42,13-13,9-18
729,1610612764,2020-02-09,East,51,18,33,0.35,12-13,6-20
730,1610612741,2020-02-09,East,54,19,35,0.35,11-16,8-19
731,1610612765,2020-02-09,East,55,19,36,0.35,11-18,8-18
732,1610612752,2020-02-09,East,54,17,37,0.31,8-18,9-19
733,1610612766,2020-02-09,East,52,16,36,0.31,8-17,8-19
734,1610612737,2020-02-09,East,54,15,39,0.28,9-17,6-22
735,1610612739,2020-02-09,East,53,13,40,0.25,6-22,7-18
736,1610612749,2020-02-08,East,52,45,7,0.87,24-3,21-4
737,1610612761,2020-02-08,East,53,39,14,0.74,20-7,19-7
738,1610612738,2020-02-08,East,51,36,15,0.71,22-5,14-10
739,1610612748,2020-02-08,East,51,34,17,0.67,22-3,12-14
740,1610612755,2020-02-08,East,53,32,21,0.6,23-2,9-19
741,1610612754,2020-02-08,East,53,31,22,0.58,18-9,13-13
742,1610612751,2020-02-08,East,51,23,28,0.45,15-12,8-16
743,1610612753,2020-02-08,East,53,22,31,0.42,13-13,9-18
744,1610612764,2020-02-08,East,50,18,32,0.36,12-12,6-20
745,1610612741,2020-02-08,East,53,19,34,0.36,11-16,8-18
746,1610612765,2020-02-08,East,55,19,36,0.35,11-18,8-18
747,1610612752,2020-02-08,East,53,17,36,0.32,8-18,9-18
748,1610612766,2020-02-08,East,52,16,36,0.31,8-17,8-19
749,1610612737,2020-02-08,East,53,14,39,0.26,8-17,6-22
750,1610612739,2020-02-08,East,52,13,39,0.25,6-21,7-18
751,1610612749,2020-02-07,East,51,44,7,0.86,24-3,20-4
752,1610612761,2020-02-07,East,52,38,14,0.73,19-7,19-7
753,1610612738,2020-02-07,East,51,36,15,0.71,22-5,14-10
754,1610612748,2020-02-07,East,51,34,17,0.67,22-3,12-14
755,1610612755,2020-02-07,East,53,32,21,0.6,23-2,9-19
756,1610612754,2020-02-07,East,52,31,21,0.6,18-8,13-13
757,1610612751,2020-02-07,East,50,23,27,0.46,15-12,8-15
758,1610612753,2020-02-07,East,52,22,30,0.42,13-12,9-18
759,1610612764,2020-02-07,East,50,18,32,0.36,12-12,6-20
760,1610612741,2020-02-07,East,53,19,34,0.36,11-16,8-18
761,1610612765,2020-02-07,East,54,19,35,0.35,11-17,8-18
762,1610612766,2020-02-07,East,51,16,35,0.31,8-16,8-19
763,1610612752,2020-02-07,East,52,16,36,0.31,8-18,8-18
764,1610612737,2020-02-07,East,53,14,39,0.26,8-17,6-22
765,1610612739,2020-02-07,East,52,13,39,0.25,6-21,7-18
766,1610612749,2020-02-06,East,51,44,7,0.86,24-3,20-4
767,1610612761,2020-02-06,East,51,37,14,0.73,19-7,18-7
768,1610612738,2020-02-06,East,50,35,15,0.7,21-5,14-10
769,1610612748,2020-02-06,East,50,34,16,0.68,22-3,12-13
770,1610612754,2020-02-06,East,51,31,20,0.61,18-7,13-13
771,1610612755,2020-02-06,East,52,31,21,0.6,22-2,9-19
772,1610612751,2020-02-06,East,50,23,27,0.46,15-12,8-15
773,1610612753,2020-02-06,East,52,22,30,0.42,13-12,9-18
774,1610612741,2020-02-06,East,53,19,34,0.36,11-16,8-18
775,1610612765,2020-02-06,East,53,19,34,0.36,11-17,8-17
776,1610612764,2020-02-06,East,49,17,32,0.35,11-12,6-20
777,1610612766,2020-02-06,East,51,16,35,0.31,8-16,8-19
778,1610612752,2020-02-06,East,52,16,36,0.31,8-18,8-18
779,1610612737,2020-02-06,East,52,14,38,0.27,8-17,6-21
780,1610612739,2020-02-06,East,52,13,39,0.25,6-21,7-18
781,1610612749,2020-02-05,East,50,43,7,0.86,23-3,20-4
782,1610612761,2020-02-05,East,51,37,14,0.73,19-7,18-7
783,1610612738,2020-02-05,East,50,35,15,0.7,21-5,14-10
784,1610612748,2020-02-05,East,50,34,16,0.68,22-3,12-13
785,1610612754,2020-02-05,East,51,31,20,0.61,18-7,13-13
786,1610612755,2020-02-05,East,51,31,20,0.61,22-2,9-18
787,1610612751,2020-02-05,East,50,23,27,0.46,15-12,8-15
788,1610612753,2020-02-05,East,51,22,29,0.43,13-12,9-17
789,1610612741,2020-02-05,East,52,19,33,0.37,11-15,8-18
790,1610612765,2020-02-05,East,53,19,34,0.36,11-17,8-17
791,1610612764,2020-02-05,East,49,17,32,0.35,11-12,6-20
792,1610612766,2020-02-05,East,51,16,35,0.31,8-16,8-19
793,1610612752,2020-02-05,East,51,15,36,0.29,7-18,8-18
794,1610612737,2020-02-05,East,52,14,38,0.27,8-17,6-21
795,1610612739,2020-02-05,East,52,13,39,0.25,6-21,7-18
796,1610612749,2020-02-04,East,50,43,7,0.86,23-3,20-4
797,1610612761,2020-02-04,East,50,36,14,0.72,18-7,18-7
798,1610612738,2020-02-04,East,49,34,15,0.69,20-5,14-10
799,1610612748,2020-02-04,East,49,34,15,0.69,22-3,12-12
800,1610612754,2020-02-04,East,50,31,19,0.62,18-7,13-12
801,1610612755,2020-02-04,East,51,31,20,0.61,22-2,9-18
802,1610612751,2020-02-04,East,49,22,27,0.45,14-12,8-15
803,1610612753,2020-02-04,East,50,22,28,0.44,13-12,9-16
804,1610612741,2020-02-04,East,52,19,33,0.37,11-15,8-18
805,1610612764,2020-02-04,East,49,17,32,0.35,11-12,6-20
806,1610612765,2020-02-04,East,52,18,34,0.35,10-17,8-17
807,1610612766,2020-02-04,East,51,16,35,0.31,8-16,8-19
808,1610612752,2020-02-04,East,51,15,36,0.29,7-18,8-18
809,1610612737,2020-02-04,East,51,13,38,0.25,8-17,5-21
810,1610612739,2020-02-04,East,51,13,38,0.25,6-21,7-17
811,1610612747,2020-02-03,West,48,37,11,0.77,16-6,21-5
812,1610612746,2020-02-03,West,50,35,15,0.7,21-5,14-10
813,1610612743,2020-02-03,West,50,34,16,0.68,19-6,15-10
814,1610612762,2020-02-03,West,49,32,17,0.65,18-4,14-13
815,1610612745,2020-02-03,West,49,31,18,0.63,17-7,14-11
816,1610612742,2020-02-03,West,50,31,19,0.62,14-12,17-7
817,1610612760,2020-02-03,West,50,30,20,0.6,15-10,15-10
818,1610612763,2020-02-03,West,50,25,25,0.5,15-13,10-12
819,1610612757,2020-02-03,West,50,23,27,0.46,13-11,10-16
820,1610612759,2020-02-03,West,49,22,27,0.45,14-12,8-15
821,1610612740,2020-02-03,West,50,20,30,0.4,10-15,10-15
822,1610612756,2020-02-03,West,50,20,30,0.4,9-17,11-13
823,1610612758,2020-02-03,West,50,19,31,0.38,9-15,10-16
824,1610612750,2020-02-03,West,49,15,34,0.31,6-18,9-16
825,1610612744,2020-02-03,West,51,12,39,0.24,7-17,5-22
826,1610612747,2020-02-02,West,48,37,11,0.77,16-6,21-5
827,1610612746,2020-02-02,West,49,34,15,0.69,20-5,14-10
828,1610612743,2020-02-02,West,50,34,16,0.68,19-6,15-10
829,1610612762,2020-02-02,West,49,32,17,0.65,18-4,14-13
830,1610612745,2020-02-02,West,49,31,18,0.63,17-7,14-11
831,1610612742,2020-02-02,West,49,30,19,0.61,14-12,16-7
832,1610612760,2020-02-02,West,50,30,20,0.6,15-10,15-10
833,1610612763,2020-02-02,West,49,24,25,0.49,14-13,10-12
834,1610612757,2020-02-02,West,50,23,27,0.46,13-11,10-16
835,1610612759,2020-02-02,West,48,22,26,0.46,14-12,8-14
836,1610612756,2020-02-02,West,49,20,29,0.41,9-17,11-12
837,1610612740,2020-02-02,West,50,20,30,0.4,10-15,10-15
838,1610612758,2020-02-02,West,49,18,31,0.37,8-15,10-16
839,1610612750,2020-02-02,West,48,15,33,0.31,6-18,9-15
840,1610612744,2020-02-02,West,50,11,39,0.22,7-17,4-22
841,1610612747,2020-02-01,West,48,37,11,0.77,16-6,21-5
842,1610612743,2020-02-01,West,49,34,15,0.69,19-6,15-9
843,1610612746,2020-02-01,West,49,34,15,0.69,20-5,14-10
844,1610612762,2020-02-01,West,49,32,17,0.65,18-4,14-13
845,1610612745,2020-02-01,West,48,30,18,0.63,16-7,14-11
846,1610612742,2020-02-01,West,49,30,19,0.61,14-12,16-7
847,1610612760,2020-02-01,West,50,30,20,0.6,15-10,15-10
848,1610612763,2020-02-01,West,49,24,25,0.49,14-13,10-12
849,1610612757,2020-02-01,West,50,23,27,0.46,13-11,10-16
850,1610612759,2020-02-01,West,48,22,26,0.46,14-12,8-14
851,1610612756,2020-02-01,West,48,20,28,0.42,9-17,11-11
852,1610612740,2020-02-01,West,49,20,29,0.41,10-15,10-14
853,1610612758,2020-02-01,West,49,18,31,0.37,8-15,10-16
854,1610612750,2020-02-01,West,48,15,33,0.31,6-18,9-15
855,1610612744,2020-02-01,West,50,11,39,0.22,7-17,4-22
856,1610612747,2020-01-31,West,47,36,11,0.77,16-6,20-5
857,1610612743,2020-01-31,West,49,34,15,0.69,19-6,15-9
858,1610612746,2020-01-31,West,48,33,15,0.69,19-5,14-10
859,1610612762,2020-01-31,West,48,32,16,0.67,18-4,14-12
860,1610612745,2020-01-31,West,48,30,18,0.63,16-7,14-11
861,1610612742,2020-01-31,West,48,29,19,0.6,13-12,16-7
862,1610612760,2020-01-31,West,50,30,20,0.6,15-10,15-10
863,1610612763,2020-01-31,West,49,24,25,0.49,14-13,10-12
864,1610612757,2020-01-31,West,49,22,27,0.45,12-11,10-16
865,1610612759,2020-01-31,West,47,21,26,0.45,13-12,8-14
866,1610612756,2020-01-31,West,48,20,28,0.42,9-17,11-11
867,1610612740,2020-01-31,West,49,20,29,0.41,10-15,10-14
868,1610612758,2020-01-31,West,48,18,30,0.38,8-14,10-16
869,1610612750,2020-01-31,West,47,15,32,0.32,6-18,9-14
870,1610612744,2020-01-31,West,49,10,39,0.2,7-17,3-22
871,1610612747,2020-01-30,West,46,36,10,0.78,16-5,20-5
872,1610612743,2020-01-30,West,48,33,15,0.69,19-6,14-9
873,1610612746,2020-01-30,West,48,33,15,0.69,19-5,14-10
874,1610612762,2020-01-30,West,48,32,16,0.67,18-4,14-12
875,1610612742,2020-01-30,West,47,29,18,0.62,13-12,16-6
876,1610612745,2020-01-30,West,47,29,18,0.62,15-7,14-11
877,1610612760,2020-01-30,West,49,29,20,0.59,15-10,14-10
878,1610612763,2020-01-30,West,48,24,24,0.5,14-13,10-11
879,1610612759,2020-01-30,West,47,21,26,0.45,13-12,8-14
880,1610612757,2020-01-30,West,48,21,27,0.44,12-11,9-16
881,1610612756,2020-01-30,West,47,20,27,0.43,9-16,11-11
882,1610612740,2020-01-30,West,48,19,29,0.4,9-15,10-14
883,1610612758,2020-01-30,West,48,18,30,0.38,8-14,10-16
884,1610612750,2020-01-30,West,47,15,32,0.32,6-18,9-14
885,1610612744,2020-01-30,West,49,10,39,0.2,7-17,3-22
886,1610612747,2020-01-29,West,46,36,10,0.78,16-5,20-5
887,1610612746,2020-01-29,West,47,33,14,0.7,19-4,14-10
888,1610612743,2020-01-29,West,47,32,15,0.68,18-6,14-9
889,1610612762,2020-01-29,West,47,32,15,0.68,18-4,14-11
890,1610612742,2020-01-29,West,47,29,18,0.62,13-12,16-6
891,1610612745,2020-01-29,West,47,29,18,0.62,15-7,14-11
892,1610612760,2020-01-29,West,49,29,20,0.59,15-10,14-10
893,1610612763,2020-01-29,West,48,24,24,0.5,14-13,10-11
894,1610612759,2020-01-29,West,47,21,26,0.45,13-12,8-14
895,1610612757,2020-01-29,West,48,21,27,0.44,12-11,9-16
896,1610612756,2020-01-29,West,47,20,27,0.43,9-16,11-11
897,1610612740,2020-01-29,West,48,19,29,0.4,9-15,10-14
898,1610612758,2020-01-29,West,47,17,30,0.36,8-14,9-16
899,1610612750,2020-01-29,West,47,15,32,0.32,6-18,9-14
900,1610612744,2020-01-29,West,48,10,38,0.21,7-17,3-21
901,1610612749,2020-02-03,East,49,42,7,0.86,23-3,19-4
902,1610612761,2020-02-03,East,50,36,14,0.72,18-7,18-7
903,1610612738,2020-02-03,East,49,34,15,0.69,20-5,14-10
904,1610612748,2020-02-03,East,49,34,15,0.69,22-3,12-12
905,1610612754,2020-02-03,East,50,31,19,0.62,18-7,13-12
906,1610612755,2020-02-03,East,51,31,20,0.61,22-2,9-18
907,1610612751,2020-02-03,East,49,22,27,0.45,14-12,8-15
908,1610612753,2020-02-03,East,50,22,28,0.44,13-12,9-16
909,1610612741,2020-02-03,East,52,19,33,0.37,11-15,8-18
910,1610612764,2020-02-03,East,49,17,32,0.35,11-12,6-20
911,1610612765,2020-02-03,East,52,18,34,0.35,10-17,8-17
912,1610612766,2020-02-03,East,50,16,34,0.32,8-16,8-18
913,1610612752,2020-02-03,East,51,15,36,0.29,7-18,8-18
914,1610612737,2020-02-03,East,51,13,38,0.25,8-17,5-21
915,1610612739,2020-02-03,East,51,13,38,0.25,6-21,7-17
916,1610612749,2020-02-02,East,49,42,7,0.86,23-3,19-4
917,1610612761,2020-02-02,East,50,36,14,0.72,18-7,18-7
918,1610612738,2020-02-02,East,48,33,15,0.69,20-5,13-10
919,1610612748,2020-02-02,East,48,33,15,0.69,21-3,12-12
920,1610612754,2020-02-02,East,49,31,18,0.63,18-6,13-12
921,1610612755,2020-02-02,East,50,31,19,0.62,22-2,9-17
922,1610612751,2020-02-02,East,48,21,27,0.44,13-12,8-15
923,1610612753,2020-02-02,East,49,21,28,0.43,13-12,8-16
924,1610612741,2020-02-02,East,52,19,33,0.37,11-15,8-18
925,1610612764,2020-02-02,East,48,17,31,0.35,11-11,6-20
926,1610612765,2020-02-02,East,51,18,33,0.35,10-17,8-16
927,1610612766,2020-02-02,East,49,16,33,0.33,8-15,8-18
928,1610612752,2020-02-02,East,50,14,36,0.28,7-18,7-18
929,1610612737,2020-02-02,East,50,13,37,0.26,8-16,5-21
930,1610612739,2020-02-02,East,50,13,37,0.26,6-20,7-17
931,1610612749,2020-02-01,East,48,41,7,0.85,22-3,19-4
932,1610612761,2020-02-01,East,49,35,14,0.71,17-7,18-7
933,1610612738,2020-02-01,East,48,33,15,0.69,20-5,13-10
934,1610612748,2020-02-01,East,48,33,15,0.69,21-3,12-12
935,1610612754,2020-02-01,East,49,31,18,0.63,18-6,13-12
936,1610612755,2020-02-01,East,50,31,19,0.62,22-2,9-17
937,1610612751,2020-02-01,East,48,21,27,0.44,13-12,8-15
938,1610612753,2020-02-01,East,49,21,28,0.43,13-12,8-16
939,1610612741,2020-02-01,East,51,19,32,0.37,11-15,8-17
940,1610612764,2020-02-01,East,48,17,31,0.35,11-11,6-20
941,1610612765,2020-02-01,East,50,17,33,0.34,9-17,8-16
942,1610612766,2020-02-01,East,49,16,33,0.33,8-15,8-18
943,1610612752,2020-02-01,East,50,14,36,0.28,7-18,7-18
944,1610612737,2020-02-01,East,50,13,37,0.26,8-16,5-21
945,1610612739,2020-02-01,East,50,13,37,0.26,6-20,7-17
946,1610612749,2020-01-31,East,48,41,7,0.85,22-3,19-4
947,1610612761,2020-01-31,East,49,35,14,0.71,17-7,18-7
948,1610612738,2020-01-31,East,47,32,15,0.68,19-5,13-10
949,1610612748,2020-01-31,East,47,32,15,0.68,21-3,11-12
950,1610612754,2020-01-31,East,48,31,17,0.65,18-5,13-12
951,1610612755,2020-01-31,East,49,31,18,0.63,22-2,9-16
952,1610612751,2020-01-31,East,47,21,26,0.45,13-12,8-14
953,1610612753,2020-01-31,East,48,21,27,0.44,13-11,8-16
954,1610612741,2020-01-31,East,51,19,32,0.37,11-15,8-17
955,1610612765,2020-01-31,East,50,17,33,0.34,9-17,8-16
956,1610612764,2020-01-31,East,47,16,31,0.34,10-11,6-20
957,1610612766,2020-01-31,East,48,16,32,0.33,8-15,8-17
958,1610612737,2020-01-31,East,49,13,36,0.27,8-16,5-20
959,1610612739,2020-01-31,East,49,13,36,0.27,6-19,7-17
960,1610612752,2020-01-31,East,49,13,36,0.27,7-18,6-18
961,1610612749,2020-01-30,East,47,41,6,0.87,22-2,19-4
962,1610612761,2020-01-30,East,48,34,14,0.71,17-7,17-7
963,1610612738,2020-01-30,East,47,32,15,0.68,19-5,13-10
964,1610612748,2020-01-30,East,47,32,15,0.68,21-3,11-12
965,1610612754,2020-01-30,East,48,31,17,0.65,18-5,13-12
966,1610612755,2020-01-30,East,49,31,18,0.63,22-2,9-16
967,1610612753,2020-01-30,East,48,21,27,0.44,13-11,8-16
968,1610612751,2020-01-30,East,46,20,26,0.43,12-12,8-14
969,1610612741,2020-01-30,East,50,19,31,0.38,11-15,8-16
970,1610612765,2020-01-30,East,49,17,32,0.35,9-16,8-16
971,1610612764,2020-01-30,East,47,16,31,0.34,10-11,6-20
972,1610612766,2020-01-30,East,48,16,32,0.33,8-15,8-17
973,1610612737,2020-01-30,East,49,13,36,0.27,8-16,5-20
974,1610612739,2020-01-30,East,49,13,36,0.27,6-19,7-17
975,1610612752,2020-01-30,East,49,13,36,0.27,7-18,6-18
976,1610612749,2020-01-29,East,47,41,6,0.87,22-2,19-4
977,1610612761,2020-01-29,East,47,33,14,0.7,17-7,16-7
978,1610612748,2020-01-29,East,47,32,15,0.68,21-3,11-12
979,1610612738,2020-01-29,East,46,31,15,0.67,18-5,13-10
980,1610612754,2020-01-29,East,48,31,17,0.65,18-5,13-12
981,1610612755,2020-01-29,East,48,31,17,0.65,22-2,9-15
982,1610612753,2020-01-29,East,48,21,27,0.44,13-11,8-16
983,1610612751,2020-01-29,East,46,20,26,0.43,12-12,8-14
984,1610612741,2020-01-29,East,50,19,31,0.38,11-15,8-16
985,1610612765,2020-01-29,East,49,17,32,0.35,9-16,8-16
986,1610612766,2020-01-29,East,47,16,31,0.34,8-15,8-16
987,1610612764,2020-01-29,East,46,15,31,0.33,9-11,6-20
988,1610612739,2020-01-29,East,48,13,35,0.27,6-18,7-17
989,1610612752,2020-01-29,East,49,13,36,0.27,7-18,6-18
990,1610612737,2020-01-29,East,48,12,36,0.25,7-16,5-20
991,1610612747,2020-01-28,West,46,36,10,0.78,16-5,20-5
992,1610612746,2020-01-28,West,47,33,14,0.7,19-4,14-10
993,1610612762,2020-01-28,West,46,32,14,0.7,18-4,14-10
994,1610612743,2020-01-28,West,47,32,15,0.68,18-6,14-9
995,1610612745,2020-01-28,West,46,29,17,0.63,15-7,14-10
996,1610612742,2020-01-28,West,47,29,18,0.62,13-12,16-6
997,1610612760,2020-01-28,West,48,28,20,0.58,15-10,13-10
998,1610612763,2020-01-28,West,47,23,24,0.49,14-13,9-11
999,1610612759,2020-01-28,West,46,20,26,0.43,12-12,8-14
1000,1610612756,2020-01-28,West,47,20,27,0.43,9-16,11-11
